-- MySQL dump 10.13  Distrib 5.1.73, for redhat-linux-gnu (x86_64)
--
-- Host: localhost    Database: o2gym
-- ------------------------------------------------------
-- Server version	5.1.73

/*!40101 SET @OLD_CHARACTER_SET_CLIENT=@@CHARACTER_SET_CLIENT */;
/*!40101 SET @OLD_CHARACTER_SET_RESULTS=@@CHARACTER_SET_RESULTS */;
/*!40101 SET @OLD_COLLATION_CONNECTION=@@COLLATION_CONNECTION */;
/*!40101 SET NAMES utf8 */;
/*!40103 SET @OLD_TIME_ZONE=@@TIME_ZONE */;
/*!40103 SET TIME_ZONE='+00:00' */;
/*!40014 SET @OLD_UNIQUE_CHECKS=@@UNIQUE_CHECKS, UNIQUE_CHECKS=0 */;
/*!40014 SET @OLD_FOREIGN_KEY_CHECKS=@@FOREIGN_KEY_CHECKS, FOREIGN_KEY_CHECKS=0 */;
/*!40101 SET @OLD_SQL_MODE=@@SQL_MODE, SQL_MODE='NO_AUTO_VALUE_ON_ZERO' */;
/*!40111 SET @OLD_SQL_NOTES=@@SQL_NOTES, SQL_NOTES=0 */;

--
-- Table structure for table `auth_group`
--

DROP TABLE IF EXISTS `auth_group`;
/*!40101 SET @saved_cs_client     = @@character_set_client */;
/*!40101 SET character_set_client = utf8 */;
CREATE TABLE `auth_group` (
  `id` int(11) NOT NULL AUTO_INCREMENT,
  `name` varchar(80) NOT NULL,
  PRIMARY KEY (`id`),
  UNIQUE KEY `name` (`name`)
) ENGINE=InnoDB DEFAULT CHARSET=utf8;
/*!40101 SET character_set_client = @saved_cs_client */;

--
-- Dumping data for table `auth_group`
--

LOCK TABLES `auth_group` WRITE;
/*!40000 ALTER TABLE `auth_group` DISABLE KEYS */;
/*!40000 ALTER TABLE `auth_group` ENABLE KEYS */;
UNLOCK TABLES;

--
-- Table structure for table `auth_group_permissions`
--

DROP TABLE IF EXISTS `auth_group_permissions`;
/*!40101 SET @saved_cs_client     = @@character_set_client */;
/*!40101 SET character_set_client = utf8 */;
CREATE TABLE `auth_group_permissions` (
  `id` int(11) NOT NULL AUTO_INCREMENT,
  `group_id` int(11) NOT NULL,
  `permission_id` int(11) NOT NULL,
  PRIMARY KEY (`id`),
  UNIQUE KEY `group_id` (`group_id`,`permission_id`),
  KEY `auth_group__permission_id_1f49ccbbdc69d2fc_fk_auth_permission_id` (`permission_id`),
  CONSTRAINT `auth_group_permission_group_id_689710a9a73b7457_fk_auth_group_id` FOREIGN KEY (`group_id`) REFERENCES `auth_group` (`id`),
  CONSTRAINT `auth_group__permission_id_1f49ccbbdc69d2fc_fk_auth_permission_id` FOREIGN KEY (`permission_id`) REFERENCES `auth_permission` (`id`)
) ENGINE=InnoDB DEFAULT CHARSET=utf8;
/*!40101 SET character_set_client = @saved_cs_client */;

--
-- Dumping data for table `auth_group_permissions`
--

LOCK TABLES `auth_group_permissions` WRITE;
/*!40000 ALTER TABLE `auth_group_permissions` DISABLE KEYS */;
/*!40000 ALTER TABLE `auth_group_permissions` ENABLE KEYS */;
UNLOCK TABLES;

--
-- Table structure for table `auth_permission`
--

DROP TABLE IF EXISTS `auth_permission`;
/*!40101 SET @saved_cs_client     = @@character_set_client */;
/*!40101 SET character_set_client = utf8 */;
CREATE TABLE `auth_permission` (
  `id` int(11) NOT NULL AUTO_INCREMENT,
  `name` varchar(255) DEFAULT NULL,
  `content_type_id` int(11) NOT NULL,
  `codename` varchar(100) NOT NULL,
  PRIMARY KEY (`id`),
  UNIQUE KEY `content_type_id` (`content_type_id`,`codename`),
  CONSTRAINT `auth__content_type_id_508cf46651277a81_fk_django_content_type_id` FOREIGN KEY (`content_type_id`) REFERENCES `django_content_type` (`id`)
) ENGINE=InnoDB AUTO_INCREMENT=94 DEFAULT CHARSET=utf8;
/*!40101 SET character_set_client = @saved_cs_client */;

--
-- Dumping data for table `auth_permission`
--

LOCK TABLES `auth_permission` WRITE;
/*!40000 ALTER TABLE `auth_permission` DISABLE KEYS */;
INSERT INTO `auth_permission` VALUES (1,'Can add log entry',1,'add_logentry'),(2,'Can change log entry',1,'change_logentry'),(3,'Can delete log entry',1,'delete_logentry'),(4,'Can add permission',2,'add_permission'),(5,'Can change permission',2,'change_permission'),(6,'Can delete permission',2,'delete_permission'),(7,'Can add group',3,'add_group'),(8,'Can change group',3,'change_group'),(9,'Can delete group',3,'delete_group'),(10,'Can add user',4,'add_user'),(11,'Can change user',4,'change_user'),(12,'Can delete user',4,'delete_user'),(13,'Can add content type',5,'add_contenttype'),(14,'Can change content type',5,'change_contenttype'),(15,'Can delete content type',5,'delete_contenttype'),(16,'Can add session',6,'add_session'),(17,'Can change session',6,'change_session'),(18,'Can delete session',6,'delete_session'),(19,'Can add recommend',7,'add_recommend'),(20,'Can change recommend',7,'change_recommend'),(21,'Can delete recommend',7,'delete_recommend'),(22,'Can add user',8,'add_user'),(23,'Can change user',8,'change_user'),(24,'Can delete user',8,'delete_user'),(25,'Can add time line',9,'add_timeline'),(26,'Can change time line',9,'change_timeline'),(27,'Can delete time line',9,'delete_timeline'),(28,'Can add working days',10,'add_workingdays'),(29,'Can change working days',10,'change_workingdays'),(30,'Can delete working days',10,'delete_workingdays'),(31,'Can add weibo',11,'add_weibo'),(32,'Can change weibo',11,'change_weibo'),(33,'Can delete weibo',11,'delete_weibo'),(34,'Can add long weibo',12,'add_longweibo'),(35,'Can change long weibo',12,'change_longweibo'),(36,'Can delete long weibo',12,'delete_longweibo'),(37,'Can add images',13,'add_images'),(38,'Can change images',13,'change_images'),(39,'Can delete images',13,'delete_images'),(40,'Can add order',14,'add_order'),(41,'Can change order',14,'change_order'),(42,'Can delete order',14,'delete_order'),(43,'Can add product',15,'add_product'),(44,'Can change product',15,'change_product'),(45,'Can delete product',15,'delete_product'),(46,'Can add course',16,'add_course'),(47,'Can change course',16,'change_course'),(48,'Can delete course',16,'delete_course'),(49,'Can add gym',17,'add_gym'),(50,'Can change gym',17,'change_gym'),(51,'Can delete gym',17,'delete_gym'),(52,'Can add schedule',18,'add_schedule'),(53,'Can change schedule',18,'change_schedule'),(54,'Can delete schedule',18,'delete_schedule'),(55,'Can add body eval',19,'add_bodyeval'),(56,'Can change body eval',19,'change_bodyeval'),(57,'Can delete body eval',19,'delete_bodyeval'),(58,'Can add body eval options',20,'add_bodyevaloptions'),(59,'Can change body eval options',20,'change_bodyevaloptions'),(60,'Can delete body eval options',20,'delete_bodyevaloptions'),(61,'Can add train',21,'add_train'),(62,'Can change train',21,'change_train'),(63,'Can delete train',21,'delete_train'),(64,'Can add sms',22,'add_sms'),(65,'Can change sms',22,'change_sms'),(66,'Can delete sms',22,'delete_sms'),(67,'Can add workout categeory',23,'add_workoutcategeory'),(68,'Can change workout categeory',23,'change_workoutcategeory'),(69,'Can delete workout categeory',23,'delete_workoutcategeory'),(70,'Can add workout action',24,'add_workoutaction'),(71,'Can change workout action',24,'change_workoutaction'),(72,'Can delete workout action',24,'delete_workoutaction'),(73,'Can add apn service',25,'add_apnservice'),(74,'Can change apn service',25,'change_apnservice'),(75,'Can delete apn service',25,'delete_apnservice'),(76,'Can add notification',26,'add_notification'),(77,'Can change notification',26,'change_notification'),(78,'Can delete notification',26,'delete_notification'),(79,'Can add device',27,'add_device'),(80,'Can change device',27,'change_device'),(81,'Can delete device',27,'delete_device'),(82,'Can add feedback service',28,'add_feedbackservice'),(83,'Can change feedback service',28,'change_feedbackservice'),(84,'Can delete feedback service',28,'delete_feedbackservice'),(85,'Can add gym fee',29,'add_gymfee'),(86,'Can change gym fee',29,'change_gymfee'),(87,'Can delete gym fee',29,'delete_gymfee'),(88,'Can add coach salary setting',30,'add_coachsalarysetting'),(89,'Can change coach salary setting',30,'change_coachsalarysetting'),(90,'Can delete coach salary setting',30,'delete_coachsalarysetting'),(91,'Can add feed back',31,'add_feedback'),(92,'Can change feed back',31,'change_feedback'),(93,'Can delete feed back',31,'delete_feedback');
/*!40000 ALTER TABLE `auth_permission` ENABLE KEYS */;
UNLOCK TABLES;

--
-- Table structure for table `auth_user`
--

DROP TABLE IF EXISTS `auth_user`;
/*!40101 SET @saved_cs_client     = @@character_set_client */;
/*!40101 SET character_set_client = utf8 */;
CREATE TABLE `auth_user` (
  `id` int(11) NOT NULL AUTO_INCREMENT,
  `password` varchar(128) NOT NULL,
  `last_login` datetime DEFAULT NULL,
  `is_superuser` tinyint(1) NOT NULL,
  `username` varchar(30) NOT NULL,
  `first_name` varchar(30) NOT NULL,
  `last_name` varchar(30) NOT NULL,
  `email` varchar(254) DEFAULT NULL,
  `is_staff` tinyint(1) NOT NULL,
  `is_active` tinyint(1) NOT NULL,
  `date_joined` datetime NOT NULL,
  PRIMARY KEY (`id`),
  UNIQUE KEY `username` (`username`)
) ENGINE=InnoDB AUTO_INCREMENT=40 DEFAULT CHARSET=utf8;
/*!40101 SET character_set_client = @saved_cs_client */;

--
-- Dumping data for table `auth_user`
--

LOCK TABLES `auth_user` WRITE;
/*!40000 ALTER TABLE `auth_user` DISABLE KEYS */;
INSERT INTO `auth_user` VALUES (1,'pbkdf2_sha256$20000$YaqEzoAYu9wH$8OzrmcuwJvbSd9WOQO6HuuVhDw69o/d1IU8X507E4S8=',NULL,0,'alex','','','',0,1,'2015-09-04 10:39:58'),(2,'pbkdf2_sha256$20000$qttSFSe3PKPt$fGQ3+Ph4DKtSKcRPcogSX7CQfdeZiesHfdGZtfW/INs=',NULL,0,'royn','','','',0,1,'2015-09-04 10:39:58'),(9,'pbkdf2_sha256$20000$BfKDIGYJLxqd$yPIYFi5tUJ8Ptgj4m0vT0gTHitblcGjlkDnHxhrlDgY=','2015-11-05 15:24:06',0,'18612261069','','','',0,1,'2015-09-18 10:12:06'),(10,'pbkdf2_sha256$20000$B6UuhyZfYR8b$EUUZ+JhG7OwNjEIo5Xcju1frcDWZJT6qOUUKnSnaV+o=',NULL,0,'18311286007','','','',0,1,'2015-09-21 06:15:56'),(13,'pbkdf2_sha256$20000$Ocw12nsRrX8o$lKJq8QQM4fUBhPe4iX+VSst3qvlVS/OitIAGFQKvR18=',NULL,0,'18910107363','','','',0,1,'2015-11-06 08:28:47'),(14,'pbkdf2_sha256$20000$ETMRXrpYeSE8$LK2Fe7wZvzT+mEiyCUlEEatEQmaJ4S4qIOC9e1wJ0EY=',NULL,0,'18911022201','','','',0,1,'2015-11-25 07:22:12'),(15,'pbkdf2_sha256$20000$PWsRyd2tMR4D$ys/6wFexv/Kq8d/wJ1or/NoZswMbfAi3V2gcTea+N68=',NULL,0,'13811746955','','','',0,1,'2015-11-26 07:32:01'),(16,'pbkdf2_sha256$20000$KY7XFWV8NiMF$oBzEArPPfkgS2R0SU3CQcL4Td63hxC6Ko6N3aqQ2G+U=',NULL,0,'18510628227','','','',0,1,'2015-11-28 14:43:53'),(17,'pbkdf2_sha256$20000$nYTfC7c7eSt5$EE0L0qBSlbqHa2eufT9wceHf6ZuV26INdfVntNnydZE=',NULL,0,'18518339004','','','',0,1,'2015-11-29 05:32:35'),(18,'pbkdf2_sha256$20000$ly7LQH7YqUmo$v6IZLZczku8IXjrib+ekueZ0rL2BLZdVAUfj9kLvfuQ=',NULL,0,'18612290728','','','',0,1,'2015-11-30 00:33:01'),(19,'pbkdf2_sha256$20000$dQfzM7TwdlZE$di1EsKkGswqe6eoOuRypGTKF7poEcUDv9K5Ls3gyQAE=',NULL,0,'13681586987','','','',0,1,'2015-12-01 05:24:17'),(20,'pbkdf2_sha256$20000$ZQhg6QZeVz2f$RbLKPNColFpmeTmdXu3Ti5ocnUnTx/dN65vQWEDeBAg=',NULL,0,'18210231292','','','',0,1,'2015-12-01 05:24:34'),(21,'pbkdf2_sha256$20000$ttmd5U5TBFkV$eiCBoAgmQyXg3iXX+OHbc+wD5l0d6ZNGHtPzCeojOTA=',NULL,0,'18910978597','','','',0,1,'2015-12-04 07:05:21'),(22,'pbkdf2_sha256$20000$KGyuco9317RG$vPWDkTZp/Ojfcfc0ESOEeIETIoc8Wc8jUyKh9vSLA2o=',NULL,0,'18511452610','','','',0,1,'2015-12-08 05:49:48'),(23,'pbkdf2_sha256$20000$mjEeG8xbFyRL$eGxZAzA8U/w50RwWb5MN9xYlUciMF8HTpNUMVy27S+M=',NULL,0,'13505758345','','','',0,1,'2015-12-14 12:26:36'),(24,'pbkdf2_sha256$20000$ehXqofmhQObR$CXqdZT5VFhdVj6siZQboQAiugS0x/+a75WR9bjPn6nc=',NULL,0,'13611059727','','','',0,1,'2015-12-18 06:08:44'),(25,'pbkdf2_sha256$20000$uGunTtcyOHvU$iYI9bBqZECg6Lifr3IgaWOVg/FZLx4kaXcCHMO2Q4Ec=',NULL,0,'18514569443','','','',0,1,'2015-12-18 06:49:56'),(26,'pbkdf2_sha256$20000$MTIpKqwqyALi$HoOM11sFk/0idqdfLPldtNyzhKEGHE/5RiYh0Rc25K0=',NULL,0,'18511840588','','','',0,1,'2015-12-18 07:27:10'),(27,'pbkdf2_sha256$20000$fqQTpW8ePXca$+/6axr06IpvsHd180KiJD/QMzbbJ9ijrtjqniWK1Y/Q=',NULL,0,'18611126091','','','',0,1,'2015-12-18 07:29:43'),(28,'pbkdf2_sha256$20000$IWZmDYjIan6K$623o4ppjb0mXEV2ZPifCZHWXAM8wEo4Crogitx3mYlE=',NULL,0,'18331155935','','','',0,1,'2015-12-20 07:09:01'),(29,'pbkdf2_sha256$20000$vv3Sk9I3OckP$QS/wxWGIClGeeWuON39Ughi6keX6hhsV6OIybTBcOHY=',NULL,0,'18210338561','','','',0,1,'2016-01-02 13:00:30'),(30,'pbkdf2_sha256$20000$MYiDFTTmesAc$cg0p1h0WX7QmPeCfVMw/bqPdDRHzVv4sxhM96ZgAbps=',NULL,0,'13601053511','','','',0,1,'2016-01-03 07:14:23'),(31,'!yVbDDmXJDiAT41lpCF2nuEJw4xb2ugz6UmuiM65m',NULL,0,'18329477103','','','',0,1,'2016-01-03 07:15:51'),(32,'!IccEzGUudp25m6kcloEFoJVEhD6QYDRjIpnvGyWZ',NULL,0,'18810838436','','','',0,1,'2016-01-03 07:18:27'),(33,'pbkdf2_sha256$20000$Lxnn1cBvHb4H$sJDmyOwDTb+2daNHONyKZ5/2P9R7V2rl90WjO5M1CBs=',NULL,0,'18674047199','','','',0,1,'2016-01-03 07:19:13'),(34,'!u7IA0BA6rUHYVFEyXpwIColJ9ocxRP00lcmrI4yP',NULL,0,'15101047247','','','',0,1,'2016-01-03 07:19:14'),(35,'pbkdf2_sha256$20000$MMtRS0FhOowO$y2292TBMEpAIGExB5HInAKbWDWdxwNV5P6+O5rkwIkk=',NULL,0,'13701263248','','','',0,1,'2016-01-04 06:03:50'),(36,'pbkdf2_sha256$20000$ouCBJ3GI2jq5$gr4XDvICos6rFmTRvBuQEId07MtpeBQdt5Pw5/INhLo=',NULL,0,'18601395898','','','',0,1,'2016-01-04 07:11:10'),(37,'pbkdf2_sha256$20000$pFwQh3cxk6xY$KHztIug5wga8pOOGQNDu2WHxQRPgvrdaP5Z39XNsT04=',NULL,0,'18810660982','','','',0,1,'2016-02-01 05:25:48'),(38,'pbkdf2_sha256$20000$AEV6nRcCKRcC$v/PH1ZzG4J+GG9nq7NuD4pm61Kj8Ghd/OC9qADM8cKA=',NULL,0,'18782488646','','','',0,1,'2016-02-04 18:02:09'),(39,'!XnmBgVkoeqcRJNraxytmQrBksYbv7woadWtZwPsW',NULL,0,'15201441199','','','',0,1,'2016-02-15 12:53:58');
/*!40000 ALTER TABLE `auth_user` ENABLE KEYS */;
UNLOCK TABLES;

--
-- Table structure for table `auth_user_groups`
--

DROP TABLE IF EXISTS `auth_user_groups`;
/*!40101 SET @saved_cs_client     = @@character_set_client */;
/*!40101 SET character_set_client = utf8 */;
CREATE TABLE `auth_user_groups` (
  `id` int(11) NOT NULL AUTO_INCREMENT,
  `user_id` int(11) NOT NULL,
  `group_id` int(11) NOT NULL,
  PRIMARY KEY (`id`),
  UNIQUE KEY `user_id` (`user_id`,`group_id`),
  KEY `auth_user_groups_group_id_33ac548dcf5f8e37_fk_auth_group_id` (`group_id`),
  CONSTRAINT `auth_user_groups_group_id_33ac548dcf5f8e37_fk_auth_group_id` FOREIGN KEY (`group_id`) REFERENCES `auth_group` (`id`),
  CONSTRAINT `auth_user_groups_user_id_4b5ed4ffdb8fd9b0_fk_auth_user_id` FOREIGN KEY (`user_id`) REFERENCES `auth_user` (`id`)
) ENGINE=InnoDB DEFAULT CHARSET=utf8;
/*!40101 SET character_set_client = @saved_cs_client */;

--
-- Dumping data for table `auth_user_groups`
--

LOCK TABLES `auth_user_groups` WRITE;
/*!40000 ALTER TABLE `auth_user_groups` DISABLE KEYS */;
/*!40000 ALTER TABLE `auth_user_groups` ENABLE KEYS */;
UNLOCK TABLES;

--
-- Table structure for table `auth_user_user_permissions`
--

DROP TABLE IF EXISTS `auth_user_user_permissions`;
/*!40101 SET @saved_cs_client     = @@character_set_client */;
/*!40101 SET character_set_client = utf8 */;
CREATE TABLE `auth_user_user_permissions` (
  `id` int(11) NOT NULL AUTO_INCREMENT,
  `user_id` int(11) NOT NULL,
  `permission_id` int(11) NOT NULL,
  PRIMARY KEY (`id`),
  UNIQUE KEY `user_id` (`user_id`,`permission_id`),
  KEY `auth_user_u_permission_id_384b62483d7071f0_fk_auth_permission_id` (`permission_id`),
  CONSTRAINT `auth_user_user_permissi_user_id_7f0938558328534a_fk_auth_user_id` FOREIGN KEY (`user_id`) REFERENCES `auth_user` (`id`),
  CONSTRAINT `auth_user_u_permission_id_384b62483d7071f0_fk_auth_permission_id` FOREIGN KEY (`permission_id`) REFERENCES `auth_permission` (`id`)
) ENGINE=InnoDB DEFAULT CHARSET=utf8;
/*!40101 SET character_set_client = @saved_cs_client */;

--
-- Dumping data for table `auth_user_user_permissions`
--

LOCK TABLES `auth_user_user_permissions` WRITE;
/*!40000 ALTER TABLE `auth_user_user_permissions` DISABLE KEYS */;
/*!40000 ALTER TABLE `auth_user_user_permissions` ENABLE KEYS */;
UNLOCK TABLES;

--
-- Table structure for table `business_bodyeval`
--

DROP TABLE IF EXISTS `business_bodyeval`;
/*!40101 SET @saved_cs_client     = @@character_set_client */;
/*!40101 SET character_set_client = utf8 */;
CREATE TABLE `business_bodyeval` (
  `id` int(11) NOT NULL AUTO_INCREMENT,
  `name` varchar(64) NOT NULL,
  `date` date NOT NULL,
  `option` varchar(64) NOT NULL,
  `value` varchar(64) NOT NULL,
  `unit` varchar(64) NOT NULL,
  `group` varchar(64) NOT NULL,
  PRIMARY KEY (`id`)
) ENGINE=InnoDB AUTO_INCREMENT=31 DEFAULT CHARSET=utf8;
/*!40101 SET character_set_client = @saved_cs_client */;

--
-- Dumping data for table `business_bodyeval`
--

LOCK TABLES `business_bodyeval` WRITE;
/*!40000 ALTER TABLE `business_bodyeval` DISABLE KEYS */;
INSERT INTO `business_bodyeval` VALUES (2,'alex','2015-09-14','身高','185','cm','1.基础信息'),(3,'alex','2015-09-14','体重','192','kg','1.基础信息'),(4,'alex','2015-09-14','胸围','356','cm','1.基础信息'),(5,'alex','2015-09-14','身高','134','cm','1.基础信息'),(6,'alex','2015-09-14','体重','246','kg','1.基础信息'),(7,'alex','2015-09-14','胸围','789','cm','1.基础信息'),(8,'alex','2015-09-14','身高','190','cm','1.基础信息'),(9,'alex','2015-09-14','体重','190','kg','1.基础信息'),(10,'alex','2015-09-14','胸围','190','cm','1.基础信息'),(11,'royn','2015-09-16','身高','180','cm','1.基础信息'),(12,'royn','2015-09-16','体重','75','kg','1.基础信息'),(13,'royn','2015-09-16','胸围','100','cm','1.基础信息'),(14,'18612261069','2015-09-18','身高','180','cm','1.基础信息'),(15,'18612261069','2015-09-18','体重','20','kg','1.基础信息'),(16,'18612261069','2015-09-18','胸围','110','cm','1.基础信息'),(17,'18612261069','2015-10-23','身高','180','cm','1.基础信息'),(18,'18612261069','2015-10-23','体重','180','kg','1.基础信息'),(19,'18612261069','2015-10-23','胸围','10','cm','1.基础信息'),(20,'18910107363','2015-10-28','身高','176','cm','1.基础信息'),(21,'18910107363','2015-10-28','体重','68','kg','1.基础信息'),(22,'18910107363','2015-10-28','胸围','95','cm','1.基础信息'),(23,'18612261069','2015-10-31','身高','180','cm','1.基础信息'),(24,'18612261069','2015-10-31','体重','80','kg','1.基础信息'),(25,'18612261069','2015-10-31','胸围','192','cm','1.基础信息'),(26,'18612261069','2015-11-03','体重','1','kg','1.基础信息'),(27,'18612261069','2015-11-03','胸围','1','cm','1.基础信息'),(28,'18612261069','2015-11-03','身高','1','cm','1.基础信息'),(29,'18612261069','2015-11-03','身高','190','cm','1.基础信息'),(30,'18612261069','2015-11-03','身高','190','cm','1.基础信息');
/*!40000 ALTER TABLE `business_bodyeval` ENABLE KEYS */;
UNLOCK TABLES;

--
-- Table structure for table `business_bodyevaloptions`
--

DROP TABLE IF EXISTS `business_bodyevaloptions`;
/*!40101 SET @saved_cs_client     = @@character_set_client */;
/*!40101 SET character_set_client = utf8 */;
CREATE TABLE `business_bodyevaloptions` (
  `id` int(11) NOT NULL AUTO_INCREMENT,
  `option` varchar(64) NOT NULL,
  `unit` varchar(64) NOT NULL,
  `group` varchar(64) NOT NULL,
  PRIMARY KEY (`id`)
) ENGINE=InnoDB AUTO_INCREMENT=12 DEFAULT CHARSET=utf8;
/*!40101 SET character_set_client = @saved_cs_client */;

--
-- Dumping data for table `business_bodyevaloptions`
--

LOCK TABLES `business_bodyevaloptions` WRITE;
/*!40000 ALTER TABLE `business_bodyevaloptions` DISABLE KEYS */;
INSERT INTO `business_bodyevaloptions` VALUES (1,'身高','cm','1.基础信息'),(2,'体重','kg','1.基础信息'),(3,'胸围','cm','1.基础信息'),(4,'年龄','years','1.基础信息'),(5,'左臂围','cm','1.基础信息'),(6,'右臂围','cm','1.基础信息'),(7,'腰围','cm','1.基础信息'),(8,'臀围','cm','1.基础信息'),(9,'体脂肪','%','1.基础信息'),(10,'内脏脂肪含量','%','1.基础信息'),(11,'BMI','kg/㎡','1.基础信息');
/*!40000 ALTER TABLE `business_bodyevaloptions` ENABLE KEYS */;
UNLOCK TABLES;

--
-- Table structure for table `business_course`
--

DROP TABLE IF EXISTS `business_course`;
/*!40101 SET @saved_cs_client     = @@character_set_client */;
/*!40101 SET character_set_client = utf8 */;
CREATE TABLE `business_course` (
  `id` int(11) NOT NULL AUTO_INCREMENT,
  `title` varchar(32) NOT NULL,
  `brief` varchar(1024) NOT NULL,
  `price` int(11) NOT NULL,
  `pic` varchar(256) NOT NULL,
  `gym_id` varchar(32) NOT NULL,
  `recommand_p` int(11) DEFAULT NULL,
  `created` datetime NOT NULL,
  PRIMARY KEY (`id`),
  KEY `business_course_gym_id_6231e46bd5d73e27_fk_business_gym_name` (`gym_id`),
  CONSTRAINT `business_course_gym_id_6231e46bd5d73e27_fk_business_gym_name` FOREIGN KEY (`gym_id`) REFERENCES `business_gym` (`name`)
) ENGINE=InnoDB DEFAULT CHARSET=utf8;
/*!40101 SET character_set_client = @saved_cs_client */;

--
-- Dumping data for table `business_course`
--

LOCK TABLES `business_course` WRITE;
/*!40000 ALTER TABLE `business_course` DISABLE KEYS */;
/*!40000 ALTER TABLE `business_course` ENABLE KEYS */;
UNLOCK TABLES;

--
-- Table structure for table `business_course_coach`
--

DROP TABLE IF EXISTS `business_course_coach`;
/*!40101 SET @saved_cs_client     = @@character_set_client */;
/*!40101 SET character_set_client = utf8 */;
CREATE TABLE `business_course_coach` (
  `id` int(11) NOT NULL AUTO_INCREMENT,
  `course_id` int(11) NOT NULL,
  `user_id` int(11) NOT NULL,
  PRIMARY KEY (`id`),
  UNIQUE KEY `course_id` (`course_id`,`user_id`),
  KEY `business_course_coach_user_id_7076384118dff645_fk_usr_user_id` (`user_id`),
  CONSTRAINT `business_course_coach_user_id_7076384118dff645_fk_usr_user_id` FOREIGN KEY (`user_id`) REFERENCES `usr_user` (`id`),
  CONSTRAINT `business_course_course_id_4e7cdd921cc7b687_fk_business_course_id` FOREIGN KEY (`course_id`) REFERENCES `business_course` (`id`)
) ENGINE=InnoDB DEFAULT CHARSET=utf8;
/*!40101 SET character_set_client = @saved_cs_client */;

--
-- Dumping data for table `business_course_coach`
--

LOCK TABLES `business_course_coach` WRITE;
/*!40000 ALTER TABLE `business_course_coach` DISABLE KEYS */;
/*!40000 ALTER TABLE `business_course_coach` ENABLE KEYS */;
UNLOCK TABLES;

--
-- Table structure for table `business_course_student`
--

DROP TABLE IF EXISTS `business_course_student`;
/*!40101 SET @saved_cs_client     = @@character_set_client */;
/*!40101 SET character_set_client = utf8 */;
CREATE TABLE `business_course_student` (
  `id` int(11) NOT NULL AUTO_INCREMENT,
  `course_id` int(11) NOT NULL,
  `user_id` int(11) NOT NULL,
  PRIMARY KEY (`id`),
  UNIQUE KEY `course_id` (`course_id`,`user_id`),
  KEY `business_course_student_user_id_17e3eddcd0f75232_fk_usr_user_id` (`user_id`),
  CONSTRAINT `business_course_course_id_79a475568190c842_fk_business_course_id` FOREIGN KEY (`course_id`) REFERENCES `business_course` (`id`),
  CONSTRAINT `business_course_student_user_id_17e3eddcd0f75232_fk_usr_user_id` FOREIGN KEY (`user_id`) REFERENCES `usr_user` (`id`)
) ENGINE=InnoDB DEFAULT CHARSET=utf8;
/*!40101 SET character_set_client = @saved_cs_client */;

--
-- Dumping data for table `business_course_student`
--

LOCK TABLES `business_course_student` WRITE;
/*!40000 ALTER TABLE `business_course_student` DISABLE KEYS */;
/*!40000 ALTER TABLE `business_course_student` ENABLE KEYS */;
UNLOCK TABLES;

--
-- Table structure for table `business_gym`
--

DROP TABLE IF EXISTS `business_gym`;
/*!40101 SET @saved_cs_client     = @@character_set_client */;
/*!40101 SET character_set_client = utf8 */;
CREATE TABLE `business_gym` (
  `id` int(11) NOT NULL AUTO_INCREMENT,
  `name` varchar(32) NOT NULL,
  `introduction` varchar(1024) NOT NULL,
  `imgs` varchar(1024) NOT NULL,
  `recommand_p` int(11) DEFAULT NULL,
  `address` varchar(256) NOT NULL,
  `mapid` int(11) NOT NULL,
  `distance` int(11) NOT NULL,
  `location` varchar(32) NOT NULL,
  `phone` varchar(32) NOT NULL,
  PRIMARY KEY (`id`),
  UNIQUE KEY `name` (`name`)
) ENGINE=InnoDB AUTO_INCREMENT=19 DEFAULT CHARSET=utf8;
/*!40101 SET character_set_client = @saved_cs_client */;

--
-- Dumping data for table `business_gym`
--

LOCK TABLES `business_gym` WRITE;
/*!40000 ALTER TABLE `business_gym` DISABLE KEYS */;
INSERT INTO `business_gym` VALUES (1,'西山华府游泳健身会所','就具体的岗位来看，目前报名人数最多的岗位是上海边检总站的“边检站科员”一职，这个共招录30人的岗位，目前已吸引4624人报名。目前报名人数最多的前十大岗位，它们的报名人数都在1700人以上，除了上海边检，这些岗位还分别来自人社部、国管局、外交部、商务部、内蒙古地震局、广东出入境检验检疫局和商务部。','[\"https://dn-o2fit.qbox.me/5890690_131647681000_2.jpg\"]',NULL,'海淀区 马连洼 西山华府',1,0,'116.28113,40.03241','18612261069'),(2,'天秀花园健身房','地址在天秀花园哦','[\"https://dn-o2fit.qbox.me/5890690_131647681000_2.jpg\"]',NULL,'地址在天秀花园哦',2,0,'116.28113,40.03241','13581842301'),(3,'超氧健身工作室','','[]',NULL,'北京市朝阳区工人体育馆路南东北角',0,0,'','18311286007'),(4,'超氧气健身工作室','','[]',NULL,'北京市朝阳区工体北路东南角',0,0,'','18311286007'),(5,'北京氧气健身工作室','','[]',NULL,'北京市朝阳区工体北路',0,0,'','18311286007'),(6,'清风徐来','','[]',NULL,'丰台区',0,0,'','18911022201'),(7,'Lee\'s Gym','','[]',NULL,'北京市朝阳区工体北路西南角',0,0,'','13811746955'),(8,'耀动','','[]',NULL,'媒体村',0,0,'','18210231292'),(9,'HOT-fit','','[]',NULL,'浙江省绍兴市柯桥区',0,0,'','13505758345'),(10,'Bayamx主题健身工作室','','[]',NULL,'北京市海淀区豪柏国际公寓B2座1701',0,0,'','13611059727'),(12,'测试实施','','[]',NULL,'北京啊',0,0,'','123123'),(13,'北京氧气健身工作室万达分店','','[]',NULL,'北京市通州区万达广场',0,0,'','18311286007'),(14,'阳光游泳健身','','[]',NULL,'丰台区新年餐厅对面',0,0,'','18331155935'),(15,'AA加油站','','[]',NULL,'北京市朝阳区元大都遗址公园',0,0,'','18601395898'),(16,'UHUT','','[]',NULL,'北京市朝阳区阳光上东UHUT体验店',0,0,'','18601395898'),(17,'BayMAX主题健身工作室','','[]',NULL,'北京市海淀区豪柏国际公寓B2-1701',0,0,'','68710332'),(18,'氧健身','','[]',NULL,'豪柏大厦C1-1101',0,0,'','18600558837');
/*!40000 ALTER TABLE `business_gym` ENABLE KEYS */;
UNLOCK TABLES;

--
-- Table structure for table `business_gym_coaches`
--

DROP TABLE IF EXISTS `business_gym_coaches`;
/*!40101 SET @saved_cs_client     = @@character_set_client */;
/*!40101 SET character_set_client = utf8 */;
CREATE TABLE `business_gym_coaches` (
  `id` int(11) NOT NULL AUTO_INCREMENT,
  `gym_id` int(11) NOT NULL,
  `user_id` int(11) NOT NULL,
  PRIMARY KEY (`id`),
  UNIQUE KEY `gym_id` (`gym_id`,`user_id`),
  KEY `business_gym_coaches_user_id_72a6a6f0e91cbed2_fk_usr_user_id` (`user_id`),
  CONSTRAINT `business_gym_coaches_gym_id_60b407e2182c38fd_fk_business_gym_id` FOREIGN KEY (`gym_id`) REFERENCES `business_gym` (`id`),
  CONSTRAINT `business_gym_coaches_user_id_72a6a6f0e91cbed2_fk_usr_user_id` FOREIGN KEY (`user_id`) REFERENCES `usr_user` (`id`)
) ENGINE=InnoDB AUTO_INCREMENT=81 DEFAULT CHARSET=utf8;
/*!40101 SET character_set_client = @saved_cs_client */;

--
-- Dumping data for table `business_gym_coaches`
--

LOCK TABLES `business_gym_coaches` WRITE;
/*!40000 ALTER TABLE `business_gym_coaches` DISABLE KEYS */;
INSERT INTO `business_gym_coaches` VALUES (33,1,1),(36,2,30),(39,4,38),(40,4,39),(41,4,40),(42,5,8),(49,5,49),(55,5,75),(77,5,263),(45,6,48),(48,7,52),(51,8,62),(50,8,63),(52,8,70),(57,9,77),(58,10,83),(59,10,84),(61,10,86),(63,10,87),(73,10,88),(68,10,190),(75,10,233),(66,14,92),(70,15,240),(71,16,237),(78,18,97),(80,18,281);
/*!40000 ALTER TABLE `business_gym_coaches` ENABLE KEYS */;
UNLOCK TABLES;

--
-- Table structure for table `business_schedule`
--

DROP TABLE IF EXISTS `business_schedule`;
/*!40101 SET @saved_cs_client     = @@character_set_client */;
/*!40101 SET character_set_client = utf8 */;
CREATE TABLE `business_schedule` (
  `id` int(11) NOT NULL AUTO_INCREMENT,
  `date` date NOT NULL,
  `hour` int(11) NOT NULL,
  `comment` varchar(1024) NOT NULL,
  `feedback` varchar(1024) NOT NULL,
  `order_id` int(11) DEFAULT NULL,
  `coach_id` int(11) NOT NULL,
  `custom_id` int(11) NOT NULL,
  `created` datetime NOT NULL,
  `deleted` tinyint(1) NOT NULL,
  `done` tinyint(1) NOT NULL,
  `rate` int(11) DEFAULT NULL,
  `detail` text,
  PRIMARY KEY (`id`),
  KEY `business_schedule_order_id_1bf741cd6a5dc2a8_fk_order_order_id` (`order_id`),
  KEY `business_schedule_coach_id_1fb4f947da649052_fk_usr_user_id` (`coach_id`),
  KEY `business_schedule_custom_id_2c5d73d6ccce4c1a_fk_usr_user_id` (`custom_id`),
  KEY `date` (`date`),
  CONSTRAINT `business_schedule_coach_id_1fb4f947da649052_fk_usr_user_id` FOREIGN KEY (`coach_id`) REFERENCES `usr_user` (`id`),
  CONSTRAINT `business_schedule_custom_id_2c5d73d6ccce4c1a_fk_usr_user_id` FOREIGN KEY (`custom_id`) REFERENCES `usr_user` (`id`),
  CONSTRAINT `business_schedule_order_id_1bf741cd6a5dc2a8_fk_order_order_id` FOREIGN KEY (`order_id`) REFERENCES `order_order` (`id`)
) ENGINE=InnoDB AUTO_INCREMENT=3121 DEFAULT CHARSET=utf8;
/*!40101 SET character_set_client = @saved_cs_client */;

--
-- Dumping data for table `business_schedule`
--

LOCK TABLES `business_schedule` WRITE;
/*!40000 ALTER TABLE `business_schedule` DISABLE KEYS */;
INSERT INTO `business_schedule` VALUES (35,'2015-09-01',0,'很好的','',1,1,2,'2015-09-13 17:40:15',0,1,40,NULL),(39,'2015-09-02',20,'','',1,1,2,'2015-09-13 17:41:02',0,1,40,NULL),(40,'2015-09-03',2,'','',1,1,2,'2015-09-14 17:39:35',0,1,35,NULL),(44,'2015-09-09',0,'','',13,1,2,'2015-09-14 17:41:56',0,1,45,NULL),(46,'2015-09-10',0,'','',15,1,2,'2015-09-08 10:17:39',0,0,NULL,NULL),(47,'2015-09-11',2,'','',15,1,2,'2015-09-08 10:17:39',0,0,NULL,NULL),(48,'2015-09-09',2,'好评','',16,1,2,'2015-09-16 13:57:58',0,1,40,NULL),(49,'2015-09-10',8,'','',17,1,1,'2015-09-08 16:09:31',0,0,NULL,NULL),(50,'2015-09-23',11,'','',17,1,1,'2015-09-08 16:09:31',0,0,NULL,NULL),(51,'2015-09-24',13,'','',17,1,1,'2015-09-08 16:09:31',0,0,NULL,NULL),(53,'2015-09-24',18,'','',18,1,2,'2015-09-14 09:41:32',0,0,NULL,NULL),(54,'2015-09-25',7,'','',18,1,2,'2015-09-14 09:41:32',0,0,NULL,NULL),(55,'2015-09-30',2,'','',18,1,2,'2015-09-14 09:42:19',0,0,NULL,NULL),(56,'2015-09-17',3,'','',19,1,2,'2015-09-17 08:36:38',0,1,NULL,NULL),(57,'2015-09-22',2,'','',14,1,2,'2015-09-16 09:27:15',0,0,NULL,NULL),(58,'2015-09-17',12,'','',20,1,2,'2015-09-16 09:33:10',0,0,NULL,NULL),(60,'2015-09-23',8,'','',21,1,7,'2015-09-18 10:17:58',0,0,NULL,NULL),(64,'2015-09-20',6,'hahah','',21,1,1,'2015-09-27 04:35:27',0,1,NULL,NULL),(67,'2015-09-24',8,'','',22,1,7,'2015-09-18 13:01:41',0,0,NULL,NULL),(68,'2015-09-23',17,'','',22,1,7,'2015-09-18 13:01:41',0,0,NULL,NULL),(69,'2015-09-19',8,'挺好','',23,1,7,'2015-09-26 13:55:16',0,1,35,NULL),(70,'2015-09-22',17,'','',23,1,7,'2015-09-18 13:12:16',0,0,NULL,NULL),(71,'2015-09-26',24,'','',23,1,7,'2015-09-18 13:12:16',0,0,NULL,NULL),(72,'2015-09-20',0,'','',24,1,7,'2015-09-27 04:56:24',0,1,45,NULL),(73,'2015-09-23',1,'','',25,1,7,'2015-09-19 18:28:01',0,0,NULL,NULL),(74,'2015-09-23',6,'','',26,1,7,'2015-09-19 18:29:14',0,0,NULL,NULL),(75,'2015-09-23',21,'','',28,1,7,'2015-09-19 18:32:19',0,0,NULL,NULL),(76,'2015-09-25',2,'','',29,1,7,'2015-09-19 18:39:27',0,0,NULL,NULL),(77,'2015-09-24',2,'','',30,1,7,'2015-09-19 18:42:12',0,0,NULL,NULL),(78,'2015-09-24',21,'','',31,1,7,'2015-09-19 18:48:24',0,0,NULL,NULL),(79,'2015-09-25',12,'','',32,1,7,'2015-09-19 18:49:56',0,0,NULL,NULL),(80,'2015-09-24',6,'','',33,1,7,'2015-09-19 18:54:03',0,0,NULL,NULL),(81,'2015-09-22',21,'','',34,1,7,'2015-09-20 03:30:09',0,0,NULL,NULL),(82,'2015-09-23',13,'','',35,1,7,'2015-09-20 03:41:52',0,0,NULL,NULL),(83,'2015-09-24',23,'','',36,1,7,'2015-09-20 03:42:24',0,0,NULL,NULL),(84,'2015-09-24',16,'','',37,1,7,'2015-09-20 03:45:17',0,0,NULL,NULL),(85,'2015-09-24',11,'','',37,1,7,'2015-09-20 03:46:02',0,0,NULL,NULL),(86,'2015-09-23',15,'','',38,1,8,'2015-09-21 06:16:46',0,0,NULL,NULL),(87,'2015-09-25',3,'','',39,8,7,'2015-10-12 12:46:02',0,1,NULL,NULL),(88,'2015-09-23',12,'bang','',40,8,7,'2015-09-30 10:36:13',0,1,45,NULL),(89,'2015-09-25',22,'','',41,1,7,'2015-09-23 08:36:51',0,0,NULL,NULL),(90,'2015-09-25',18,'','',42,1,7,'2015-09-23 08:37:25',0,0,NULL,NULL),(91,'2015-09-25',20,'','',21,1,7,'2015-09-23 09:23:11',0,0,NULL,NULL),(92,'2015-09-25',15,'','',22,1,7,'2015-09-23 09:25:40',0,0,NULL,NULL),(93,'2015-09-25',10,'','',43,1,7,'2015-09-24 08:58:05',0,0,NULL,NULL),(94,'2015-09-26',7,'','',43,1,7,'2015-09-24 08:58:05',0,0,NULL,NULL),(95,'2015-09-29',7,'','',43,1,7,'2015-09-24 08:58:05',0,0,NULL,NULL),(99,'2015-10-21',2,'','',46,1,7,'2015-10-19 07:38:15',0,0,NULL,NULL),(100,'2015-10-24',18,'','',46,1,7,'2015-10-19 07:38:15',0,0,NULL,NULL),(101,'2015-10-23',8,'','',46,1,7,'2015-10-19 07:38:15',0,0,NULL,NULL),(102,'2015-10-22',3,'','',47,1,7,'2015-10-21 15:37:30',0,0,NULL,NULL),(103,'2015-10-23',3,'','',47,1,7,'2015-10-21 15:37:30',0,0,NULL,NULL),(104,'2015-10-24',3,'','',47,1,7,'2015-10-21 15:37:30',0,0,NULL,NULL),(105,'2015-10-23',12,'挺好的','',48,8,7,'2015-10-24 13:23:23',0,1,50,NULL),(108,'2015-10-26',0,'','',48,8,7,'2015-10-28 10:15:23',0,1,NULL,NULL),(109,'2015-10-28',12,'','',48,8,7,'2015-10-29 15:26:30',0,1,NULL,NULL),(110,'2015-10-28',0,'','',58,8,18,'2015-10-29 15:38:07',0,1,NULL,NULL),(111,'2015-10-29',8,'','',58,8,18,'2015-10-26 12:03:48',0,0,NULL,NULL),(112,'2015-10-28',22,'','',60,8,7,'2015-10-27 11:38:35',0,0,NULL,NULL),(113,'2015-10-28',17,'','',61,8,7,'2015-11-03 10:09:32',0,1,NULL,NULL),(114,'2015-10-29',23,'','',62,8,7,'2015-10-27 11:42:12',0,0,NULL,NULL),(115,'2015-10-28',15,'','',63,8,7,'2015-10-27 11:44:26',0,0,NULL,NULL),(116,'2015-10-28',7,'','',64,8,7,'2015-12-01 12:15:57',0,1,NULL,NULL),(117,'2015-10-29',2,'','',65,8,7,'2015-11-02 16:39:31',0,1,NULL,NULL),(118,'2015-10-29',13,'','',66,8,7,'2015-10-30 16:30:27',0,1,NULL,NULL),(124,'2015-11-05',0,'','',74,1,7,'2015-11-04 16:29:31',0,0,NULL,NULL),(125,'2015-11-05',23,'','',75,1,7,'2015-11-04 16:35:57',0,0,NULL,NULL),(126,'2015-11-06',18,'','',76,8,31,'2015-11-12 13:18:27',0,1,NULL,NULL),(127,'2015-11-05',18,'','',76,8,31,'2015-11-12 13:03:27',0,1,NULL,NULL),(129,'2015-11-06',21,'','',52,8,12,'2015-11-12 13:02:16',0,1,NULL,NULL),(137,'2015-11-11',18,'','',79,1,30,'2015-11-11 09:37:13',0,0,NULL,NULL),(138,'2015-11-12',3,'','',73,8,29,'2015-11-12 14:41:30',0,1,NULL,NULL),(142,'2015-11-13',18,'','',82,1,30,'2015-11-13 07:28:22',0,0,NULL,NULL),(151,'2015-11-20',18,'','',68,8,7,'2015-11-20 14:31:55',0,1,NULL,NULL),(152,'2015-11-26',18,'','',68,8,7,'2015-11-20 13:53:52',0,1,NULL,NULL),(153,'2015-11-17',18,'','',68,8,7,'2015-11-20 13:53:43',0,1,NULL,NULL),(157,'2015-11-26',14,'','',57,8,17,'2015-11-23 17:37:15',0,1,NULL,NULL),(158,'2015-11-27',18,'','',51,8,11,'2015-11-23 13:57:06',0,1,NULL,NULL),(163,'2015-11-23',23,'','',84,8,35,'2015-11-23 08:36:58',0,1,NULL,NULL),(166,'2015-11-20',13,'','',57,8,17,'2015-11-20 07:54:11',0,1,NULL,NULL),(170,'2015-11-21',18,'','',57,8,17,'2015-11-23 07:29:05',0,1,NULL,NULL),(171,'2015-11-21',23,'','',78,8,31,'2015-11-25 01:48:05',0,1,NULL,NULL),(179,'2015-11-21',25,'','',81,8,31,'2015-11-25 01:48:35',0,1,NULL,NULL),(180,'2015-11-24',18,'','',57,8,17,'2015-11-23 17:42:38',0,1,NULL,NULL),(181,'2015-11-23',18,'','',51,8,11,'2015-11-23 08:01:46',0,1,NULL,NULL),(184,'2015-11-25',18,'','',52,8,12,'2015-11-23 07:24:14',0,0,NULL,NULL),(185,'2015-11-24',16,'','',80,8,33,'2015-11-23 17:26:59',0,1,NULL,NULL),(186,'2015-11-24',20,'','',83,8,34,'2015-11-23 17:43:42',0,1,NULL,NULL),(187,'2015-11-23',18,'','',88,38,42,'2015-11-23 07:40:26',0,0,NULL,NULL),(188,'2015-11-23',16,'','',51,8,11,'2015-11-23 08:35:21',0,1,NULL,NULL),(190,'2015-11-23',13,'','',89,38,43,'2015-11-23 07:43:27',0,0,NULL,NULL),(192,'2015-11-23',8,'','',56,8,16,'2015-11-23 07:53:07',0,1,NULL,NULL),(193,'2015-11-24',11,'','',69,8,21,'2015-11-23 17:45:51',0,1,NULL,NULL),(194,'2015-11-24',23,'','',90,8,44,'2015-11-24 06:15:58',0,1,NULL,NULL),(195,'2015-11-24',25,'','',90,8,44,'2015-11-24 06:15:49',0,0,NULL,NULL),(196,'2015-11-25',23,'','',51,8,11,'2015-11-24 06:19:04',0,0,NULL,NULL),(197,'2015-11-24',13,'','',53,8,13,'2015-11-24 17:40:50',0,1,NULL,NULL),(198,'2015-11-25',16,'','',64,8,7,'2015-12-01 12:16:01',0,1,NULL,NULL),(199,'2015-11-25',21,'','',91,8,34,'2015-11-30 09:33:28',0,1,NULL,NULL),(200,'2015-11-26',16,'','',91,8,34,'2015-11-30 09:33:32',0,1,NULL,NULL),(201,'2015-11-27',10,'','',91,8,34,'2015-11-30 09:33:35',0,1,NULL,NULL),(203,'2015-11-25',10,'','',92,8,46,'2015-12-01 05:01:27',0,1,NULL,NULL),(205,'2015-11-27',20,'','',57,8,17,'2015-11-25 01:47:24',0,0,NULL,NULL),(207,'2015-11-26',23,'','',92,8,46,'2015-12-01 05:01:31',0,1,NULL,NULL),(208,'2015-11-25',2,'','',94,1,7,'2015-11-26 01:21:53',0,0,NULL,NULL),(209,'2015-11-26',20,'','',95,8,50,'2015-12-01 02:29:02',0,1,NULL,NULL),(211,'2015-11-26',16,'','',97,52,53,'2015-11-26 09:04:55',0,1,NULL,NULL),(215,'2015-11-27',7,'','',95,8,50,'2015-12-01 02:29:05',0,1,NULL,NULL),(216,'2015-11-27',13,'','',95,8,50,'2015-12-01 02:29:10',0,1,NULL,NULL),(217,'2015-11-28',7,'','',98,8,30,'2016-01-04 06:34:25',0,1,NULL,NULL),(220,'2015-12-01',23,'','',48,8,7,'2015-12-01 15:05:44',0,1,NULL,NULL),(221,'2015-12-01',2,'','',64,8,7,'2015-12-01 12:16:05',0,1,NULL,NULL),(222,'2015-11-29',4,'','',99,49,30,'2015-12-01 02:27:00',0,1,NULL,NULL),(223,'2015-12-01',22,'','',103,1,58,'2015-11-30 00:34:53',0,0,NULL,NULL),(224,'2015-12-01',3,'','',102,49,57,'2015-12-01 12:21:19',0,1,NULL,NULL),(226,'2015-12-02',18,'','',93,8,47,'2015-12-02 11:27:12',0,1,NULL,NULL),(227,'2015-12-05',18,'','',96,49,51,'2015-12-05 15:45:40',0,1,NULL,NULL),(228,'2015-12-01',8,'','',91,8,34,'2015-12-01 05:32:35',0,1,NULL,NULL),(230,'2015-12-01',18,'','',91,8,34,'2015-12-01 12:15:44',0,1,NULL,NULL),(231,'2015-12-02',2,'','',91,8,34,'2015-12-02 04:53:42',0,1,NULL,NULL),(232,'2015-12-02',2,'','',104,49,59,'2015-12-02 11:28:38',0,1,NULL,NULL),(233,'2015-12-02',8,'','',109,49,64,'2015-12-02 13:25:03',0,1,NULL,NULL),(235,'2015-12-02',6,'','',101,49,30,'2015-12-02 11:28:47',0,1,NULL,NULL),(236,'2015-12-02',18,'','',106,49,61,'2015-12-17 02:28:12',0,1,NULL,NULL),(237,'2015-12-02',13,'','',110,8,65,'2015-12-02 11:27:03',0,1,NULL,NULL),(239,'2015-12-05',13,'','',111,63,67,'2015-12-05 02:07:47',0,0,NULL,NULL),(240,'2015-12-05',14,'','',115,70,72,'2015-12-05 04:18:50',0,0,NULL,NULL),(244,'2015-12-05',22,'','',91,8,34,'2015-12-05 15:47:05',0,1,NULL,NULL),(245,'2015-12-05',18,'','',91,8,34,'2015-12-05 15:51:20',0,1,NULL,NULL),(249,'2015-12-07',7,'','',72,8,28,'2015-12-07 06:13:54',0,1,NULL,NULL),(250,'2015-12-07',16,'','',92,8,46,'2015-12-15 13:06:05',0,1,NULL,NULL),(252,'2015-12-14',13,'','',91,8,34,'2015-12-15 13:05:40',0,1,NULL,NULL),(254,'2015-12-14',13,'','',109,49,64,'2015-12-15 06:49:45',0,1,NULL,NULL),(256,'2015-12-14',6,'','',116,75,76,'2015-12-14 14:50:08',0,1,NULL,NULL),(257,'2015-12-15',12,'','',91,8,34,'2015-12-15 13:42:15',0,1,NULL,NULL),(258,'2015-12-15',18,'','',104,49,59,'2015-12-19 05:24:02',0,1,NULL,NULL),(259,'2015-12-15',18,'','',116,75,76,'2015-12-21 07:08:38',0,1,NULL,NULL),(260,'2015-12-16',0,'','',116,75,76,'2015-12-21 07:08:41',0,1,NULL,NULL),(263,'2015-12-16',18,'','',59,8,19,'2015-12-15 13:10:49',0,0,NULL,NULL),(264,'2015-12-17',18,'','',59,8,19,'2015-12-15 13:10:58',0,0,NULL,NULL),(265,'2015-12-18',18,'','',59,8,19,'2015-12-15 13:11:09',0,0,NULL,NULL),(272,'2015-12-18',8,'','',120,8,81,'2015-12-18 05:45:25',0,1,NULL,NULL),(274,'2015-12-18',20,'','',55,8,15,'2015-12-18 05:51:16',0,0,NULL,NULL),(276,'2015-12-19',14,'','',104,49,59,'2015-12-21 07:08:20',0,1,NULL,NULL),(277,'2015-12-20',0,'','',125,92,93,'2015-12-20 08:24:33',0,0,NULL,NULL),(278,'2015-12-20',2,'','',125,92,93,'2015-12-20 08:24:33',0,0,NULL,NULL),(285,'2015-12-21',18,'','',104,49,59,'2015-12-21 07:08:26',0,0,NULL,NULL),(286,'2015-12-21',18,'','',116,75,76,'2016-01-22 08:16:41',0,1,NULL,NULL),(289,'2015-12-28',10,'','',95,8,50,'2015-12-28 13:58:36',0,1,NULL,NULL),(290,'2015-12-01',12,'','',124,8,91,'2015-12-29 02:32:39',0,1,NULL,NULL),(291,'2015-12-29',8,'','',134,8,96,'2015-12-29 13:41:24',0,1,NULL,NULL),(292,'2015-12-30',18,'','',134,8,96,'2015-12-30 01:07:48',0,1,NULL,NULL),(293,'2015-08-29',12,'','',138,84,101,'2015-12-29 07:25:39',0,1,NULL,NULL),(294,'2015-09-01',18,'','',138,84,101,'2015-12-29 07:25:43',0,1,NULL,NULL),(295,'2015-09-09',22,'','',138,84,101,'2015-12-29 07:25:47',0,1,NULL,NULL),(296,'2015-09-12',10,'','',138,84,101,'2015-12-29 07:25:50',0,1,NULL,NULL),(297,'2015-09-16',8,'','',138,84,101,'2015-12-29 07:25:54',0,1,NULL,NULL),(298,'2015-09-22',22,'','',138,84,101,'2015-12-29 07:25:57',0,1,NULL,NULL),(299,'2015-09-26',4,'','',138,84,101,'2015-12-29 07:26:11',0,1,NULL,NULL),(300,'2015-12-29',18,'','',104,49,59,'2015-12-29 07:22:31',0,0,NULL,NULL),(301,'2015-10-16',22,'','',138,84,101,'2015-12-29 07:26:14',0,1,NULL,NULL),(302,'2015-10-20',22,'','',138,84,101,'2015-12-29 07:26:18',0,1,NULL,NULL),(303,'2015-10-27',6,'','',138,84,101,'2015-12-29 07:26:22',0,1,NULL,NULL),(304,'2015-11-04',6,'','',138,84,101,'2015-12-29 07:26:27',0,1,NULL,NULL),(305,'2015-11-07',22,'','',138,84,101,'2015-12-29 07:26:31',0,1,NULL,NULL),(306,'2015-11-10',6,'','',138,84,101,'2015-12-29 07:26:34',0,1,NULL,NULL),(307,'2015-11-12',6,'','',138,84,101,'2015-12-29 07:26:38',0,1,NULL,NULL),(308,'2015-11-14',14,'','',138,84,101,'2015-12-29 07:26:44',0,1,NULL,NULL),(309,'2015-11-19',6,'','',138,84,101,'2015-12-29 07:26:47',0,1,NULL,NULL),(310,'2015-09-06',4,'','',139,84,102,'2015-12-29 07:31:18',0,1,NULL,NULL),(311,'2015-09-20',4,'','',139,84,102,'2015-12-29 07:31:22',0,1,NULL,NULL),(312,'2015-09-25',12,'','',139,84,102,'2015-12-29 07:31:25',0,1,NULL,NULL),(313,'2015-09-30',18,'','',139,84,102,'2015-12-29 07:31:28',0,1,NULL,NULL),(314,'2015-10-04',6,'','',139,84,102,'2015-12-29 07:31:32',0,1,NULL,NULL),(315,'2015-10-18',4,'','',139,84,102,'2015-12-29 07:31:36',0,1,NULL,NULL),(316,'2015-11-15',4,'','',139,84,102,'2015-12-29 07:31:40',0,1,NULL,NULL),(317,'2015-11-28',4,'','',139,84,102,'2015-12-29 07:31:43',0,1,NULL,NULL),(318,'2015-10-27',18,'','',140,84,103,'2015-12-29 07:40:01',0,1,NULL,NULL),(319,'2015-11-12',18,'','',140,84,103,'2015-12-29 07:40:06',0,1,NULL,NULL),(320,'2015-11-13',18,'','',140,84,103,'2015-12-29 07:40:09',0,1,NULL,NULL),(321,'2015-11-14',18,'','',140,84,103,'2015-12-29 07:40:13',0,1,NULL,NULL),(322,'2015-11-18',18,'','',140,84,103,'2015-12-29 07:40:17',0,1,NULL,NULL),(323,'2015-11-20',18,'','',140,84,103,'2015-12-29 07:40:23',0,1,NULL,NULL),(324,'2015-11-26',18,'','',140,84,103,'2015-12-29 07:40:27',0,1,NULL,NULL),(325,'2015-11-28',12,'','',140,84,103,'2015-12-29 07:40:31',0,1,NULL,NULL),(326,'2015-12-01',18,'','',140,84,103,'2015-12-29 07:40:34',0,1,NULL,NULL),(327,'2015-12-03',18,'','',140,84,103,'2015-12-29 07:40:39',0,1,NULL,NULL),(328,'2015-12-08',18,'','',140,84,103,'2015-12-29 07:40:43',0,1,NULL,NULL),(329,'2015-12-13',18,'','',140,84,103,'2015-12-29 07:40:47',0,1,NULL,NULL),(330,'2015-12-15',18,'','',140,84,103,'2015-12-29 07:40:50',0,1,NULL,NULL),(331,'2015-12-17',18,'','',140,84,103,'2015-12-29 07:40:54',0,1,NULL,NULL),(332,'2015-12-19',18,'','',140,84,103,'2015-12-29 07:40:57',0,1,NULL,NULL),(333,'2015-12-24',18,'','',140,84,103,'2015-12-29 07:41:00',0,1,NULL,NULL),(334,'2015-12-26',12,'','',140,84,103,'2015-12-29 07:41:06',0,1,NULL,NULL),(335,'2015-12-28',18,'','',140,84,103,'2015-12-29 07:41:09',0,1,NULL,NULL),(336,'2015-08-19',2,'','',141,84,104,'2015-12-29 07:45:39',0,1,NULL,NULL),(337,'2015-09-05',22,'','',141,84,104,'2015-12-29 07:45:43',0,1,NULL,NULL),(338,'2015-09-08',2,'','',141,84,104,'2015-12-29 07:45:46',0,1,NULL,NULL),(339,'2015-09-14',12,'','',141,84,104,'2015-12-29 07:45:49',0,1,NULL,NULL),(340,'2015-12-10',12,'','',141,84,104,'2015-12-29 07:45:52',0,1,NULL,NULL),(341,'2015-12-16',12,'','',141,84,104,'2015-12-29 07:45:56',0,1,NULL,NULL),(342,'2015-12-24',12,'','',141,84,104,'2015-12-29 07:46:00',0,1,NULL,NULL),(343,'2015-10-27',20,'','',142,84,105,'2015-12-29 07:50:25',0,1,NULL,NULL),(344,'2015-10-29',20,'','',142,84,105,'2015-12-29 07:50:28',0,1,NULL,NULL),(345,'2015-11-03',20,'','',142,84,105,'2015-12-29 07:50:32',0,1,NULL,NULL),(346,'2015-11-10',20,'','',142,84,105,'2015-12-29 07:50:38',0,1,NULL,NULL),(347,'2015-11-12',22,'','',142,84,105,'2015-12-29 07:50:41',0,1,NULL,NULL),(348,'2015-11-17',22,'','',142,84,105,'2015-12-29 07:50:45',0,1,NULL,NULL),(349,'2015-11-24',22,'','',142,84,105,'2015-12-29 07:50:49',0,1,NULL,NULL),(350,'2015-12-01',20,'','',142,84,105,'2015-12-29 07:50:52',0,1,NULL,NULL),(351,'2015-12-03',20,'','',142,84,105,'2015-12-29 07:50:56',0,1,NULL,NULL),(352,'2015-12-07',20,'','',142,84,105,'2015-12-29 07:50:59',0,1,NULL,NULL),(353,'2015-12-21',20,'','',142,84,105,'2015-12-29 07:51:02',0,1,NULL,NULL),(354,'2015-12-25',4,'','',142,84,105,'2015-12-29 07:51:05',0,1,NULL,NULL),(355,'2015-09-28',18,'','',143,84,106,'2015-12-29 07:56:50',0,1,NULL,NULL),(356,'2015-09-30',16,'','',143,84,106,'2015-12-29 07:56:53',0,1,NULL,NULL),(357,'2015-10-13',18,'','',143,84,106,'2015-12-29 08:01:58',0,1,NULL,NULL),(358,'2015-10-17',16,'','',143,84,106,'2015-12-29 08:02:02',0,1,NULL,NULL),(359,'2015-10-21',16,'','',143,84,106,'2015-12-29 08:02:05',0,1,NULL,NULL),(360,'2015-10-29',18,'','',143,84,106,'2015-12-29 08:02:11',0,1,NULL,NULL),(361,'2015-11-02',18,'','',143,84,106,'2015-12-29 08:02:15',0,1,NULL,NULL),(362,'2015-11-06',16,'','',143,84,106,'2015-12-29 08:02:18',0,1,NULL,NULL),(363,'2015-11-11',16,'','',143,84,106,'2015-12-29 08:02:25',0,1,NULL,NULL),(364,'2015-11-17',16,'','',143,84,106,'2015-12-29 08:02:21',0,1,NULL,NULL),(365,'2015-11-21',18,'','',143,84,106,'2015-12-29 08:02:32',0,1,NULL,NULL),(366,'2015-11-23',18,'','',143,84,106,'2015-12-29 08:02:36',0,1,NULL,NULL),(367,'2015-11-28',14,'','',143,84,106,'2015-12-29 08:02:40',0,1,NULL,NULL),(368,'2015-12-02',18,'','',143,84,106,'2015-12-29 08:02:44',0,1,NULL,NULL),(369,'2015-12-12',18,'','',143,84,106,'2015-12-29 08:02:47',0,1,NULL,NULL),(370,'2015-12-14',18,'','',143,84,106,'2015-12-29 08:02:51',0,1,NULL,NULL),(371,'2015-12-16',18,'','',143,84,106,'2015-12-29 08:02:54',0,1,NULL,NULL),(372,'2015-12-21',18,'','',143,84,106,'2015-12-29 08:02:58',0,1,NULL,NULL),(373,'2015-12-28',16,'','',143,84,106,'2015-12-29 08:03:01',0,1,NULL,NULL),(374,'2015-08-13',14,'','',144,84,107,'2015-12-29 08:12:31',0,1,NULL,NULL),(375,'2015-08-14',16,'','',144,84,107,'2015-12-29 08:12:36',0,1,NULL,NULL),(376,'2015-08-21',18,'','',144,84,107,'2015-12-29 08:12:46',0,1,NULL,NULL),(377,'2015-08-26',20,'','',144,84,107,'2015-12-29 08:12:50',0,1,NULL,NULL),(378,'2015-08-27',18,'','',144,84,107,'2015-12-29 08:12:55',0,1,NULL,NULL),(379,'2015-09-04',4,'','',144,84,107,'2015-12-29 08:12:59',0,1,NULL,NULL),(380,'2015-09-05',4,'','',144,84,107,'2015-12-29 08:13:02',0,1,NULL,NULL),(381,'2015-09-11',20,'','',144,84,107,'2015-12-29 08:13:06',0,1,NULL,NULL),(382,'2015-09-12',16,'','',144,84,107,'2015-12-29 08:13:10',0,1,NULL,NULL),(383,'2015-10-17',12,'','',144,84,107,'2015-12-29 08:13:21',0,1,NULL,NULL),(384,'2015-11-02',6,'','',144,84,107,'2015-12-29 08:13:17',0,1,NULL,NULL),(385,'2015-11-06',12,'','',144,84,107,'2015-12-29 08:13:14',0,1,NULL,NULL),(386,'2015-11-07',6,'','',144,84,107,'2015-12-29 08:13:25',0,1,NULL,NULL),(387,'2015-11-09',6,'','',144,84,107,'2015-12-29 08:13:46',0,1,NULL,NULL),(388,'2015-11-16',8,'','',144,84,107,'2015-12-29 08:13:42',0,1,NULL,NULL),(389,'2015-11-18',6,'','',144,84,107,'2015-12-29 08:13:38',0,1,NULL,NULL),(390,'2015-12-11',6,'','',144,84,107,'2015-12-29 08:13:35',0,1,NULL,NULL),(391,'2015-12-18',4,'','',144,84,107,'2015-12-29 08:13:32',0,1,NULL,NULL),(392,'2015-12-18',6,'','',144,84,107,'2015-12-29 08:13:29',0,1,NULL,NULL),(393,'2015-08-07',10,'','',147,84,110,'2015-12-29 08:24:07',0,1,NULL,NULL),(394,'2015-08-11',12,'','',147,84,110,'2015-12-29 08:24:11',0,1,NULL,NULL),(395,'2015-08-13',12,'','',147,84,110,'2015-12-29 08:24:14',0,1,NULL,NULL),(396,'2015-08-10',10,'','',147,84,110,'2015-12-29 08:24:17',0,1,NULL,NULL),(397,'2015-08-08',10,'','',147,84,110,'2015-12-29 08:24:21',0,1,NULL,NULL),(398,'2015-08-14',14,'','',147,84,110,'2015-12-29 08:24:28',0,1,NULL,NULL),(399,'2015-08-17',12,'','',147,84,110,'2015-12-29 08:24:31',0,1,NULL,NULL),(400,'2015-08-20',12,'','',147,84,110,'2015-12-29 08:24:41',0,1,NULL,NULL),(401,'2015-08-21',20,'','',147,84,110,'2015-12-29 08:24:44',0,1,NULL,NULL),(402,'2015-08-24',14,'','',147,84,110,'2015-12-29 08:24:48',0,1,NULL,NULL),(403,'2015-08-26',4,'','',147,84,110,'2015-12-29 08:24:52',0,1,NULL,NULL),(404,'2015-08-27',12,'','',147,84,110,'2015-12-29 08:24:55',0,1,NULL,NULL),(405,'2015-08-31',12,'','',147,84,110,'2015-12-29 08:24:58',0,1,NULL,NULL),(406,'2015-09-04',6,'','',147,84,110,'2015-12-29 08:24:35',0,1,NULL,NULL),(407,'2015-09-08',14,'','',147,84,110,'2015-12-29 08:25:02',0,1,NULL,NULL),(408,'2015-09-11',16,'','',147,84,110,'2015-12-29 08:25:05',0,1,NULL,NULL),(409,'2015-09-07',16,'','',147,84,110,'2015-12-29 08:25:11',0,1,NULL,NULL),(410,'2015-09-19',18,'','',147,84,110,'2015-12-29 08:25:18',0,1,NULL,NULL),(411,'2015-10-12',14,'','',147,84,110,'2015-12-29 08:25:15',0,1,NULL,NULL),(412,'2015-10-17',14,'','',147,84,110,'2015-12-29 08:25:23',0,1,NULL,NULL),(413,'2015-11-02',2,'','',147,84,110,'2015-12-29 08:25:32',0,1,NULL,NULL),(414,'2015-11-06',14,'','',147,84,110,'2015-12-29 08:25:35',0,1,NULL,NULL),(415,'2015-11-07',8,'','',147,84,110,'2015-12-29 08:25:39',0,1,NULL,NULL),(416,'2015-11-09',8,'','',147,84,110,'2015-12-29 08:25:43',0,1,NULL,NULL),(417,'2015-11-16',6,'','',147,84,110,'2015-12-29 08:26:04',0,1,NULL,NULL),(418,'2015-11-18',4,'','',147,84,110,'2015-12-29 08:26:01',0,1,NULL,NULL),(419,'2015-12-04',4,'','',147,84,110,'2015-12-29 08:25:57',0,1,NULL,NULL),(420,'2015-12-11',4,'','',147,84,110,'2015-12-29 08:25:53',0,1,NULL,NULL),(421,'2015-12-16',2,'','',147,84,110,'2015-12-29 08:25:50',0,1,NULL,NULL),(422,'2015-12-19',2,'','',147,84,110,'2015-12-29 08:25:47',0,1,NULL,NULL),(423,'2015-08-27',20,'','',148,84,111,'2015-12-29 08:29:29',0,1,NULL,NULL),(424,'2015-09-08',12,'','',148,84,111,'2015-12-29 08:29:33',0,1,NULL,NULL),(425,'2015-09-15',14,'','',148,84,111,'2015-12-29 08:29:37',0,1,NULL,NULL),(426,'2015-09-24',16,'','',148,84,111,'2015-12-29 08:29:40',0,1,NULL,NULL),(427,'2015-12-24',16,'','',148,84,111,'2015-12-29 08:29:42',0,1,NULL,NULL),(428,'2015-09-24',6,'','',148,84,111,'2015-12-29 08:29:45',0,1,NULL,NULL),(429,'2015-12-28',0,'','',149,84,112,'2015-12-29 08:32:23',0,1,NULL,NULL),(430,'2015-08-17',18,'','',150,84,113,'2015-12-29 08:36:21',0,1,NULL,NULL),(431,'2015-08-31',2,'','',150,84,113,'2015-12-29 08:37:02',0,1,NULL,NULL),(432,'2015-08-28',14,'','',150,84,113,'2015-12-29 08:36:56',0,1,NULL,NULL),(433,'2015-08-22',4,'','',150,84,113,'2015-12-29 08:36:29',0,1,NULL,NULL),(434,'2015-09-02',18,'','',150,84,113,'2015-12-29 08:37:07',0,1,NULL,NULL),(435,'2015-09-07',22,'','',150,84,113,'2015-12-29 08:37:13',0,1,NULL,NULL),(436,'2015-09-09',18,'','',150,84,113,'2015-12-29 08:37:23',0,1,NULL,NULL),(437,'2015-09-12',8,'','',150,84,113,'2015-12-29 08:37:30',0,1,NULL,NULL),(438,'2015-09-14',20,'','',150,84,113,'2015-12-29 08:37:33',0,1,NULL,NULL),(439,'2015-09-16',18,'','',150,84,113,'2015-12-29 08:37:39',0,1,NULL,NULL),(440,'2015-10-26',18,'','',150,84,113,'2015-12-29 08:37:42',0,1,NULL,NULL),(441,'2015-11-17',20,'','',150,84,113,'2015-12-29 08:37:48',0,1,NULL,NULL),(442,'2015-11-19',20,'','',150,84,113,'2015-12-29 08:37:53',0,1,NULL,NULL),(443,'2015-11-21',20,'','',150,84,113,'2015-12-29 08:37:58',0,1,NULL,NULL),(444,'2015-08-25',14,'','',150,84,113,'2015-12-29 08:36:49',0,1,NULL,NULL),(445,'2015-11-25',20,'','',150,84,113,'2015-12-29 08:38:02',0,1,NULL,NULL),(446,'2015-12-07',18,'','',150,84,113,'2015-12-29 08:38:30',0,1,NULL,NULL),(447,'2015-11-30',20,'','',150,84,113,'2015-12-29 08:38:33',0,1,NULL,NULL),(448,'2015-11-27',20,'','',150,84,113,'2015-12-29 08:38:38',0,1,NULL,NULL),(449,'2015-11-30',18,'','',150,84,113,'2015-12-29 08:38:41',0,1,NULL,NULL),(450,'2015-09-14',22,'','',151,84,114,'2015-12-29 08:47:43',0,1,NULL,NULL),(451,'2015-09-22',20,'','',151,84,114,'2015-12-29 08:47:48',0,1,NULL,NULL),(452,'2015-09-24',20,'','',151,84,114,'2015-12-29 08:47:52',0,1,NULL,NULL),(453,'2015-09-18',2,'','',151,84,114,'2015-12-29 08:47:54',0,1,NULL,NULL),(454,'2015-09-16',20,'','',151,84,114,'2015-12-29 08:47:57',0,1,NULL,NULL),(455,'2015-09-15',22,'','',151,84,114,'2015-12-29 08:48:00',0,1,NULL,NULL),(456,'2015-09-25',20,'','',151,84,114,'2015-12-29 08:48:07',0,1,NULL,NULL),(457,'2015-09-28',20,'','',151,84,114,'2015-12-29 08:48:10',0,1,NULL,NULL),(458,'2015-09-29',20,'','',151,84,114,'2015-12-29 08:48:14',0,1,NULL,NULL),(459,'2015-09-30',20,'','',151,84,114,'2015-12-29 08:48:18',0,1,NULL,NULL),(460,'2015-10-04',0,'','',151,84,114,'2015-12-29 08:48:25',0,1,NULL,NULL),(461,'2015-10-05',2,'','',151,84,114,'2015-12-29 08:48:29',0,1,NULL,NULL),(462,'2015-10-06',2,'','',151,84,114,'2015-12-29 08:48:33',0,1,NULL,NULL),(463,'2015-10-08',22,'','',151,84,114,'2015-12-29 08:48:36',0,1,NULL,NULL),(464,'2015-10-09',18,'','',151,84,114,'2015-12-29 08:48:40',0,1,NULL,NULL),(465,'2015-10-11',0,'','',151,84,114,'2015-12-29 08:48:43',0,1,NULL,NULL),(466,'2015-10-13',22,'','',151,84,114,'2015-12-29 08:48:47',0,1,NULL,NULL),(467,'2015-10-15',22,'','',151,84,114,'2015-12-29 08:48:50',0,1,NULL,NULL),(468,'2015-10-17',4,'','',151,84,114,'2015-12-29 08:48:53',0,1,NULL,NULL),(469,'2015-09-26',2,'','',151,84,114,'2015-12-29 08:48:59',0,1,NULL,NULL),(470,'2015-10-19',18,'','',151,84,114,'2015-12-29 08:49:05',0,1,NULL,NULL),(471,'2015-10-21',22,'','',151,84,114,'2015-12-29 08:49:12',0,1,NULL,NULL),(472,'2015-10-22',22,'','',151,84,114,'2015-12-29 08:49:16',0,1,NULL,NULL),(473,'2015-10-24',2,'','',151,84,114,'2015-12-29 08:49:19',0,1,NULL,NULL),(474,'2015-10-26',20,'','',151,84,114,'2015-12-29 08:49:08',0,1,NULL,NULL),(475,'2015-10-28',20,'','',151,84,114,'2015-12-29 08:49:22',0,1,NULL,NULL),(476,'2015-10-30',20,'','',151,84,114,'2015-12-29 08:49:25',0,1,NULL,NULL),(477,'2015-11-02',20,'','',151,84,114,'2015-12-29 08:49:28',0,1,NULL,NULL),(478,'2015-11-04',20,'','',151,84,114,'2015-12-29 08:49:32',0,1,NULL,NULL),(479,'2015-11-05',20,'','',151,84,114,'2015-12-29 08:49:35',0,1,NULL,NULL),(480,'2015-11-07',3,'','',151,84,114,'2015-12-29 08:49:38',0,1,NULL,NULL),(481,'2015-11-09',20,'','',151,84,114,'2015-12-29 08:49:44',0,1,NULL,NULL),(482,'2015-11-11',20,'','',151,84,114,'2015-12-29 08:49:54',0,1,NULL,NULL),(483,'2015-11-13',22,'','',151,84,114,'2015-12-29 08:49:48',0,1,NULL,NULL),(484,'2015-11-14',2,'','',151,84,114,'2015-12-29 08:50:00',0,1,NULL,NULL),(485,'2015-11-16',22,'','',151,84,114,'2015-12-29 08:49:51',0,1,NULL,NULL),(486,'2015-11-18',22,'','',151,84,114,'2015-12-29 08:50:03',0,1,NULL,NULL),(487,'2015-11-20',22,'','',151,84,114,'2015-12-29 08:49:57',0,1,NULL,NULL),(488,'2015-11-21',2,'','',151,84,114,'2015-12-29 08:50:06',0,1,NULL,NULL),(489,'2015-11-23',22,'','',151,84,114,'2015-12-29 08:50:09',0,1,NULL,NULL),(490,'2015-11-25',22,'','',151,84,114,'2015-12-29 08:50:12',0,1,NULL,NULL),(491,'2015-11-28',0,'','',151,84,114,'2015-12-29 08:50:15',0,1,NULL,NULL),(492,'2015-11-30',22,'','',151,84,114,'2015-12-29 08:50:30',0,1,NULL,NULL),(493,'2015-12-02',22,'','',151,84,114,'2015-12-29 08:50:26',0,1,NULL,NULL),(494,'2015-12-04',22,'','',151,84,114,'2015-12-29 08:50:23',0,1,NULL,NULL),(495,'2015-12-05',2,'','',151,84,114,'2015-12-29 08:50:19',0,1,NULL,NULL),(496,'2015-08-21',22,'','',153,84,115,'2015-12-29 08:56:06',0,1,NULL,NULL),(497,'2015-09-16',22,'','',153,84,115,'2015-12-29 08:56:10',0,1,NULL,NULL),(498,'2015-08-26',0,'','',153,84,115,'2015-12-29 08:56:13',0,1,NULL,NULL),(499,'2015-09-05',14,'','',153,84,115,'2015-12-29 08:56:16',0,1,NULL,NULL),(500,'2015-08-28',0,'','',153,84,115,'2015-12-29 08:56:20',0,1,NULL,NULL),(501,'2015-08-23',22,'','',153,84,115,'2015-12-29 08:56:23',0,1,NULL,NULL),(502,'2015-08-02',12,'','',154,84,116,'2015-12-29 09:02:37',0,1,NULL,NULL),(504,'2015-08-09',16,'','',154,86,116,'2016-01-03 14:37:00',0,1,NULL,NULL),(505,'2015-08-23',16,'','',154,84,116,'2015-12-29 09:03:07',0,1,NULL,NULL),(506,'2015-08-26',22,'','',154,84,116,'2015-12-29 09:03:10',0,1,NULL,NULL),(507,'2015-08-30',2,'','',154,88,116,'2016-01-03 14:54:31',0,1,NULL,NULL),(508,'2015-09-24',22,'','',154,84,116,'2015-12-29 09:03:40',0,1,NULL,NULL),(509,'2015-09-06',22,'','',154,84,116,'2015-12-29 09:03:43',0,1,NULL,NULL),(510,'2015-11-07',16,'','',154,84,116,'2015-12-29 09:03:46',0,1,NULL,NULL),(511,'2015-12-05',6,'','',154,84,116,'2015-12-29 09:03:50',0,1,NULL,NULL),(512,'2015-11-23',12,'','',155,84,117,'2015-12-29 09:07:37',0,1,NULL,NULL),(513,'2015-09-01',0,'','',156,84,118,'2015-12-29 09:11:13',0,1,NULL,NULL),(514,'2015-09-27',4,'','',156,84,118,'2015-12-29 09:11:44',0,1,NULL,NULL),(515,'2015-09-24',0,'','',156,84,118,'2015-12-29 09:11:40',0,1,NULL,NULL),(516,'2015-10-24',22,'','',156,84,118,'2015-12-29 09:11:48',0,1,NULL,NULL),(517,'2015-09-10',0,'','',156,84,118,'2015-12-29 09:11:33',0,1,NULL,NULL),(518,'2015-09-08',0,'','',156,84,118,'2015-12-29 09:11:21',0,1,NULL,NULL),(519,'2015-11-03',22,'','',156,84,118,'2015-12-29 09:11:54',0,1,NULL,NULL),(520,'2015-11-07',0,'','',156,84,118,'2015-12-29 09:12:14',0,1,NULL,NULL),(521,'2015-11-14',0,'','',156,84,118,'2015-12-29 09:12:17',0,1,NULL,NULL),(522,'2015-11-21',0,'','',156,84,118,'2015-12-29 09:12:21',0,1,NULL,NULL),(523,'2015-12-12',0,'','',156,84,118,'2015-12-29 09:12:28',0,1,NULL,NULL),(524,'2015-12-24',20,'','',156,84,118,'2015-12-29 09:13:00',0,1,NULL,NULL),(525,'2015-11-05',22,'','',156,84,118,'2015-12-29 09:12:10',0,1,NULL,NULL),(526,'2015-12-19',4,'','',156,84,118,'2015-12-29 09:12:56',0,1,NULL,NULL),(527,'2015-10-07',14,'','',157,84,119,'2015-12-29 09:18:09',0,1,NULL,NULL),(528,'2015-10-17',0,'','',157,84,119,'2015-12-29 09:18:12',0,1,NULL,NULL),(529,'2015-10-19',0,'','',157,84,119,'2015-12-29 09:18:35',0,1,NULL,NULL),(530,'2015-10-09',2,'','',157,84,119,'2015-12-29 09:18:38',0,1,NULL,NULL),(531,'2015-10-15',0,'','',157,84,119,'2015-12-29 09:18:40',0,1,NULL,NULL),(532,'2015-10-22',0,'','',157,84,119,'2015-12-29 09:18:44',0,1,NULL,NULL),(533,'2015-10-24',6,'','',157,84,119,'2015-12-29 09:18:47',0,1,NULL,NULL),(534,'2015-10-26',0,'','',157,84,119,'2015-12-29 09:18:51',0,1,NULL,NULL),(535,'2015-10-28',2,'','',157,84,119,'2015-12-29 09:18:57',0,1,NULL,NULL),(536,'2015-11-02',8,'','',157,84,119,'2015-12-29 09:19:06',0,1,NULL,NULL),(537,'2015-11-04',2,'','',157,84,119,'2015-12-29 09:19:03',0,1,NULL,NULL),(538,'2015-11-06',0,'','',157,84,119,'2015-12-29 09:18:59',0,1,NULL,NULL),(539,'2015-11-09',2,'','',157,84,119,'2015-12-29 09:19:11',0,1,NULL,NULL),(540,'2015-11-12',2,'','',157,84,119,'2015-12-29 09:19:14',0,1,NULL,NULL),(541,'2015-11-18',2,'','',157,84,119,'2015-12-29 09:19:17',0,1,NULL,NULL),(542,'2015-11-21',4,'','',157,84,119,'2015-12-29 09:19:48',0,1,NULL,NULL),(543,'2015-11-24',2,'','',157,84,119,'2015-12-29 09:19:51',0,1,NULL,NULL),(544,'2015-11-27',2,'','',157,84,119,'2015-12-29 09:19:55',0,1,NULL,NULL),(545,'2015-11-30',2,'','',157,84,119,'2015-12-29 09:19:58',0,1,NULL,NULL),(546,'2015-12-02',2,'','',157,84,119,'2015-12-29 09:19:41',0,1,NULL,NULL),(547,'2015-12-05',0,'','',157,84,119,'2015-12-29 09:19:38',0,1,NULL,NULL),(548,'2015-12-07',2,'','',157,84,119,'2015-12-29 09:19:34',0,1,NULL,NULL),(549,'2015-12-14',2,'','',157,84,119,'2015-12-29 09:19:29',0,1,NULL,NULL),(550,'2015-12-16',0,'','',157,84,119,'2015-12-29 09:19:26',0,1,NULL,NULL),(551,'2015-12-28',2,'','',157,84,119,'2015-12-29 09:19:22',0,1,NULL,NULL),(552,'2015-09-12',0,'','',158,84,120,'2015-12-29 09:24:40',0,1,NULL,NULL),(553,'2015-09-24',2,'','',158,84,120,'2015-12-29 09:25:11',0,1,NULL,NULL),(554,'2015-09-16',0,'','',158,84,120,'2015-12-29 09:24:48',0,1,NULL,NULL),(555,'2015-09-21',22,'','',158,84,120,'2015-12-29 09:25:05',0,1,NULL,NULL),(556,'2015-09-18',0,'','',158,84,120,'2015-12-29 09:25:00',0,1,NULL,NULL),(557,'2015-09-14',0,'','',158,84,120,'2015-12-29 09:24:45',0,1,NULL,NULL),(558,'2015-09-17',0,'','',158,84,120,'2015-12-29 09:24:54',0,1,NULL,NULL),(559,'2015-09-26',0,'','',158,84,120,'2015-12-29 09:25:16',0,1,NULL,NULL),(560,'2015-10-04',2,'','',158,84,120,'2015-12-29 09:25:22',0,1,NULL,NULL),(561,'2015-10-05',0,'','',158,84,120,'2015-12-29 09:25:28',0,1,NULL,NULL),(562,'2015-10-06',0,'','',158,84,120,'2015-12-29 09:25:32',0,1,NULL,NULL),(563,'2015-10-07',0,'','',158,84,120,'2015-12-29 09:25:37',0,1,NULL,NULL),(564,'2015-10-08',0,'','',158,84,120,'2015-12-29 09:25:42',0,1,NULL,NULL),(565,'2015-10-09',0,'','',158,84,120,'2015-12-29 09:25:47',0,1,NULL,NULL),(566,'2015-10-14',18,'','',158,84,120,'2015-12-29 09:25:52',0,1,NULL,NULL),(567,'2015-10-16',18,'','',158,84,120,'2015-12-29 09:25:57',0,1,NULL,NULL),(568,'2015-10-22',6,'','',158,84,120,'2015-12-29 09:26:01',0,1,NULL,NULL),(569,'2015-10-26',22,'','',158,84,120,'2015-12-29 09:26:04',0,1,NULL,NULL),(570,'2015-10-28',0,'','',158,84,120,'2015-12-29 09:26:12',0,1,NULL,NULL),(571,'2015-11-03',10,'','',158,84,120,'2015-12-29 09:26:18',0,1,NULL,NULL),(572,'2015-11-12',0,'','',158,84,120,'2015-12-29 09:26:23',0,1,NULL,NULL),(573,'2015-11-15',0,'','',158,84,120,'2015-12-29 09:26:27',0,1,NULL,NULL),(574,'2015-11-30',0,'','',158,84,120,'2015-12-29 09:27:01',0,1,NULL,NULL),(575,'2015-11-27',16,'','',158,84,120,'2015-12-29 09:26:56',0,1,NULL,NULL),(576,'2015-12-06',0,'','',158,84,120,'2015-12-29 09:27:06',0,1,NULL,NULL),(577,'2015-11-21',16,'','',158,84,120,'2015-12-29 09:26:52',0,1,NULL,NULL),(578,'2015-09-27',12,'','',159,84,121,'2015-12-29 09:30:46',0,1,NULL,NULL),(579,'2015-10-11',2,'','',159,84,121,'2015-12-29 09:30:49',0,1,NULL,NULL),(580,'2015-10-12',22,'','',159,84,121,'2015-12-29 09:30:53',0,1,NULL,NULL),(581,'2015-09-29',22,'','',159,84,121,'2015-12-29 09:30:56',0,1,NULL,NULL),(582,'2015-10-14',22,'','',159,84,121,'2015-12-29 09:31:00',0,1,NULL,NULL),(583,'2015-10-09',22,'','',159,84,121,'2015-12-29 09:31:04',0,1,NULL,NULL),(584,'2015-10-19',22,'','',159,84,121,'2015-12-29 09:31:07',0,1,NULL,NULL),(585,'2015-10-21',0,'','',159,84,121,'2015-12-29 09:31:14',0,1,NULL,NULL),(586,'2015-10-22',24,'','',159,84,121,'2015-12-29 09:31:10',0,1,NULL,NULL),(587,'2015-10-27',22,'','',159,84,121,'2015-12-29 09:31:17',0,1,NULL,NULL),(588,'2015-11-03',0,'','',159,84,121,'2015-12-29 09:31:20',0,1,NULL,NULL),(589,'2015-11-05',0,'','',159,84,121,'2015-12-29 09:31:25',0,1,NULL,NULL),(590,'2015-11-17',0,'','',159,84,121,'2015-12-29 09:31:28',0,1,NULL,NULL),(591,'2015-11-19',0,'','',159,84,121,'2015-12-29 09:31:32',0,1,NULL,NULL),(592,'2015-11-24',0,'','',159,84,121,'2015-12-29 09:31:37',0,1,NULL,NULL),(593,'2015-11-26',22,'','',159,84,121,'2015-12-29 09:31:40',0,1,NULL,NULL),(594,'2015-12-03',0,'','',159,84,121,'2015-12-29 09:31:43',0,1,NULL,NULL),(595,'2015-12-23',18,'','',159,84,121,'2015-12-29 09:31:46',0,1,NULL,NULL),(596,'2015-10-06',10,'','',160,84,122,'2015-12-29 09:35:08',0,1,NULL,NULL),(597,'2015-10-09',10,'','',160,84,122,'2015-12-29 09:35:13',0,1,NULL,NULL),(598,'2015-10-08',10,'','',160,84,122,'2015-12-29 09:35:16',0,1,NULL,NULL),(599,'2015-10-12',10,'','',160,84,122,'2015-12-29 09:35:20',0,1,NULL,NULL),(600,'2015-10-14',10,'','',160,84,122,'2015-12-29 09:35:22',0,1,NULL,NULL),(601,'2015-10-16',10,'','',160,84,122,'2015-12-29 09:35:25',0,1,NULL,NULL),(602,'2015-10-26',10,'','',160,84,122,'2015-12-29 09:35:36',0,1,NULL,NULL),(603,'2015-10-28',10,'','',160,84,122,'2015-12-29 09:35:42',0,1,NULL,NULL),(604,'2015-10-31',20,'','',160,84,122,'2015-12-29 09:35:47',0,1,NULL,NULL),(605,'2015-11-02',10,'','',160,84,122,'2015-12-29 09:35:52',0,1,NULL,NULL),(606,'2015-11-04',10,'','',160,84,122,'2015-12-29 09:35:57',0,1,NULL,NULL),(607,'2015-11-06',10,'','',160,84,122,'2015-12-29 09:36:01',0,1,NULL,NULL),(608,'2015-11-07',10,'','',160,84,122,'2015-12-29 09:36:05',0,1,NULL,NULL),(609,'2015-11-09',10,'','',160,84,122,'2015-12-29 09:36:09',0,1,NULL,NULL),(610,'2015-11-11',10,'','',160,84,122,'2015-12-29 09:36:15',0,1,NULL,NULL),(611,'2015-11-13',10,'','',160,84,122,'2015-12-29 09:36:20',0,1,NULL,NULL),(612,'2015-11-23',10,'','',160,84,122,'2015-12-29 09:36:24',0,1,NULL,NULL),(613,'2015-11-27',10,'','',160,84,122,'2015-12-29 09:36:30',0,1,NULL,NULL),(614,'2015-11-30',10,'','',160,84,122,'2015-12-29 09:36:34',0,1,NULL,NULL),(615,'2015-12-10',10,'','',160,84,122,'2015-12-29 09:36:37',0,1,NULL,NULL),(616,'2015-12-16',10,'','',160,84,122,'2015-12-29 09:36:40',0,1,NULL,NULL),(617,'2015-12-28',10,'','',160,84,122,'2015-12-29 09:36:44',0,1,NULL,NULL),(618,'2015-10-11',18,'','',161,84,123,'2015-12-29 09:39:37',0,1,NULL,NULL),(619,'2015-10-15',24,'','',161,84,123,'2015-12-29 09:39:42',0,1,NULL,NULL),(620,'2015-10-13',20,'','',161,84,123,'2015-12-29 09:39:46',0,1,NULL,NULL),(621,'2015-10-23',4,'','',161,84,123,'2015-12-29 09:39:49',0,1,NULL,NULL),(622,'2015-10-21',20,'','',161,84,123,'2015-12-29 09:39:53',0,1,NULL,NULL),(623,'2015-10-28',22,'','',161,84,123,'2015-12-29 09:39:56',0,1,NULL,NULL),(624,'2015-11-02',22,'','',161,84,123,'2015-12-29 09:39:59',0,1,NULL,NULL),(625,'2015-11-04',22,'','',161,84,123,'2015-12-29 09:40:03',0,1,NULL,NULL),(626,'2015-11-11',22,'','',161,84,123,'2015-12-29 09:40:06',0,1,NULL,NULL),(627,'2015-11-21',6,'','',161,84,123,'2015-12-29 09:40:10',0,1,NULL,NULL),(628,'2015-11-07',14,'','',162,84,124,'2015-12-29 09:43:18',0,1,NULL,NULL),(629,'2015-11-16',14,'','',162,84,124,'2015-12-29 09:43:21',0,1,NULL,NULL),(630,'2015-11-20',14,'','',162,84,124,'2015-12-29 09:43:28',0,1,NULL,NULL),(631,'2015-11-12',16,'','',162,84,124,'2015-12-29 09:43:24',0,1,NULL,NULL),(632,'2015-11-09',14,'','',162,84,124,'2015-12-29 09:43:31',0,1,NULL,NULL),(633,'2015-11-23',14,'','',162,84,124,'2015-12-29 09:43:34',0,1,NULL,NULL),(634,'2015-11-28',16,'','',162,84,124,'2015-12-29 09:43:37',0,1,NULL,NULL),(635,'2015-09-25',16,'','',163,84,125,'2015-12-29 09:47:03',0,1,NULL,NULL),(636,'2015-10-23',16,'','',163,84,125,'2015-12-29 09:47:07',0,1,NULL,NULL),(637,'2015-11-24',16,'','',163,84,125,'2015-12-29 09:47:10',0,1,NULL,NULL),(638,'2015-11-03',16,'','',163,84,125,'2015-12-29 09:47:45',0,1,NULL,NULL),(639,'2015-11-11',18,'','',163,84,125,'2015-12-29 09:47:41',0,1,NULL,NULL),(640,'2015-10-30',16,'','',163,84,125,'2015-12-29 09:47:38',0,1,NULL,NULL),(641,'2015-10-20',16,'','',163,84,125,'2015-12-29 09:47:34',0,1,NULL,NULL),(642,'2015-11-27',18,'','',163,84,125,'2015-12-29 09:47:30',0,1,NULL,NULL),(643,'2015-12-01',16,'','',163,84,125,'2015-12-29 09:47:22',0,1,NULL,NULL),(644,'2015-12-08',16,'','',163,84,125,'2015-12-29 09:47:19',0,1,NULL,NULL),(645,'2015-12-11',16,'','',163,84,125,'2015-12-29 09:47:16',0,1,NULL,NULL),(646,'2015-12-21',16,'','',163,84,125,'2015-12-29 09:47:13',0,1,NULL,NULL),(647,'2015-11-30',16,'','',164,84,126,'2015-12-29 09:50:35',0,1,NULL,NULL),(648,'2015-12-14',16,'','',164,84,126,'2015-12-29 09:50:43',0,1,NULL,NULL),(649,'2015-12-07',16,'','',164,84,126,'2015-12-29 09:50:48',0,1,NULL,NULL),(650,'2015-12-09',16,'','',164,84,126,'2015-12-29 09:50:52',0,1,NULL,NULL),(651,'2015-12-04',16,'','',164,84,126,'2015-12-29 09:50:56',0,1,NULL,NULL),(652,'2015-12-11',18,'','',164,84,126,'2015-12-29 09:51:00',0,1,NULL,NULL),(653,'2015-12-02',16,'','',164,84,126,'2015-12-29 09:51:03',0,1,NULL,NULL),(654,'2015-12-17',16,'','',164,84,126,'2015-12-29 09:51:06',0,1,NULL,NULL),(655,'2015-12-21',14,'','',164,84,126,'2015-12-29 09:51:09',0,1,NULL,NULL),(656,'2015-12-23',16,'','',164,84,126,'2015-12-29 09:51:12',0,1,NULL,NULL),(657,'2015-12-24',14,'','',164,84,126,'2015-12-29 09:51:15',0,1,NULL,NULL),(658,'2015-12-27',20,'','',165,84,127,'2015-12-29 09:52:56',0,1,NULL,NULL),(659,'2015-12-29',4,'','',165,84,127,'2015-12-29 09:53:00',0,1,NULL,NULL),(661,'2015-12-30',14,'','',59,8,19,'2015-12-30 01:09:20',0,0,NULL,NULL),(663,'2015-12-30',4,'','',139,84,102,'2015-12-30 04:39:24',0,1,NULL,NULL),(665,'2015-12-30',20,'','',159,84,121,'2016-01-04 14:09:59',0,1,NULL,NULL),(666,'2015-12-30',22,'','',156,84,118,'2016-01-04 07:32:54',0,1,NULL,NULL),(667,'2015-08-05',21,'','',166,86,128,'2015-12-30 02:40:10',0,1,NULL,NULL),(668,'2015-08-14',19,'','',166,86,128,'2015-12-30 02:40:14',0,1,NULL,NULL),(669,'2015-08-10',19,'','',166,86,128,'2015-12-30 02:41:41',0,1,NULL,NULL),(670,'2015-08-24',23,'','',166,86,128,'2015-12-30 02:41:44',0,1,NULL,NULL),(671,'2015-08-12',19,'','',166,86,128,'2015-12-30 02:40:21',0,1,NULL,NULL),(672,'2015-08-19',19,'','',166,86,128,'2015-12-30 02:41:48',0,1,NULL,NULL),(673,'2015-08-28',6,'','',166,86,128,'2015-12-30 02:41:55',0,1,NULL,NULL),(674,'2015-08-31',20,'','',166,86,128,'2015-12-30 02:42:00',0,1,NULL,NULL),(675,'2015-09-07',21,'','',166,86,128,'2015-12-30 02:42:04',0,1,NULL,NULL),(676,'2015-09-09',20,'','',166,86,128,'2015-12-30 02:42:08',0,1,NULL,NULL),(677,'2015-09-17',20,'','',166,86,128,'2015-12-30 02:42:12',0,1,NULL,NULL),(678,'2015-09-21',20,'','',166,86,128,'2015-12-30 02:42:15',0,1,NULL,NULL),(679,'2015-09-25',20,'','',166,86,128,'2015-12-30 02:42:19',0,1,NULL,NULL),(680,'2015-10-12',20,'','',166,86,128,'2015-12-30 02:42:25',0,1,NULL,NULL),(681,'2015-10-16',7,'','',166,86,128,'2015-12-30 02:42:33',0,1,NULL,NULL),(682,'2015-10-14',19,'','',166,86,128,'2015-12-30 02:42:47',0,1,NULL,NULL),(683,'2015-08-05',22,'','',167,84,129,'2015-12-30 02:48:33',0,1,NULL,NULL),(684,'2015-08-10',20,'','',167,84,129,'2015-12-30 02:48:18',0,1,NULL,NULL),(685,'2015-08-27',22,'','',167,84,129,'2015-12-30 02:48:22',0,1,NULL,NULL),(686,'2015-08-24',20,'','',167,84,129,'2015-12-30 02:48:30',0,1,NULL,NULL),(687,'2015-08-12',20,'','',167,84,129,'2015-12-30 02:48:37',0,1,NULL,NULL),(688,'2015-08-18',20,'','',167,84,129,'2015-12-30 02:48:41',0,1,NULL,NULL),(689,'2015-09-07',20,'','',167,84,129,'2015-12-30 02:48:44',0,1,NULL,NULL),(690,'2015-09-09',20,'','',167,84,129,'2015-12-30 02:48:51',0,1,NULL,NULL),(691,'2015-09-15',12,'','',167,84,129,'2015-12-30 02:48:47',0,1,NULL,NULL),(692,'2015-09-23',12,'','',167,84,129,'2015-12-30 02:48:54',0,1,NULL,NULL),(693,'2015-11-04',18,'','',167,84,129,'2015-12-30 02:48:57',0,1,NULL,NULL),(694,'2015-11-18',20,'','',167,84,129,'2015-12-30 02:49:01',0,1,NULL,NULL),(695,'2015-11-25',18,'','',167,84,129,'2015-12-30 02:49:04',0,1,NULL,NULL),(696,'2015-12-07',22,'','',167,84,129,'2015-12-30 02:49:07',0,1,NULL,NULL),(697,'2015-12-09',20,'','',167,84,129,'2015-12-30 02:49:10',0,1,NULL,NULL),(698,'2015-12-23',20,'','',167,84,129,'2015-12-30 02:49:13',0,1,NULL,NULL),(699,'2015-08-15',2,'','',168,86,130,'2015-12-30 02:52:57',0,1,NULL,NULL),(700,'2015-08-18',22,'','',168,86,130,'2015-12-30 02:53:00',0,1,NULL,NULL),(701,'2015-08-21',22,'','',168,86,130,'2015-12-30 02:53:04',0,1,NULL,NULL),(702,'2015-08-23',2,'','',168,86,130,'2015-12-30 02:53:07',0,1,NULL,NULL),(703,'2015-08-17',22,'','',168,86,130,'2015-12-30 02:53:11',0,1,NULL,NULL),(704,'2015-08-30',1,'','',168,86,130,'2015-12-30 02:53:14',0,1,NULL,NULL),(705,'2015-09-13',0,'','',168,86,130,'2015-12-30 02:53:18',0,1,NULL,NULL),(706,'2015-09-14',22,'','',168,86,130,'2015-12-30 02:53:24',0,1,NULL,NULL),(707,'2015-09-16',22,'','',168,86,130,'2015-12-30 02:53:21',0,1,NULL,NULL),(708,'2015-09-18',24,'','',168,86,130,'2015-12-30 02:53:27',0,1,NULL,NULL),(709,'2015-09-23',22,'','',168,86,130,'2015-12-30 02:53:30',0,1,NULL,NULL),(710,'2015-09-28',22,'','',168,86,130,'2015-12-30 02:53:34',0,1,NULL,NULL),(711,'2015-10-25',20,'','',168,86,130,'2015-12-30 02:53:38',0,1,NULL,NULL),(712,'2015-10-26',22,'','',168,86,130,'2015-12-30 02:53:42',0,1,NULL,NULL),(713,'2015-10-28',22,'','',168,86,130,'2015-12-30 02:53:45',0,1,NULL,NULL),(714,'2015-08-31',22,'','',168,86,130,'2015-12-30 02:53:48',0,1,NULL,NULL),(715,'2015-08-18',14,'','',169,86,131,'2015-12-30 02:56:28',0,1,NULL,NULL),(716,'2015-09-01',14,'','',169,86,131,'2015-12-30 02:56:31',0,1,NULL,NULL),(717,'2015-11-18',14,'','',169,86,131,'2015-12-30 02:56:35',0,1,NULL,NULL),(718,'2015-11-27',14,'','',169,86,131,'2015-12-30 02:56:38',0,1,NULL,NULL),(719,'2015-09-14',14,'','',169,86,131,'2015-12-30 02:56:42',0,1,NULL,NULL),(720,'2015-09-05',14,'','',169,86,131,'2015-12-30 02:56:45',0,1,NULL,NULL),(721,'2015-09-08',14,'','',169,86,131,'2015-12-30 02:56:48',0,1,NULL,NULL),(722,'2015-09-10',14,'','',169,86,131,'2015-12-30 02:56:51',0,1,NULL,NULL),(723,'2015-11-01',6,'','',170,86,132,'2015-12-30 03:01:22',0,1,NULL,NULL),(724,'2015-11-15',4,'','',170,86,132,'2015-12-30 03:01:26',0,1,NULL,NULL),(725,'2015-12-13',6,'','',170,86,132,'2015-12-30 03:01:32',0,1,NULL,NULL),(726,'2015-11-08',6,'','',170,86,132,'2015-12-30 03:01:38',0,1,NULL,NULL),(727,'2015-12-16',3,'','',170,86,132,'2015-12-30 03:01:43',0,1,NULL,NULL),(728,'2015-12-21',6,'','',170,86,132,'2015-12-30 03:01:52',0,1,NULL,NULL),(729,'2015-12-24',4,'','',170,86,132,'2015-12-30 03:01:55',0,1,NULL,NULL),(730,'2015-12-27',6,'','',170,86,132,'2015-12-30 03:01:59',0,1,NULL,NULL),(731,'2015-09-21',4,'','',171,86,133,'2015-12-30 03:05:54',0,1,NULL,NULL),(732,'2015-09-23',8,'','',171,86,133,'2015-12-30 03:05:57',0,1,NULL,NULL),(733,'2015-09-28',4,'','',171,86,133,'2015-12-30 03:06:01',0,1,NULL,NULL),(734,'2015-09-25',4,'','',171,86,133,'2015-12-30 03:06:04',0,1,NULL,NULL),(735,'2015-11-04',4,'','',171,86,133,'2015-12-30 03:06:07',0,1,NULL,NULL),(736,'2015-10-12',4,'','',171,86,133,'2015-12-30 03:06:10',0,1,NULL,NULL),(737,'2015-11-10',5,'','',171,86,133,'2015-12-30 03:06:13',0,1,NULL,NULL),(738,'2015-11-12',4,'','',171,86,133,'2015-12-30 03:06:16',0,1,NULL,NULL),(739,'2015-08-12',21,'','',172,86,134,'2015-12-30 03:09:13',0,1,NULL,NULL),(740,'2015-08-26',22,'','',172,86,134,'2015-12-30 03:09:17',0,1,NULL,NULL),(741,'2015-08-23',18,'','',172,86,134,'2015-12-30 03:09:37',0,1,NULL,NULL),(742,'2015-08-15',12,'','',172,86,134,'2015-12-30 03:09:58',0,1,NULL,NULL),(743,'2015-09-06',21,'','',172,86,134,'2015-12-30 03:10:33',0,1,NULL,NULL),(744,'2015-08-28',21,'','',172,86,134,'2015-12-30 03:10:37',0,1,NULL,NULL),(745,'2015-08-09',9,'','',173,86,135,'2015-12-30 03:18:16',0,1,NULL,NULL),(746,'2015-08-16',16,'','',173,86,135,'2015-12-30 03:18:37',0,1,NULL,NULL),(747,'2015-08-18',16,'','',173,86,135,'2015-12-30 03:18:40',0,1,NULL,NULL),(748,'2015-08-13',15,'','',173,86,135,'2015-12-30 03:18:31',0,1,NULL,NULL),(749,'2015-08-11',15,'','',173,86,135,'2015-12-30 03:18:28',0,1,NULL,NULL),(750,'2015-08-20',16,'','',173,86,135,'2015-12-30 03:18:47',0,1,NULL,NULL),(751,'2015-08-23',16,'','',173,86,135,'2015-12-30 03:18:50',0,1,NULL,NULL),(752,'2015-08-25',16,'','',173,86,135,'2015-12-30 03:18:54',0,1,NULL,NULL),(753,'2015-08-27',15,'','',173,86,135,'2015-12-30 03:18:57',0,1,NULL,NULL),(754,'2015-08-30',15,'','',173,86,135,'2015-12-30 03:19:07',0,1,NULL,NULL),(755,'2015-09-01',12,'','',173,86,135,'2015-12-30 03:19:11',0,1,NULL,NULL),(756,'2015-09-04',18,'','',173,86,135,'2015-12-30 03:19:14',0,1,NULL,NULL),(757,'2015-09-06',17,'','',173,86,135,'2015-12-30 03:19:00',0,1,NULL,NULL),(758,'2015-09-08',17,'','',173,86,135,'2015-12-30 03:19:04',0,1,NULL,NULL),(759,'2015-09-10',16,'','',173,86,135,'2015-12-30 03:19:20',0,1,NULL,NULL),(760,'2015-09-15',16,'','',173,86,135,'2015-12-30 03:19:23',0,1,NULL,NULL),(761,'2015-09-13',16,'','',173,86,135,'2015-12-30 03:19:26',0,1,NULL,NULL),(762,'2015-09-22',16,'','',173,86,135,'2015-12-30 03:19:30',0,1,NULL,NULL),(763,'2015-09-24',2,'','',173,86,135,'2015-12-30 03:19:39',0,1,NULL,NULL),(764,'2015-09-27',14,'','',173,86,135,'2015-12-30 03:19:43',0,1,NULL,NULL),(765,'2015-09-29',14,'','',173,86,135,'2015-12-30 03:19:47',0,1,NULL,NULL),(766,'2015-10-27',16,'','',173,86,135,'2015-12-30 03:19:51',0,1,NULL,NULL),(767,'2015-11-01',14,'','',173,86,135,'2015-12-30 03:19:57',0,1,NULL,NULL),(768,'2015-11-03',4,'','',173,86,135,'2015-12-30 03:19:54',0,1,NULL,NULL),(769,'2015-11-05',16,'','',173,86,135,'2015-12-30 03:20:01',0,1,NULL,NULL),(770,'2015-11-08',16,'','',173,86,135,'2015-12-30 03:20:11',0,1,NULL,NULL),(771,'2015-11-17',16,'','',173,86,135,'2015-12-30 03:20:14',0,1,NULL,NULL),(772,'2015-11-19',16,'','',173,86,135,'2015-12-30 03:20:05',0,1,NULL,NULL),(773,'2015-11-22',16,'','',173,86,135,'2015-12-30 03:20:21',0,1,NULL,NULL),(774,'2015-11-29',2,'','',173,86,135,'2015-12-30 03:20:18',0,1,NULL,NULL),(775,'2015-12-01',16,'','',173,86,135,'2015-12-30 03:20:24',0,1,NULL,NULL),(776,'2015-12-03',16,'','',173,86,135,'2015-12-30 03:20:27',0,1,NULL,NULL),(777,'2015-12-06',16,'','',173,86,135,'2015-12-30 03:20:30',0,1,NULL,NULL),(778,'2015-12-10',2,'','',173,86,135,'2015-12-30 03:20:33',0,1,NULL,NULL),(779,'2015-12-08',16,'','',173,86,135,'2015-12-30 03:20:36',0,1,NULL,NULL),(780,'2015-12-13',2,'','',173,86,135,'2015-12-30 03:18:06',0,1,NULL,NULL),(781,'2015-12-15',14,'','',173,86,135,'2015-12-30 03:18:00',0,1,NULL,NULL),(782,'2015-12-27',2,'','',173,86,135,'2015-12-30 03:17:57',0,1,NULL,NULL),(783,'2015-12-29',2,'','',173,86,135,'2015-12-30 03:17:54',0,1,NULL,NULL),(784,'2015-08-11',21,'','',175,86,136,'2015-12-30 03:28:50',0,1,NULL,NULL),(785,'2015-08-13',21,'','',175,86,136,'2015-12-30 03:28:54',0,1,NULL,NULL),(786,'2015-08-18',20,'','',175,86,136,'2015-12-30 03:28:57',0,1,NULL,NULL),(787,'2015-08-20',21,'','',175,86,136,'2015-12-30 03:29:00',0,1,NULL,NULL),(788,'2015-08-25',18,'','',175,86,136,'2015-12-30 03:29:05',0,1,NULL,NULL),(789,'2015-09-01',20,'','',175,86,136,'2015-12-30 03:29:13',0,1,NULL,NULL),(790,'2015-09-08',20,'','',175,86,136,'2015-12-30 03:29:16',0,1,NULL,NULL),(791,'2015-09-10',20,'','',175,86,136,'2015-12-30 03:29:21',0,1,NULL,NULL),(792,'2015-09-15',20,'','',175,86,136,'2015-12-30 03:29:26',0,1,NULL,NULL),(793,'2015-09-22',20,'','',175,86,136,'2015-12-30 03:29:29',0,1,NULL,NULL),(794,'2015-09-29',20,'','',175,86,136,'2015-12-30 03:29:33',0,1,NULL,NULL),(795,'2015-10-13',20,'','',175,86,136,'2015-12-30 03:29:37',0,1,NULL,NULL),(796,'2015-10-15',20,'','',175,86,136,'2015-12-30 03:29:43',0,1,NULL,NULL),(797,'2015-10-20',20,'','',175,86,136,'2015-12-30 03:29:50',0,1,NULL,NULL),(798,'2015-10-27',20,'','',175,86,136,'2015-12-30 03:29:53',0,1,NULL,NULL),(799,'2015-10-29',20,'','',175,86,136,'2015-12-30 03:29:57',0,1,NULL,NULL),(800,'2015-11-03',20,'','',175,86,136,'2015-12-30 03:30:07',0,1,NULL,NULL),(801,'2015-11-05',20,'','',175,86,136,'2015-12-30 03:30:22',0,1,NULL,NULL),(802,'2015-11-10',20,'','',175,86,136,'2015-12-30 03:30:28',0,1,NULL,NULL),(803,'2015-12-01',20,'','',175,86,136,'2015-12-30 03:30:32',0,1,NULL,NULL),(805,'2015-12-03',20,'','',175,86,136,'2015-12-30 03:30:36',0,1,NULL,NULL),(806,'2015-12-15',22,'','',175,86,136,'2015-12-30 03:30:39',0,1,NULL,NULL),(807,'2015-08-18',18,'','',176,86,137,'2015-12-30 03:39:54',0,1,NULL,NULL),(808,'2015-09-15',18,'','',176,86,137,'2015-12-30 03:40:00',0,1,NULL,NULL),(809,'2015-09-17',18,'','',176,86,137,'2015-12-30 03:40:03',0,1,NULL,NULL),(810,'2015-09-20',2,'','',176,86,137,'2015-12-30 03:40:07',0,1,NULL,NULL),(811,'2015-10-13',18,'','',176,86,137,'2015-12-30 03:40:10',0,1,NULL,NULL),(812,'2015-09-02',10,'','',176,86,137,'2015-12-30 03:40:14',0,1,NULL,NULL),(813,'2015-08-21',18,'','',176,86,137,'2015-12-30 03:40:17',0,1,NULL,NULL),(814,'2015-09-05',12,'','',176,86,137,'2015-12-30 03:40:23',0,1,NULL,NULL),(815,'2015-08-30',4,'','',176,86,137,'2015-12-30 03:40:20',0,1,NULL,NULL),(816,'2015-09-13',2,'','',176,86,137,'2015-12-30 03:40:26',0,1,NULL,NULL),(817,'2015-10-15',18,'','',176,86,137,'2015-12-30 03:40:30',0,1,NULL,NULL),(818,'2015-10-18',0,'','',176,86,137,'2015-12-30 03:40:34',0,1,NULL,NULL),(819,'2015-11-02',18,'','',176,86,137,'2015-12-30 03:40:38',0,1,NULL,NULL),(820,'2015-11-19',18,'','',176,86,137,'2015-12-30 03:40:41',0,1,NULL,NULL),(821,'2015-12-03',18,'','',176,86,137,'2015-12-30 03:40:46',0,1,NULL,NULL),(822,'2015-12-17',4,'','',176,86,137,'2015-12-30 03:40:51',0,1,NULL,NULL),(823,'2015-10-28',18,'','',176,86,137,'2015-12-30 03:40:54',0,1,NULL,NULL),(824,'2015-08-19',21,'','',177,86,138,'2015-12-30 03:45:35',0,1,NULL,NULL),(825,'2015-08-21',20,'','',177,86,138,'2015-12-30 03:45:40',0,1,NULL,NULL),(826,'2015-09-21',18,'','',177,86,138,'2015-12-30 03:45:45',0,1,NULL,NULL),(827,'2015-09-06',19,'','',177,86,138,'2015-12-30 03:46:21',0,1,NULL,NULL),(828,'2015-08-24',20,'','',177,86,138,'2015-12-30 03:46:34',0,1,NULL,NULL),(829,'2015-08-30',18,'','',177,86,138,'2015-12-30 03:46:30',0,1,NULL,NULL),(830,'2015-09-25',18,'','',177,86,138,'2015-12-30 03:46:37',0,1,NULL,NULL),(831,'2015-09-28',18,'','',177,86,138,'2015-12-30 03:46:43',0,1,NULL,NULL),(832,'2015-10-11',18,'','',177,86,138,'2015-12-30 03:46:48',0,1,NULL,NULL),(833,'2015-10-14',17,'','',177,86,138,'2015-12-30 03:46:51',0,1,NULL,NULL),(834,'2015-10-19',18,'','',177,86,138,'2015-12-30 03:46:54',0,1,NULL,NULL),(835,'2015-10-21',18,'','',177,86,138,'2015-12-30 03:46:58',0,1,NULL,NULL),(836,'2015-10-23',18,'','',177,86,138,'2015-12-30 03:47:03',0,1,NULL,NULL),(837,'2015-10-26',18,'','',177,86,138,'2015-12-30 03:47:05',0,1,NULL,NULL),(838,'2015-11-02',20,'','',177,86,138,'2015-12-30 03:47:12',0,1,NULL,NULL),(839,'2015-11-03',18,'','',177,86,138,'2015-12-30 03:47:15',0,1,NULL,NULL),(840,'2015-11-06',18,'','',177,86,138,'2015-12-30 03:47:18',0,1,NULL,NULL),(841,'2015-11-13',18,'','',177,86,138,'2015-12-30 03:47:23',0,1,NULL,NULL),(842,'2015-11-15',18,'','',177,86,138,'2015-12-30 03:47:27',0,1,NULL,NULL),(843,'2015-11-28',12,'','',177,86,138,'2015-12-30 03:47:30',0,1,NULL,NULL),(844,'2015-11-30',18,'','',177,86,138,'2015-12-30 03:47:38',0,1,NULL,NULL),(845,'2015-12-02',18,'','',177,86,138,'2015-12-30 03:47:57',0,1,NULL,NULL),(846,'2015-12-06',12,'','',177,86,138,'2015-12-30 03:47:54',0,1,NULL,NULL),(847,'2015-12-08',18,'','',177,86,138,'2015-12-30 03:47:41',0,1,NULL,NULL),(848,'2015-12-20',18,'','',177,86,138,'2015-12-30 03:47:44',0,1,NULL,NULL),(849,'2015-12-22',18,'','',177,86,138,'2015-12-30 03:47:47',0,1,NULL,NULL),(850,'2015-12-27',12,'','',177,86,138,'2015-12-30 03:47:50',0,1,NULL,NULL),(851,'2015-09-18',4,'','',178,86,139,'2015-12-30 03:52:19',0,1,NULL,NULL),(852,'2015-10-04',10,'','',178,86,139,'2015-12-30 03:52:22',0,1,NULL,NULL),(853,'2015-09-20',14,'','',178,86,139,'2015-12-30 03:52:28',0,1,NULL,NULL),(854,'2015-09-25',2,'','',178,86,139,'2015-12-30 03:52:25',0,1,NULL,NULL),(855,'2015-09-30',14,'','',178,86,139,'2015-12-30 03:52:31',0,1,NULL,NULL),(856,'2015-09-23',14,'','',178,86,139,'2015-12-30 03:52:34',0,1,NULL,NULL),(857,'2015-09-27',10,'','',178,86,139,'2015-12-30 03:52:37',0,1,NULL,NULL),(858,'2015-10-07',14,'','',178,86,139,'2015-12-30 03:52:42',0,1,NULL,NULL),(859,'2015-10-11',10,'','',178,86,139,'2015-12-30 03:52:45',0,1,NULL,NULL),(860,'2015-10-14',14,'','',178,86,139,'2015-12-30 03:53:12',0,1,NULL,NULL),(861,'2015-10-16',4,'','',178,86,139,'2015-12-30 03:53:07',0,1,NULL,NULL),(862,'2015-10-18',10,'','',178,86,139,'2015-12-30 03:53:04',0,1,NULL,NULL),(863,'2015-10-20',0,'','',178,86,139,'2015-12-30 03:53:00',0,1,NULL,NULL),(864,'2015-10-23',2,'','',178,86,139,'2015-12-30 03:52:56',0,1,NULL,NULL),(865,'2015-10-26',0,'','',178,86,139,'2015-12-30 03:52:49',0,1,NULL,NULL),(866,'2015-10-28',14,'','',178,86,139,'2015-12-30 03:52:52',0,1,NULL,NULL),(867,'2015-11-02',14,'','',178,86,139,'2015-12-30 03:53:15',0,1,NULL,NULL),(868,'2015-11-04',2,'','',178,86,139,'2015-12-30 03:53:19',0,1,NULL,NULL),(869,'2015-11-10',0,'','',178,86,139,'2015-12-30 03:53:22',0,1,NULL,NULL),(870,'2015-11-17',0,'','',178,86,139,'2015-12-30 03:53:28',0,1,NULL,NULL),(871,'2015-11-12',0,'','',178,86,139,'2015-12-30 03:53:33',0,1,NULL,NULL),(872,'2015-09-24',21,'','',179,86,140,'2015-12-30 03:58:51',0,1,NULL,NULL),(873,'2015-09-27',22,'','',179,86,140,'2015-12-30 03:58:59',0,1,NULL,NULL),(874,'2015-10-07',4,'','',179,86,140,'2015-12-30 03:59:02',0,1,NULL,NULL),(875,'2015-09-30',16,'','',179,86,140,'2015-12-30 04:01:03',0,1,NULL,NULL),(876,'2015-10-09',18,'','',179,86,140,'2015-12-30 04:00:18',0,1,NULL,NULL),(877,'2015-10-11',16,'','',179,86,140,'2015-12-30 04:00:00',0,1,NULL,NULL),(878,'2015-10-13',22,'','',179,86,140,'2015-12-30 03:59:25',0,1,NULL,NULL),(879,'2015-10-15',22,'','',179,86,140,'2015-12-30 03:59:10',0,1,NULL,NULL),(880,'2015-10-18',16,'','',179,86,140,'2015-12-30 03:59:05',0,1,NULL,NULL),(881,'2015-10-22',22,'','',179,86,140,'2015-12-30 03:59:16',0,1,NULL,NULL),(882,'2015-10-25',18,'','',179,86,140,'2015-12-30 03:59:52',0,1,NULL,NULL),(883,'2015-09-08',5,'','',180,86,141,'2015-12-30 04:04:39',0,1,NULL,NULL),(884,'2015-09-14',12,'','',180,86,141,'2015-12-30 04:04:42',0,1,NULL,NULL),(885,'2015-09-10',12,'','',180,86,141,'2015-12-30 04:04:54',0,1,NULL,NULL),(886,'2015-09-21',14,'','',180,86,141,'2015-12-30 04:04:58',0,1,NULL,NULL),(887,'2015-09-24',8,'','',180,86,141,'2015-12-30 04:05:10',0,1,NULL,NULL),(888,'2015-09-18',12,'','',180,86,141,'2015-12-30 04:05:07',0,1,NULL,NULL),(889,'2015-09-28',2,'','',180,86,141,'2015-12-30 04:04:48',0,1,NULL,NULL),(890,'2015-09-29',12,'','',180,86,141,'2015-12-30 04:04:45',0,1,NULL,NULL),(891,'2015-10-13',5,'','',180,86,141,'2015-12-30 04:04:51',0,1,NULL,NULL),(892,'2015-10-14',12,'','',180,86,141,'2015-12-30 04:05:01',0,1,NULL,NULL),(893,'2015-10-21',8,'','',180,86,141,'2015-12-30 04:05:04',0,1,NULL,NULL),(894,'2015-10-27',12,'','',180,86,141,'2015-12-30 04:05:13',0,1,NULL,NULL),(895,'2015-11-03',2,'','',180,86,141,'2015-12-30 04:05:16',0,1,NULL,NULL),(896,'2015-08-27',18,'','',181,86,142,'2015-12-30 04:08:02',0,1,NULL,NULL),(897,'2015-09-11',18,'','',181,86,142,'2015-12-30 04:08:08',0,1,NULL,NULL),(898,'2015-09-09',18,'','',181,86,142,'2015-12-30 04:08:14',0,1,NULL,NULL),(899,'2015-09-07',18,'','',181,86,142,'2015-12-30 04:08:18',0,1,NULL,NULL),(900,'2015-10-09',16,'','',181,86,142,'2015-12-30 04:08:21',0,1,NULL,NULL),(901,'2015-09-14',18,'','',181,86,142,'2015-12-30 04:08:23',0,1,NULL,NULL),(902,'2015-10-22',18,'','',181,86,142,'2015-12-30 04:08:26',0,1,NULL,NULL),(903,'2015-10-12',18,'','',181,86,142,'2015-12-30 04:08:31',0,1,NULL,NULL),(904,'2015-11-04',18,'','',181,86,142,'2015-12-30 04:08:35',0,1,NULL,NULL),(905,'2015-11-10',18,'','',181,86,142,'2015-12-30 04:08:38',0,1,NULL,NULL),(906,'2015-11-12',16,'','',181,86,142,'2015-12-30 04:08:42',0,1,NULL,NULL),(907,'2015-11-25',18,'','',181,86,142,'2015-12-30 04:08:45',0,1,NULL,NULL),(908,'2015-08-31',2,'','',182,86,143,'2015-12-30 04:20:41',0,1,NULL,NULL),(909,'2015-09-14',2,'','',182,86,143,'2015-12-30 04:20:46',0,1,NULL,NULL),(910,'2015-09-13',22,'','',182,86,143,'2015-12-30 04:20:50',0,1,NULL,NULL),(911,'2015-09-06',2,'','',182,86,143,'2015-12-30 04:20:56',0,1,NULL,NULL),(912,'2015-09-08',2,'','',182,86,143,'2015-12-30 04:20:59',0,1,NULL,NULL),(913,'2015-09-04',2,'','',182,86,143,'2015-12-30 04:21:03',0,1,NULL,NULL),(914,'2015-09-16',2,'','',182,86,143,'2015-12-30 04:21:06',0,1,NULL,NULL),(915,'2015-09-20',0,'','',182,86,143,'2015-12-30 04:21:09',0,1,NULL,NULL),(916,'2015-09-21',2,'','',182,86,143,'2015-12-30 04:21:12',0,1,NULL,NULL),(917,'2015-09-30',2,'','',182,86,143,'2015-12-30 04:21:17',0,1,NULL,NULL),(918,'2015-10-04',4,'','',182,86,143,'2015-12-30 04:21:29',0,1,NULL,NULL),(919,'2015-10-07',2,'','',182,86,143,'2015-12-30 04:21:26',0,1,NULL,NULL),(920,'2015-10-11',2,'','',182,86,143,'2015-12-30 04:21:23',0,1,NULL,NULL),(921,'2015-10-12',2,'','',182,86,143,'2015-12-30 04:21:20',0,1,NULL,NULL),(922,'2015-10-14',2,'','',182,86,143,'2015-12-30 04:21:32',0,1,NULL,NULL),(923,'2015-10-16',2,'','',182,86,143,'2015-12-30 04:21:36',0,1,NULL,NULL),(924,'2015-10-19',2,'','',182,86,143,'2015-12-30 04:21:43',0,1,NULL,NULL),(925,'2015-09-23',2,'','',182,86,143,'2015-12-30 04:21:40',0,1,NULL,NULL),(926,'2015-09-11',2,'','',182,86,143,'2015-12-30 04:21:47',0,1,NULL,NULL),(927,'2015-10-23',0,'','',182,86,143,'2015-12-30 04:21:50',0,1,NULL,NULL),(928,'2015-09-27',2,'','',182,86,143,'2015-12-30 04:21:54',0,1,NULL,NULL),(929,'2015-10-25',2,'','',182,86,143,'2015-12-30 04:21:57',0,1,NULL,NULL),(930,'2015-10-26',4,'','',182,86,143,'2015-12-30 04:22:00',0,1,NULL,NULL),(931,'2015-11-01',4,'','',182,86,143,'2015-12-30 04:22:03',0,1,NULL,NULL),(932,'2015-11-05',2,'','',182,86,143,'2015-12-30 04:22:06',0,1,NULL,NULL),(933,'2015-11-06',2,'','',182,86,143,'2015-12-30 04:22:09',0,1,NULL,NULL),(934,'2015-11-08',2,'','',182,86,143,'2015-12-30 04:22:12',0,1,NULL,NULL),(935,'2015-11-18',4,'','',182,86,143,'2015-12-30 04:22:16',0,1,NULL,NULL),(936,'2015-11-30',6,'','',182,86,143,'2015-12-30 04:22:19',0,1,NULL,NULL),(937,'2015-12-04',6,'','',182,86,143,'2015-12-30 04:22:23',0,1,NULL,NULL),(938,'2015-12-06',6,'','',182,86,143,'2015-12-30 04:22:26',0,1,NULL,NULL),(939,'2015-11-16',2,'','',182,86,143,'2015-12-30 04:22:29',0,1,NULL,NULL),(940,'2015-12-09',4,'','',182,86,143,'2015-12-30 04:22:32',0,1,NULL,NULL),(941,'2015-11-19',4,'','',182,86,143,'2015-12-30 04:22:35',0,1,NULL,NULL),(942,'2015-11-20',6,'','',182,86,143,'2015-12-30 04:22:39',0,1,NULL,NULL),(943,'2015-11-27',22,'','',182,86,143,'2015-12-30 04:22:42',0,1,NULL,NULL),(944,'2015-12-13',4,'','',183,86,143,'2015-12-30 04:24:35',0,1,NULL,NULL),(945,'2015-12-15',4,'','',183,86,143,'2015-12-30 04:24:38',0,1,NULL,NULL),(946,'2015-12-18',4,'','',183,86,143,'2015-12-30 04:24:41',0,1,NULL,NULL),(947,'2015-12-20',4,'','',183,86,143,'2015-12-30 04:24:44',0,1,NULL,NULL),(948,'2015-09-11',20,'','',184,86,144,'2015-12-30 04:31:01',0,1,NULL,NULL),(949,'2015-09-15',4,'','',184,86,144,'2015-12-30 04:31:05',0,1,NULL,NULL),(950,'2015-09-25',14,'','',184,86,144,'2015-12-30 04:31:08',0,1,NULL,NULL),(951,'2015-10-07',10,'','',184,86,144,'2015-12-30 04:31:12',0,1,NULL,NULL),(952,'2015-10-19',16,'','',184,86,144,'2015-12-30 04:31:15',0,1,NULL,NULL),(953,'2015-09-28',20,'','',184,86,144,'2015-12-30 04:31:19',0,1,NULL,NULL),(954,'2015-09-30',7,'','',184,86,144,'2015-12-30 04:31:22',0,1,NULL,NULL),(955,'2015-10-04',18,'','',184,86,144,'2015-12-30 04:31:25',0,1,NULL,NULL),(956,'2015-10-21',6,'','',184,86,144,'2015-12-30 04:31:38',0,1,NULL,NULL),(957,'2015-10-26',14,'','',184,86,144,'2015-12-30 04:31:41',0,1,NULL,NULL),(958,'2015-10-28',20,'','',184,86,144,'2015-12-30 04:31:43',0,1,NULL,NULL),(959,'2015-11-13',6,'','',184,86,144,'2015-12-30 04:31:47',0,1,NULL,NULL),(960,'2015-11-16',20,'','',184,86,144,'2015-12-30 04:31:52',0,1,NULL,NULL),(961,'2015-12-14',20,'','',184,86,144,'2015-12-30 04:32:05',0,1,NULL,NULL),(962,'2015-12-16',14,'','',184,86,144,'2015-12-30 04:32:08',0,1,NULL,NULL),(963,'2015-12-24',6,'','',184,86,144,'2015-12-30 04:32:11',0,1,NULL,NULL),(964,'2015-12-29',20,'','',184,86,144,'2015-12-30 04:32:24',0,1,NULL,NULL),(965,'2015-11-19',22,'','',184,86,144,'2015-12-30 04:32:21',0,1,NULL,NULL),(966,'2015-09-11',12,'','',185,86,145,'2015-12-30 04:38:32',0,1,NULL,NULL),(967,'2015-09-18',2,'','',185,86,145,'2015-12-30 04:38:36',0,1,NULL,NULL),(968,'2015-09-25',10,'','',185,86,145,'2015-12-30 04:38:39',0,1,NULL,NULL),(969,'2015-09-15',2,'','',185,86,145,'2015-12-30 04:38:44',0,1,NULL,NULL),(970,'2015-09-23',10,'','',185,86,145,'2015-12-30 04:38:58',0,1,NULL,NULL),(971,'2015-09-29',10,'','',185,86,145,'2015-12-30 04:39:01',0,1,NULL,NULL),(972,'2015-09-21',10,'','',185,86,145,'2015-12-30 04:38:52',0,1,NULL,NULL),(973,'2015-09-30',10,'','',185,86,145,'2015-12-30 04:39:07',0,1,NULL,NULL),(974,'2015-10-09',10,'','',185,86,145,'2015-12-30 04:39:11',0,1,NULL,NULL),(975,'2015-10-13',10,'','',185,86,145,'2015-12-30 04:39:52',0,1,NULL,NULL),(976,'2015-10-15',11,'','',185,86,145,'2015-12-30 04:39:59',0,1,NULL,NULL),(977,'2015-10-19',10,'','',185,86,145,'2015-12-30 04:39:55',0,1,NULL,NULL),(978,'2015-10-22',10,'','',185,86,145,'2015-12-30 04:40:02',0,1,NULL,NULL),(979,'2015-10-27',10,'','',185,86,145,'2015-12-30 04:40:05',0,1,NULL,NULL),(980,'2015-11-03',14,'','',185,86,145,'2015-12-30 04:40:12',0,1,NULL,NULL),(981,'2015-11-06',12,'','',185,86,145,'2015-12-30 04:40:15',0,1,NULL,NULL),(982,'2015-11-09',10,'','',185,86,145,'2015-12-30 04:40:18',0,1,NULL,NULL),(983,'2015-11-13',10,'','',185,86,145,'2015-12-30 04:40:22',0,1,NULL,NULL),(984,'2015-11-16',10,'','',185,86,145,'2015-12-30 04:40:25',0,1,NULL,NULL),(985,'2015-11-20',12,'','',185,86,145,'2015-12-30 04:40:29',0,1,NULL,NULL),(986,'2015-09-14',0,'','',186,86,146,'2015-12-30 04:44:31',0,1,NULL,NULL),(987,'2015-10-14',0,'','',186,86,146,'2015-12-30 04:44:59',0,1,NULL,NULL),(988,'2015-09-20',24,'','',186,86,146,'2015-12-30 04:44:40',0,1,NULL,NULL),(989,'2015-11-03',0,'','',186,86,146,'2015-12-30 04:45:09',0,1,NULL,NULL),(990,'2015-11-08',12,'','',186,86,146,'2015-12-30 04:45:15',0,1,NULL,NULL),(991,'2015-11-10',3,'','',186,86,146,'2015-12-30 04:45:23',0,1,NULL,NULL),(992,'2015-11-12',2,'','',186,86,146,'2015-12-30 04:45:26',0,1,NULL,NULL),(993,'2015-09-16',4,'','',186,86,146,'2015-12-30 04:44:36',0,1,NULL,NULL),(994,'2015-09-23',0,'','',186,86,146,'2015-12-30 04:44:44',0,1,NULL,NULL),(995,'2015-11-23',10,'','',186,86,146,'2015-12-30 04:45:30',0,1,NULL,NULL),(996,'2015-11-27',16,'','',186,86,146,'2015-12-30 04:45:33',0,1,NULL,NULL),(997,'2015-11-30',12,'','',186,86,146,'2015-12-30 04:45:36',0,1,NULL,NULL),(998,'2015-10-04',0,'','',186,86,146,'2015-12-30 04:44:54',0,1,NULL,NULL),(999,'2015-11-01',12,'','',186,86,146,'2015-12-30 04:45:05',0,1,NULL,NULL),(1000,'2015-09-20',19,'','',187,86,147,'2015-12-30 05:07:22',0,1,NULL,NULL),(1001,'2015-09-27',18,'','',187,86,147,'2015-12-30 05:07:26',0,1,NULL,NULL),(1002,'2015-10-07',18,'','',187,86,147,'2015-12-30 05:07:29',0,1,NULL,NULL),(1003,'2015-10-18',20,'','',187,86,147,'2015-12-30 05:07:32',0,1,NULL,NULL),(1004,'2015-10-20',22,'','',187,86,147,'2015-12-30 05:07:36',0,1,NULL,NULL),(1005,'2015-10-25',22,'','',187,86,147,'2015-12-30 05:07:38',0,1,NULL,NULL),(1006,'2015-10-27',22,'','',187,86,147,'2015-12-30 05:07:42',0,1,NULL,NULL),(1007,'2015-10-09',20,'','',187,86,147,'2015-12-30 05:07:46',0,1,NULL,NULL),(1008,'2015-09-29',22,'','',187,86,147,'2015-12-30 05:07:49',0,1,NULL,NULL),(1009,'2015-10-05',18,'','',187,86,147,'2015-12-30 05:07:53',0,1,NULL,NULL),(1010,'2015-11-03',22,'','',187,86,147,'2015-12-30 05:07:57',0,1,NULL,NULL),(1011,'2015-11-05',22,'','',187,86,147,'2015-12-30 05:08:01',0,1,NULL,NULL),(1012,'2015-10-11',20,'','',187,86,147,'2015-12-30 05:08:04',0,1,NULL,NULL),(1013,'2015-11-08',20,'','',187,86,147,'2015-12-30 05:08:08',0,1,NULL,NULL),(1014,'2015-11-10',22,'','',187,86,147,'2015-12-30 05:08:15',0,1,NULL,NULL),(1015,'2015-11-12',22,'','',187,86,147,'2015-12-30 05:08:19',0,1,NULL,NULL),(1016,'2015-11-22',10,'','',187,86,147,'2015-12-30 05:08:26',0,1,NULL,NULL),(1017,'2015-11-23',22,'','',187,86,147,'2015-12-30 05:08:47',0,1,NULL,NULL),(1018,'2015-11-29',20,'','',187,86,147,'2015-12-30 05:08:50',0,1,NULL,NULL),(1019,'2015-12-01',22,'','',187,86,147,'2015-12-30 05:09:06',0,1,NULL,NULL),(1020,'2015-12-06',20,'','',187,86,147,'2015-12-30 05:09:11',0,1,NULL,NULL),(1021,'2015-12-10',20,'','',187,86,147,'2015-12-30 05:09:16',0,1,NULL,NULL),(1022,'2015-12-17',20,'','',187,86,147,'2015-12-30 05:09:44',0,1,NULL,NULL),(1023,'2015-12-23',22,'','',187,86,147,'2015-12-30 05:09:41',0,1,NULL,NULL),(1024,'2015-11-25',22,'','',187,86,147,'2015-12-30 05:09:38',0,1,NULL,NULL),(1025,'2015-12-27',14,'','',187,86,147,'2015-12-30 05:09:34',0,1,NULL,NULL),(1026,'2015-12-07',20,'','',187,86,147,'2015-12-30 05:09:25',0,1,NULL,NULL),(1027,'2015-12-28',22,'','',187,86,147,'2015-12-30 05:09:22',0,1,NULL,NULL),(1028,'2015-12-29',22,'','',187,86,147,'2015-12-30 05:09:19',0,1,NULL,NULL),(1029,'2015-12-13',20,'','',187,86,147,'2015-12-30 05:09:28',0,1,NULL,NULL),(1030,'2015-12-09',22,'','',187,86,147,'2015-12-30 05:09:31',0,1,NULL,NULL),(1031,'2015-11-13',12,'','',188,86,148,'2015-12-30 05:13:56',0,1,NULL,NULL),(1032,'2015-11-20',10,'','',188,86,148,'2015-12-30 05:13:59',0,1,NULL,NULL),(1033,'2015-11-17',10,'','',188,86,148,'2015-12-30 05:14:02',0,1,NULL,NULL),(1034,'2015-12-01',12,'','',188,86,148,'2015-12-30 05:14:06',0,1,NULL,NULL),(1035,'2015-12-06',10,'','',188,86,148,'2015-12-30 05:14:10',0,1,NULL,NULL),(1036,'2015-12-11',10,'','',188,86,148,'2015-12-30 05:14:13',0,1,NULL,NULL),(1037,'2015-12-15',12,'','',188,86,148,'2015-12-30 05:14:17',0,1,NULL,NULL),(1038,'2015-12-18',10,'','',188,86,148,'2015-12-30 05:14:20',0,1,NULL,NULL),(1039,'2015-12-22',12,'','',188,86,148,'2015-12-30 05:14:23',0,1,NULL,NULL),(1040,'2015-12-25',10,'','',188,86,148,'2015-12-30 05:14:26',0,1,NULL,NULL),(1041,'2015-11-27',10,'','',188,86,148,'2015-12-30 05:14:29',0,1,NULL,NULL),(1042,'2015-11-24',12,'','',188,86,148,'2015-12-30 05:14:32',0,1,NULL,NULL),(1043,'2015-09-24',5,'','',189,86,149,'2015-12-30 05:17:42',0,1,NULL,NULL),(1044,'2015-11-05',4,'','',189,86,149,'2015-12-30 05:18:22',0,1,NULL,NULL),(1045,'2015-10-27',2,'','',189,86,149,'2015-12-30 05:18:18',0,1,NULL,NULL),(1046,'2015-10-16',0,'','',189,86,149,'2015-12-30 05:17:49',0,1,NULL,NULL),(1047,'2015-10-20',2,'','',189,86,149,'2015-12-30 05:17:54',0,1,NULL,NULL),(1048,'2015-10-13',2,'','',189,86,149,'2015-12-30 05:17:46',0,1,NULL,NULL),(1049,'2015-11-19',12,'','',189,86,149,'2015-12-30 05:18:15',0,1,NULL,NULL),(1050,'2015-10-22',2,'','',189,86,149,'2015-12-30 05:18:12',0,1,NULL,NULL),(1051,'2015-11-16',18,'','',190,86,150,'2015-12-30 05:22:35',0,1,NULL,NULL),(1052,'2015-11-17',18,'','',190,86,150,'2015-12-30 05:22:39',0,1,NULL,NULL),(1053,'2015-11-22',12,'','',190,86,150,'2015-12-30 05:22:42',0,1,NULL,NULL),(1054,'2015-11-27',18,'','',190,86,150,'2015-12-30 05:23:25',0,1,NULL,NULL),(1055,'2015-11-29',0,'','',190,86,150,'2015-12-30 05:23:29',0,1,NULL,NULL),(1056,'2015-11-23',20,'','',190,86,150,'2015-12-30 05:23:12',0,1,NULL,NULL),(1057,'2015-11-24',18,'','',190,86,150,'2015-12-30 05:23:16',0,1,NULL,NULL),(1058,'2015-11-30',20,'','',190,86,150,'2015-12-30 05:23:35',0,1,NULL,NULL),(1059,'2015-11-26',18,'','',190,86,150,'2015-12-30 05:23:21',0,1,NULL,NULL),(1060,'2015-12-01',18,'','',190,86,150,'2015-12-30 05:23:41',0,1,NULL,NULL),(1061,'2015-12-11',18,'','',190,86,150,'2015-12-30 05:23:44',0,1,NULL,NULL),(1062,'2015-12-09',18,'','',190,86,150,'2015-12-30 05:23:49',0,1,NULL,NULL),(1063,'2015-12-15',18,'','',190,86,150,'2015-12-30 05:24:00',0,1,NULL,NULL),(1064,'2015-11-20',18,'','',190,86,150,'2015-12-30 05:23:00',0,1,NULL,NULL),(1065,'2015-11-18',18,'','',190,86,150,'2015-12-30 05:22:53',0,1,NULL,NULL),(1066,'2015-12-17',18,'','',190,86,150,'2015-12-30 05:24:05',0,1,NULL,NULL),(1067,'2015-12-18',18,'','',190,86,150,'2015-12-30 05:24:08',0,1,NULL,NULL),(1068,'2015-12-20',12,'','',190,86,150,'2015-12-30 05:24:11',0,1,NULL,NULL),(1069,'2015-12-24',18,'','',190,86,150,'2015-12-30 05:24:15',0,1,NULL,NULL),(1070,'2015-12-27',0,'','',190,86,150,'2015-12-30 05:24:18',0,1,NULL,NULL),(1071,'2015-12-28',18,'','',190,86,150,'2015-12-30 05:24:22',0,1,NULL,NULL),(1072,'2015-12-29',18,'','',190,86,150,'2015-12-30 05:24:27',0,1,NULL,NULL),(1073,'2015-12-14',18,'','',190,86,150,'2015-12-30 05:24:34',0,1,NULL,NULL),(1074,'2015-12-10',18,'','',190,86,150,'2015-12-30 05:23:54',0,1,NULL,NULL),(1075,'2015-12-21',18,'','',190,86,150,'2015-12-30 05:24:41',0,1,NULL,NULL),(1076,'2015-12-13',0,'','',190,86,150,'2015-12-30 05:24:44',0,1,NULL,NULL),(1077,'2015-12-17',22,'','',191,97,99,'2015-12-30 05:28:13',0,1,NULL,NULL),(1078,'2015-12-20',23,'','',191,97,99,'2015-12-30 05:28:18',0,1,NULL,NULL),(1079,'2015-12-26',21,'','',191,97,99,'2015-12-30 05:28:21',0,1,NULL,NULL),(1080,'2015-12-22',22,'','',191,97,99,'2015-12-30 05:28:24',0,1,NULL,NULL),(1081,'2015-09-14',18,'','',192,97,151,'2015-12-30 05:31:36',0,1,NULL,NULL),(1082,'2015-12-28',13,'','',192,97,151,'2015-12-30 05:31:39',0,1,NULL,NULL),(1083,'2015-09-16',18,'','',192,97,151,'2015-12-30 05:31:43',0,1,NULL,NULL),(1084,'2015-12-30',6,'','',192,97,151,'2015-12-30 05:31:46',0,1,NULL,NULL),(1085,'2015-12-18',6,'','',193,97,152,'2015-12-30 05:33:49',0,1,NULL,NULL),(1086,'2015-12-21',6,'','',193,97,152,'2015-12-30 05:33:52',0,1,NULL,NULL),(1087,'2015-12-23',6,'','',193,97,152,'2015-12-30 05:33:57',0,1,NULL,NULL),(1088,'2015-11-05',0,'','',194,97,153,'2015-12-30 05:37:05',0,1,NULL,NULL),(1089,'2015-11-11',20,'','',194,97,153,'2015-12-30 05:37:09',0,1,NULL,NULL),(1090,'2015-11-06',12,'','',194,97,153,'2015-12-30 05:37:13',0,1,NULL,NULL),(1091,'2015-11-09',22,'','',194,97,153,'2015-12-30 05:37:16',0,1,NULL,NULL),(1092,'2015-11-13',20,'','',194,97,153,'2015-12-30 05:37:19',0,1,NULL,NULL),(1093,'2015-11-17',22,'','',194,97,153,'2015-12-30 05:37:33',0,1,NULL,NULL),(1094,'2015-11-23',22,'','',194,97,153,'2015-12-30 05:37:37',0,1,NULL,NULL),(1095,'2015-11-28',22,'','',194,97,153,'2015-12-30 05:37:40',0,1,NULL,NULL),(1096,'2015-11-29',8,'','',194,97,153,'2015-12-30 05:37:44',0,1,NULL,NULL),(1097,'2015-12-29',23,'','',194,97,153,'2015-12-30 05:38:09',0,1,NULL,NULL),(1098,'2015-11-14',14,'','',194,97,153,'2015-12-30 05:37:24',0,1,NULL,NULL),(1099,'2015-11-16',22,'','',194,97,153,'2015-12-30 05:37:29',0,1,NULL,NULL),(1100,'2015-08-24',16,'','',195,97,153,'2015-12-30 05:45:09',0,1,NULL,NULL),(1101,'2015-09-01',0,'','',195,97,153,'2015-12-30 05:45:13',0,1,NULL,NULL),(1102,'2015-08-28',4,'','',195,97,153,'2015-12-30 05:45:16',0,1,NULL,NULL),(1103,'2015-08-27',0,'','',195,97,153,'2015-12-30 05:45:19',0,1,NULL,NULL),(1104,'2015-08-25',0,'','',195,97,153,'2015-12-30 05:45:25',0,1,NULL,NULL),(1105,'2015-08-29',0,'','',195,97,153,'2015-12-30 05:45:28',0,1,NULL,NULL),(1106,'2015-09-02',0,'','',195,97,153,'2015-12-30 05:45:31',0,1,NULL,NULL),(1107,'2015-09-03',0,'','',195,97,153,'2015-12-30 05:45:35',0,1,NULL,NULL),(1108,'2015-09-04',12,'','',195,97,153,'2015-12-30 05:45:38',0,1,NULL,NULL),(1109,'2015-09-07',4,'','',195,97,153,'2015-12-30 05:45:42',0,1,NULL,NULL),(1110,'2015-09-08',18,'','',195,97,153,'2015-12-30 05:45:50',0,1,NULL,NULL),(1111,'2015-09-10',6,'','',195,97,153,'2015-12-30 05:45:45',0,1,NULL,NULL),(1112,'2015-09-11',20,'','',195,97,153,'2015-12-30 05:45:53',0,1,NULL,NULL),(1113,'2015-09-13',2,'','',195,97,153,'2015-12-30 05:45:57',0,1,NULL,NULL),(1114,'2015-09-14',16,'','',195,97,153,'2015-12-30 05:46:03',0,1,NULL,NULL),(1115,'2015-09-15',18,'','',195,97,153,'2015-12-30 05:46:10',0,1,NULL,NULL),(1116,'2015-09-16',14,'','',195,97,153,'2015-12-30 05:46:17',0,1,NULL,NULL),(1117,'2015-09-17',14,'','',195,97,153,'2015-12-30 05:46:14',0,1,NULL,NULL),(1118,'2015-09-18',14,'','',195,97,153,'2015-12-30 05:46:21',0,1,NULL,NULL),(1119,'2015-09-25',2,'','',195,97,153,'2015-12-30 05:46:06',0,1,NULL,NULL),(1120,'2015-09-26',14,'','',195,97,153,'2015-12-30 05:46:26',0,1,NULL,NULL),(1121,'2015-09-27',0,'','',195,97,153,'2015-12-30 05:46:35',0,1,NULL,NULL),(1122,'2015-09-28',0,'','',195,97,153,'2015-12-30 05:46:38',0,1,NULL,NULL),(1123,'2015-09-30',12,'','',195,97,153,'2015-12-30 05:46:41',0,1,NULL,NULL),(1124,'2015-10-04',0,'','',195,97,153,'2015-12-30 05:46:45',0,1,NULL,NULL),(1125,'2015-10-06',0,'','',195,97,153,'2015-12-30 05:46:48',0,1,NULL,NULL),(1126,'2015-10-08',0,'','',195,97,153,'2015-12-30 05:46:51',0,1,NULL,NULL),(1127,'2015-10-09',0,'','',195,97,153,'2015-12-30 05:46:57',0,1,NULL,NULL),(1128,'2015-10-11',0,'','',195,97,153,'2015-12-30 05:46:32',0,1,NULL,NULL),(1129,'2015-10-12',0,'','',195,97,153,'2015-12-30 05:46:29',0,1,NULL,NULL),(1130,'2015-10-14',22,'','',195,97,153,'2015-12-30 05:46:54',0,1,NULL,NULL),(1131,'2015-10-15',0,'','',195,97,153,'2015-12-30 05:47:00',0,1,NULL,NULL),(1132,'2015-11-01',0,'','',195,97,153,'2015-12-30 05:47:03',0,1,NULL,NULL),(1133,'2015-11-02',20,'','',195,97,153,'2015-12-30 05:47:06',0,1,NULL,NULL),(1134,'2015-11-03',0,'','',195,97,153,'2015-12-30 05:47:09',0,1,NULL,NULL),(1135,'2015-11-28',16,'','',196,83,154,'2015-12-30 05:58:00',0,1,NULL,NULL),(1136,'2015-12-05',16,'','',196,83,154,'2015-12-30 05:58:03',0,1,NULL,NULL),(1137,'2015-12-09',22,'','',196,83,154,'2015-12-30 05:58:06',0,1,NULL,NULL),(1138,'2015-12-07',22,'','',196,83,154,'2015-12-30 05:58:10',0,1,NULL,NULL),(1139,'2015-12-02',22,'','',196,83,154,'2015-12-30 05:58:13',0,1,NULL,NULL),(1140,'2015-12-16',22,'','',196,83,154,'2015-12-30 05:58:16',0,1,NULL,NULL),(1141,'2015-12-18',20,'','',196,83,154,'2015-12-30 05:58:21',0,1,NULL,NULL),(1142,'2015-12-20',18,'','',196,83,154,'2015-12-30 05:58:25',0,1,NULL,NULL),(1143,'2015-12-22',22,'','',196,83,154,'2015-12-30 05:58:28',0,1,NULL,NULL),(1144,'2015-12-29',22,'','',196,83,154,'2015-12-30 05:58:31',0,1,NULL,NULL),(1145,'2015-12-12',16,'','',196,83,154,'2015-12-30 05:58:34',0,1,NULL,NULL),(1146,'2015-12-14',22,'','',196,83,154,'2015-12-30 05:58:37',0,1,NULL,NULL),(1147,'2015-12-10',22,'','',197,83,155,'2015-12-30 06:00:11',0,1,NULL,NULL),(1148,'2015-12-29',8,'','',197,83,155,'2015-12-30 06:00:15',0,1,NULL,NULL),(1149,'2015-12-02',20,'','',198,83,156,'2015-12-30 06:01:40',0,1,NULL,NULL),(1150,'2015-12-05',10,'','',198,83,156,'2015-12-30 06:01:43',0,1,NULL,NULL),(1151,'2015-12-09',20,'','',198,83,156,'2015-12-30 06:01:46',0,1,NULL,NULL),(1152,'2015-12-13',10,'','',198,83,156,'2015-12-30 06:01:49',0,1,NULL,NULL),(1153,'2015-12-28',20,'','',198,83,156,'2015-12-30 06:01:52',0,1,NULL,NULL),(1154,'2015-11-19',18,'','',199,83,157,'2015-12-30 06:04:26',0,1,NULL,NULL),(1155,'2015-11-26',18,'','',199,83,157,'2015-12-30 06:04:30',0,1,NULL,NULL),(1156,'2015-12-16',18,'','',199,83,157,'2015-12-30 06:04:33',0,1,NULL,NULL),(1157,'2015-12-07',18,'','',199,83,157,'2015-12-30 06:04:37',0,1,NULL,NULL),(1158,'2015-12-09',18,'','',199,83,157,'2015-12-30 06:04:57',0,1,NULL,NULL),(1159,'2015-11-24',18,'','',199,83,157,'2015-12-30 06:04:53',0,1,NULL,NULL),(1160,'2015-12-14',18,'','',199,83,157,'2015-12-30 06:04:50',0,1,NULL,NULL),(1161,'2015-12-05',14,'','',199,83,157,'2015-12-30 06:04:47',0,1,NULL,NULL),(1162,'2015-12-23',18,'','',199,83,157,'2015-12-30 06:04:44',0,1,NULL,NULL),(1163,'2015-12-21',18,'','',199,83,157,'2015-12-30 06:04:40',0,1,NULL,NULL),(1164,'2015-11-22',8,'','',200,83,158,'2015-12-30 06:07:12',0,1,NULL,NULL),(1165,'2015-12-16',12,'','',200,83,158,'2015-12-30 06:07:16',0,1,NULL,NULL),(1166,'2015-12-05',12,'','',200,83,158,'2015-12-30 06:07:19',0,1,NULL,NULL),(1167,'2015-12-13',12,'','',200,83,158,'2015-12-30 06:07:25',0,1,NULL,NULL),(1168,'2015-11-28',10,'','',200,83,158,'2015-12-30 06:07:28',0,1,NULL,NULL),(1169,'2015-11-29',14,'','',200,83,158,'2015-12-30 06:07:34',0,1,NULL,NULL),(1170,'2015-12-27',12,'','',200,83,158,'2015-12-30 06:07:39',0,1,NULL,NULL),(1171,'2015-12-07',3,'','',201,83,159,'2015-12-30 06:08:53',0,1,NULL,NULL),(1172,'2015-12-10',2,'','',201,83,159,'2015-12-30 06:08:56',0,1,NULL,NULL),(1173,'2015-11-03',22,'','',202,83,160,'2015-12-30 06:10:43',0,1,NULL,NULL),(1174,'2015-11-10',22,'','',202,83,160,'2015-12-30 06:10:46',0,1,NULL,NULL),(1175,'2015-11-17',22,'','',202,83,160,'2015-12-30 06:10:52',0,1,NULL,NULL),(1176,'2015-11-24',22,'','',202,83,160,'2015-12-30 06:10:49',0,1,NULL,NULL),(1177,'2015-12-08',22,'','',202,83,160,'2015-12-30 06:10:55',0,1,NULL,NULL),(1178,'2015-12-22',24,'','',202,83,160,'2015-12-30 06:10:58',0,1,NULL,NULL),(1179,'2015-12-08',18,'','',203,83,161,'2015-12-30 06:13:23',0,1,NULL,NULL),(1180,'2015-12-23',6,'','',203,83,161,'2015-12-30 06:13:27',0,1,NULL,NULL),(1181,'2015-12-21',6,'','',203,83,161,'2015-12-30 06:13:30',0,1,NULL,NULL),(1182,'2015-12-11',20,'','',203,83,161,'2015-12-30 06:13:34',0,1,NULL,NULL),(1183,'2015-12-25',6,'','',203,83,161,'2015-12-30 06:13:37',0,1,NULL,NULL),(1184,'2015-12-28',6,'','',203,83,161,'2015-12-30 06:13:40',0,1,NULL,NULL),(1185,'2015-12-18',6,'','',203,83,161,'2015-12-30 06:13:43',0,1,NULL,NULL),(1186,'2015-12-16',20,'','',203,83,161,'2015-12-30 06:13:46',0,1,NULL,NULL),(1187,'2015-12-14',20,'','',203,83,161,'2015-12-30 06:13:49',0,1,NULL,NULL),(1188,'2015-12-28',12,'','',204,83,162,'2015-12-30 06:15:48',0,1,NULL,NULL),(1189,'2015-11-19',22,'','',205,83,162,'2015-12-30 06:20:22',0,1,NULL,NULL),(1190,'2015-12-07',20,'','',205,83,162,'2015-12-30 06:21:04',0,1,NULL,NULL),(1191,'2015-11-21',10,'','',205,83,162,'2015-12-30 06:20:35',0,1,NULL,NULL),(1192,'2015-12-10',18,'','',205,83,162,'2015-12-30 06:21:11',0,1,NULL,NULL),(1193,'2015-12-12',8,'','',205,83,162,'2015-12-30 06:21:14',0,1,NULL,NULL),(1194,'2015-12-16',16,'','',205,83,162,'2015-12-30 06:21:18',0,1,NULL,NULL),(1195,'2015-12-22',18,'','',205,83,162,'2015-12-30 06:21:22',0,1,NULL,NULL),(1196,'2015-12-12',6,'','',205,83,162,'2015-12-30 06:21:31',0,1,NULL,NULL),(1197,'2015-11-30',23,'','',205,83,162,'2015-12-30 06:21:44',0,1,NULL,NULL),(1198,'2015-12-03',22,'','',205,83,162,'2015-12-30 06:21:39',0,1,NULL,NULL),(1199,'2015-11-28',8,'','',205,83,162,'2015-12-30 06:21:34',0,1,NULL,NULL),(1200,'2015-11-21',8,'','',205,83,162,'2015-12-30 06:20:28',0,1,NULL,NULL),(1201,'2015-12-26',8,'','',205,83,162,'2015-12-30 06:21:07',0,1,NULL,NULL),(1202,'2015-12-23',20,'','',205,83,162,'2015-12-30 06:21:25',0,1,NULL,NULL),(1203,'2015-11-25',22,'','',205,83,162,'2015-12-30 06:21:28',0,1,NULL,NULL),(1204,'2015-11-06',14,'','',206,83,163,'2015-12-30 06:25:49',0,1,NULL,NULL),(1205,'2015-11-10',14,'','',206,83,163,'2015-12-30 06:25:59',0,1,NULL,NULL),(1206,'2015-11-09',1,'','',206,83,163,'2015-12-30 06:26:03',0,1,NULL,NULL),(1207,'2015-11-13',12,'','',206,83,163,'2015-12-30 06:26:07',0,1,NULL,NULL),(1208,'2015-11-17',13,'','',206,83,163,'2015-12-30 06:26:11',0,1,NULL,NULL),(1209,'2015-11-22',13,'','',206,83,163,'2015-12-30 06:26:14',0,1,NULL,NULL),(1210,'2015-11-24',12,'','',206,83,163,'2015-12-30 06:26:17',0,1,NULL,NULL),(1211,'2015-12-01',12,'','',206,83,163,'2015-12-30 06:26:20',0,1,NULL,NULL),(1212,'2015-12-10',12,'','',206,83,163,'2015-12-30 06:26:24',0,1,NULL,NULL),(1213,'2015-12-12',20,'','',206,83,163,'2015-12-30 06:26:27',0,1,NULL,NULL),(1214,'2015-12-15',12,'','',206,83,163,'2015-12-30 06:26:42',0,1,NULL,NULL),(1215,'2015-12-29',12,'','',206,83,163,'2015-12-30 06:26:45',0,1,NULL,NULL),(1216,'2015-09-20',20,'','',207,83,164,'2015-12-30 06:31:35',0,1,NULL,NULL),(1217,'2015-10-26',22,'','',207,83,164,'2015-12-30 06:31:42',0,1,NULL,NULL),(1218,'2015-10-11',22,'','',207,83,164,'2015-12-30 06:31:50',0,1,NULL,NULL),(1219,'2015-09-29',22,'','',207,83,164,'2015-12-30 06:31:55',0,1,NULL,NULL),(1220,'2015-09-26',12,'','',207,83,164,'2015-12-30 06:32:01',0,1,NULL,NULL),(1221,'2015-10-08',23,'','',207,83,164,'2015-12-30 06:32:19',0,1,NULL,NULL),(1222,'2015-11-11',22,'','',207,83,164,'2015-12-30 06:32:25',0,1,NULL,NULL),(1223,'2015-11-16',20,'','',207,83,164,'2015-12-30 06:32:33',0,1,NULL,NULL),(1224,'2015-12-11',22,'','',207,83,164,'2015-12-30 06:32:28',0,1,NULL,NULL),(1225,'2015-12-13',14,'','',207,83,164,'2015-12-30 06:32:43',0,1,NULL,NULL),(1226,'2015-11-08',20,'','',207,83,164,'2015-12-30 06:32:46',0,1,NULL,NULL),(1227,'2015-12-15',22,'','',207,83,164,'2015-12-30 06:32:50',0,1,NULL,NULL),(1228,'2015-12-18',22,'','',207,83,164,'2015-12-30 06:32:54',0,1,NULL,NULL),(1229,'2015-12-19',14,'','',207,83,164,'2015-12-30 06:32:57',0,1,NULL,NULL),(1230,'2015-12-21',22,'','',207,83,164,'2015-12-30 06:33:00',0,1,NULL,NULL),(1231,'2015-12-23',22,'','',207,83,164,'2015-12-30 06:33:04',0,1,NULL,NULL),(1232,'2015-11-23',22,'','',207,83,164,'2015-12-30 06:33:07',0,1,NULL,NULL),(1233,'2015-12-28',22,'','',207,83,164,'2015-12-30 06:33:11',0,1,NULL,NULL),(1234,'2015-11-26',22,'','',207,83,164,'2015-12-30 06:33:15',0,1,NULL,NULL),(1235,'2015-12-04',23,'','',207,83,164,'2015-12-30 06:33:18',0,1,NULL,NULL),(1236,'2015-12-28',18,'','',208,83,165,'2015-12-30 06:37:02',0,1,NULL,NULL),(1237,'2015-12-02',10,'','',209,83,166,'2015-12-30 06:39:29',0,1,NULL,NULL),(1238,'2015-12-10',10,'','',209,83,166,'2015-12-30 06:39:32',0,1,NULL,NULL),(1239,'2015-12-23',14,'','',209,83,166,'2015-12-30 06:39:36',0,1,NULL,NULL),(1240,'2015-09-29',20,'','',210,83,167,'2015-12-30 06:47:46',0,1,NULL,NULL),(1241,'2015-10-07',18,'','',210,83,167,'2015-12-30 06:47:50',0,1,NULL,NULL),(1242,'2015-10-13',20,'','',210,83,167,'2015-12-30 06:47:54',0,1,NULL,NULL),(1243,'2015-10-18',14,'','',210,83,167,'2015-12-30 06:47:58',0,1,NULL,NULL),(1244,'2015-10-10',20,'','',210,83,167,'2015-12-30 06:48:01',0,1,NULL,NULL),(1245,'2015-10-24',18,'','',210,83,167,'2015-12-30 06:48:04',0,1,NULL,NULL),(1246,'2015-10-28',20,'','',210,83,167,'2015-12-30 06:48:09',0,1,NULL,NULL),(1247,'2015-10-29',20,'','',210,83,167,'2015-12-30 06:48:12',0,1,NULL,NULL),(1248,'2015-11-01',13,'','',210,83,167,'2015-12-30 06:48:16',0,1,NULL,NULL),(1249,'2015-10-15',23,'','',210,83,167,'2015-12-30 06:48:19',0,1,NULL,NULL),(1250,'2015-11-03',20,'','',210,83,167,'2015-12-30 06:48:25',0,1,NULL,NULL),(1251,'2015-11-05',20,'','',210,83,167,'2015-12-30 06:48:30',0,1,NULL,NULL),(1252,'2015-11-07',22,'','',210,83,167,'2015-12-30 06:48:34',0,1,NULL,NULL),(1253,'2015-11-10',20,'','',210,83,167,'2015-12-30 06:48:38',0,1,NULL,NULL),(1254,'2015-11-12',20,'','',210,83,167,'2015-12-30 06:49:05',0,1,NULL,NULL),(1255,'2015-11-14',17,'','',210,83,167,'2015-12-30 06:49:08',0,1,NULL,NULL),(1256,'2015-11-17',20,'','',210,83,167,'2015-12-30 06:49:12',0,1,NULL,NULL),(1257,'2015-11-19',20,'','',210,83,167,'2015-12-30 06:49:15',0,1,NULL,NULL),(1258,'2015-11-21',17,'','',210,83,167,'2015-12-30 06:49:19',0,1,NULL,NULL),(1259,'2015-11-28',14,'','',210,83,167,'2015-12-30 06:49:22',0,1,NULL,NULL),(1260,'2015-12-01',21,'','',210,83,167,'2015-12-30 06:49:25',0,1,NULL,NULL),(1261,'2015-12-03',20,'','',210,83,167,'2015-12-30 06:49:29',0,1,NULL,NULL),(1262,'2015-12-05',18,'','',210,83,167,'2015-12-30 06:49:32',0,1,NULL,NULL),(1263,'2015-12-08',20,'','',210,83,167,'2015-12-30 06:49:37',0,1,NULL,NULL),(1264,'2015-12-10',20,'','',210,83,167,'2015-12-30 06:49:41',0,1,NULL,NULL),(1265,'2015-12-12',18,'','',210,83,167,'2015-12-30 06:49:45',0,1,NULL,NULL),(1266,'2015-12-15',20,'','',210,83,167,'2015-12-30 06:49:48',0,1,NULL,NULL),(1267,'2015-12-17',20,'','',210,83,167,'2015-12-30 06:49:51',0,1,NULL,NULL),(1268,'2015-12-19',20,'','',210,83,167,'2015-12-30 06:50:23',0,1,NULL,NULL),(1269,'2015-10-22',20,'','',210,83,167,'2015-12-30 06:50:31',0,1,NULL,NULL),(1270,'2015-12-22',20,'','',211,83,167,'2015-12-30 06:53:19',0,1,NULL,NULL),(1271,'2015-12-29',20,'','',211,83,167,'2015-12-30 06:53:22',0,1,NULL,NULL),(1272,'2015-12-24',20,'','',211,83,167,'2015-12-30 06:53:26',0,1,NULL,NULL),(1273,'2015-10-28',18,'','',212,83,168,'2015-12-30 06:55:14',0,1,NULL,NULL),(1274,'2015-11-02',18,'','',212,83,168,'2015-12-30 06:55:17',0,1,NULL,NULL),(1275,'2015-11-04',18,'','',212,83,168,'2015-12-30 06:55:21',0,1,NULL,NULL),(1276,'2015-12-30',22,'','',195,97,153,'2016-01-04 14:10:17',0,1,NULL,NULL),(1277,'2015-12-30',20,'','',137,97,100,'2016-01-02 06:25:14',0,1,NULL,NULL),(1278,'2015-08-20',2,'','',213,87,169,'2015-12-30 07:02:03',0,1,NULL,NULL),(1279,'2015-08-25',16,'','',213,87,169,'2015-12-30 07:02:07',0,1,NULL,NULL),(1280,'2015-08-26',8,'','',213,87,169,'2015-12-30 07:02:12',0,1,NULL,NULL),(1281,'2015-08-29',14,'','',213,87,169,'2015-12-30 07:02:19',0,1,NULL,NULL),(1282,'2015-08-30',14,'','',213,87,169,'2015-12-30 07:02:23',0,1,NULL,NULL),(1283,'2015-08-23',10,'','',213,87,169,'2015-12-30 07:02:26',0,1,NULL,NULL),(1284,'2015-08-31',14,'','',213,87,169,'2015-12-30 07:02:29',0,1,NULL,NULL),(1285,'2015-09-02',14,'','',213,87,169,'2015-12-30 07:02:32',0,1,NULL,NULL),(1286,'2015-09-04',16,'','',213,87,169,'2015-12-30 07:02:35',0,1,NULL,NULL),(1287,'2015-09-05',16,'','',213,87,169,'2015-12-30 07:02:39',0,1,NULL,NULL),(1288,'2015-09-06',16,'','',213,87,169,'2015-12-30 07:02:43',0,1,NULL,NULL),(1289,'2015-09-09',2,'','',213,87,169,'2015-12-30 07:02:47',0,1,NULL,NULL),(1290,'2015-09-12',2,'','',213,87,169,'2015-12-30 07:02:50',0,1,NULL,NULL),(1291,'2015-09-19',2,'','',213,87,169,'2015-12-30 07:02:53',0,1,NULL,NULL),(1292,'2015-09-17',6,'','',213,87,169,'2015-12-30 07:02:56',0,1,NULL,NULL),(1293,'2015-11-23',8,'','',213,87,169,'2015-12-30 07:02:59',0,1,NULL,NULL),(1294,'2015-11-25',8,'','',213,87,169,'2015-12-30 07:03:03',0,1,NULL,NULL),(1295,'2015-11-26',8,'','',213,87,169,'2015-12-30 07:03:08',0,1,NULL,NULL),(1296,'2015-12-01',8,'','',213,87,169,'2015-12-30 07:03:12',0,1,NULL,NULL),(1297,'2015-12-02',8,'','',213,87,169,'2015-12-30 07:03:16',0,1,NULL,NULL),(1298,'2015-12-04',8,'','',213,87,169,'2015-12-30 07:03:19',0,1,NULL,NULL),(1299,'2015-12-15',8,'','',213,87,169,'2015-12-30 07:03:22',0,1,NULL,NULL),(1300,'2015-12-23',8,'','',213,87,169,'2015-12-30 07:03:25',0,1,NULL,NULL),(1301,'2015-10-29',20,'','',214,87,170,'2015-12-30 07:07:48',0,1,NULL,NULL),(1302,'2015-11-01',20,'','',214,87,170,'2015-12-30 07:07:54',0,1,NULL,NULL),(1303,'2015-11-07',20,'','',214,87,170,'2015-12-30 07:07:58',0,1,NULL,NULL),(1304,'2015-10-31',20,'','',214,87,170,'2015-12-30 07:08:01',0,1,NULL,NULL),(1305,'2015-11-05',20,'','',214,87,170,'2015-12-30 07:08:04',0,1,NULL,NULL),(1306,'2015-11-03',20,'','',214,87,170,'2015-12-30 07:08:08',0,1,NULL,NULL),(1307,'2015-11-08',20,'','',214,87,170,'2015-12-30 07:08:12',0,1,NULL,NULL),(1308,'2015-11-10',20,'','',214,87,170,'2015-12-30 07:08:15',0,1,NULL,NULL),(1309,'2015-11-14',20,'','',214,87,170,'2015-12-30 07:08:19',0,1,NULL,NULL),(1310,'2015-11-15',20,'','',214,87,170,'2015-12-30 07:08:22',0,1,NULL,NULL),(1311,'2015-11-17',20,'','',214,87,170,'2015-12-30 07:08:25',0,1,NULL,NULL),(1312,'2015-11-19',20,'','',214,87,170,'2015-12-30 07:08:30',0,1,NULL,NULL),(1313,'2015-11-20',20,'','',214,87,170,'2015-12-30 07:08:34',0,1,NULL,NULL),(1314,'2015-11-22',2,'','',214,87,170,'2015-12-30 07:08:38',0,1,NULL,NULL),(1315,'2015-12-01',2,'','',214,87,170,'2015-12-30 07:08:43',0,1,NULL,NULL),(1316,'2015-12-03',20,'','',215,87,170,'2015-12-30 07:16:12',0,1,NULL,NULL),(1317,'2015-12-05',20,'','',215,87,170,'2015-12-30 07:16:15',0,1,NULL,NULL),(1318,'2015-12-06',20,'','',215,87,170,'2015-12-30 07:16:19',0,1,NULL,NULL),(1319,'2015-12-07',20,'','',215,87,170,'2015-12-30 07:16:22',0,1,NULL,NULL),(1320,'2015-10-07',4,'','',216,87,171,'2015-12-30 07:20:24',0,1,NULL,NULL),(1321,'2015-10-17',4,'','',216,87,171,'2015-12-30 07:20:27',0,1,NULL,NULL),(1322,'2015-11-07',4,'','',216,87,171,'2015-12-30 07:20:38',0,1,NULL,NULL),(1323,'2015-11-01',4,'','',216,87,171,'2015-12-30 07:20:41',0,1,NULL,NULL),(1324,'2015-10-25',4,'','',216,87,171,'2015-12-30 07:20:45',0,1,NULL,NULL),(1325,'2015-10-14',4,'','',216,87,171,'2015-12-30 07:22:19',0,1,NULL,NULL),(1326,'2015-11-19',4,'','',216,87,171,'2015-12-30 07:22:22',0,1,NULL,NULL),(1327,'2015-11-25',4,'','',216,87,171,'2015-12-30 07:22:26',0,1,NULL,NULL),(1328,'2015-11-30',4,'','',216,87,171,'2015-12-30 07:22:30',0,1,NULL,NULL),(1329,'2015-12-06',4,'','',216,87,171,'2015-12-30 07:22:33',0,1,NULL,NULL),(1330,'2015-12-11',4,'','',216,87,171,'2015-12-30 07:22:38',0,1,NULL,NULL),(1331,'2015-12-25',4,'','',216,87,171,'2015-12-30 07:22:42',0,1,NULL,NULL),(1332,'2015-11-13',4,'','',216,87,171,'2015-12-30 07:22:44',0,1,NULL,NULL),(1333,'2015-09-04',20,'','',217,87,172,'2015-12-30 07:34:05',0,1,NULL,NULL),(1334,'2015-09-10',20,'','',217,87,172,'2015-12-30 07:35:03',0,1,NULL,NULL),(1335,'2015-09-06',20,'','',217,87,172,'2015-12-30 07:34:15',0,1,NULL,NULL),(1336,'2015-09-07',20,'','',217,87,172,'2015-12-30 07:34:18',0,1,NULL,NULL),(1337,'2015-09-08',20,'','',217,87,172,'2015-12-30 07:34:21',0,1,NULL,NULL),(1338,'2015-09-05',20,'','',217,87,172,'2015-12-30 07:34:11',0,1,NULL,NULL),(1339,'2015-09-11',20,'','',217,87,172,'2015-12-30 07:35:12',0,1,NULL,NULL),(1340,'2015-09-12',20,'','',217,87,172,'2015-12-30 07:35:15',0,1,NULL,NULL),(1341,'2015-09-14',20,'','',217,87,172,'2015-12-30 07:35:19',0,1,NULL,NULL),(1342,'2015-09-15',20,'','',217,87,172,'2015-12-30 07:35:31',0,1,NULL,NULL),(1343,'2015-09-18',20,'','',217,87,172,'2015-12-30 07:35:34',0,1,NULL,NULL),(1344,'2015-09-19',20,'','',217,87,172,'2015-12-30 07:35:27',0,1,NULL,NULL),(1345,'2015-09-20',20,'','',217,87,172,'2015-12-30 07:35:38',0,1,NULL,NULL),(1346,'2015-09-21',20,'','',217,87,172,'2015-12-30 07:35:41',0,1,NULL,NULL),(1347,'2015-09-22',20,'','',217,87,172,'2015-12-30 07:35:45',0,1,NULL,NULL),(1348,'2015-09-24',20,'','',217,87,172,'2015-12-30 07:35:53',0,1,NULL,NULL),(1349,'2015-09-26',14,'','',217,87,172,'2015-12-30 07:35:57',0,1,NULL,NULL),(1350,'2015-09-27',18,'','',217,87,172,'2015-12-30 07:36:02',0,1,NULL,NULL),(1351,'2015-09-28',18,'','',217,87,172,'2015-12-30 07:36:05',0,1,NULL,NULL),(1352,'2015-10-05',18,'','',217,87,172,'2015-12-30 07:36:11',0,1,NULL,NULL),(1353,'2015-10-06',18,'','',217,87,172,'2015-12-30 07:36:15',0,1,NULL,NULL),(1354,'2015-10-07',18,'','',217,87,172,'2015-12-30 07:36:19',0,1,NULL,NULL),(1355,'2015-10-08',18,'','',217,87,172,'2015-12-30 07:36:22',0,1,NULL,NULL),(1356,'2015-10-10',18,'','',217,87,172,'2015-12-30 07:36:26',0,1,NULL,NULL),(1357,'2015-10-13',18,'','',217,87,172,'2015-12-30 07:36:29',0,1,NULL,NULL),(1358,'2015-10-17',18,'','',217,87,172,'2015-12-30 07:36:34',0,1,NULL,NULL),(1359,'2015-10-18',18,'','',217,87,172,'2015-12-30 07:36:37',0,1,NULL,NULL),(1360,'2015-10-19',18,'','',217,87,172,'2015-12-30 07:36:40',0,1,NULL,NULL),(1361,'2015-10-20',18,'','',217,87,172,'2015-12-30 07:36:45',0,1,NULL,NULL),(1362,'2015-10-23',18,'','',217,87,172,'2015-12-30 07:36:49',0,1,NULL,NULL),(1363,'2015-10-25',18,'','',217,87,172,'2015-12-30 07:36:52',0,1,NULL,NULL),(1364,'2015-10-29',18,'','',217,87,172,'2015-12-30 07:36:58',0,1,NULL,NULL),(1365,'2015-10-31',18,'','',217,87,172,'2015-12-30 07:37:29',0,1,NULL,NULL),(1366,'2015-11-01',6,'','',217,87,172,'2015-12-30 07:37:32',0,1,NULL,NULL),(1367,'2015-11-02',4,'','',217,87,172,'2015-12-30 07:37:35',0,1,NULL,NULL),(1368,'2015-11-03',4,'','',217,87,172,'2015-12-30 07:37:39',0,1,NULL,NULL),(1369,'2015-11-05',4,'','',217,87,172,'2015-12-30 07:37:42',0,1,NULL,NULL),(1370,'2015-09-09',20,'','',217,87,172,'2015-12-30 07:34:58',0,1,NULL,NULL),(1371,'2015-11-07',6,'','',217,87,172,'2015-12-30 07:37:48',0,1,NULL,NULL),(1372,'2015-11-08',4,'','',217,87,172,'2015-12-30 07:37:51',0,1,NULL,NULL),(1373,'2015-11-09',4,'','',217,87,172,'2015-12-30 07:37:54',0,1,NULL,NULL),(1374,'2015-11-12',4,'','',217,87,172,'2015-12-30 07:37:58',0,1,NULL,NULL),(1375,'2015-11-16',4,'','',217,87,172,'2015-12-30 07:38:02',0,1,NULL,NULL),(1376,'2015-11-17',4,'','',217,87,172,'2015-12-30 07:38:04',0,1,NULL,NULL),(1377,'2015-11-18',4,'','',217,87,172,'2015-12-30 07:38:08',0,1,NULL,NULL),(1378,'2015-11-21',4,'','',217,87,172,'2015-12-30 07:38:23',0,1,NULL,NULL),(1379,'2015-11-23',4,'','',217,87,172,'2015-12-30 07:38:44',0,1,NULL,NULL),(1380,'2015-12-01',4,'','',217,87,172,'2015-12-30 07:39:19',0,1,NULL,NULL),(1381,'2015-12-03',4,'','',217,87,172,'2015-12-30 07:39:16',0,1,NULL,NULL),(1382,'2015-12-06',6,'','',217,87,172,'2015-12-30 07:39:13',0,1,NULL,NULL),(1383,'2015-12-09',4,'','',217,87,172,'2015-12-30 07:39:09',0,1,NULL,NULL),(1384,'2015-12-19',6,'','',217,87,172,'2015-12-30 07:39:06',0,1,NULL,NULL),(1385,'2015-12-29',6,'','',217,87,172,'2015-12-30 07:39:03',0,1,NULL,NULL),(1386,'2015-12-22',6,'','',217,87,172,'2015-12-30 07:39:01',0,1,NULL,NULL),(1387,'2015-10-30',6,'','',217,87,172,'2015-12-30 07:38:58',0,1,NULL,NULL),(1388,'2015-10-09',22,'','',218,87,173,'2015-12-30 07:42:22',0,1,NULL,NULL),(1389,'2015-10-15',22,'','',218,87,173,'2015-12-30 07:42:26',0,1,NULL,NULL),(1390,'2015-10-13',22,'','',218,87,173,'2015-12-30 07:42:47',0,1,NULL,NULL),(1391,'2015-10-20',22,'','',218,87,173,'2015-12-30 07:42:50',0,1,NULL,NULL),(1392,'2015-10-19',22,'','',218,87,173,'2015-12-30 07:42:53',0,1,NULL,NULL),(1393,'2015-10-25',22,'','',218,87,173,'2015-12-30 07:42:55',0,1,NULL,NULL),(1394,'2015-10-26',22,'','',218,87,173,'2015-12-30 07:42:58',0,1,NULL,NULL),(1395,'2015-10-30',22,'','',218,87,173,'2015-12-30 07:43:03',0,1,NULL,NULL),(1396,'2015-10-07',20,'','',219,87,174,'2015-12-30 07:48:50',0,1,NULL,NULL),(1397,'2015-10-28',20,'','',219,87,174,'2015-12-30 07:48:53',0,1,NULL,NULL),(1398,'2015-10-09',20,'','',219,87,174,'2015-12-30 07:49:15',0,1,NULL,NULL),(1399,'2015-10-08',20,'','',219,87,174,'2015-12-30 07:49:23',0,1,NULL,NULL),(1400,'2015-10-12',20,'','',219,87,174,'2015-12-30 07:49:26',0,1,NULL,NULL),(1401,'2015-10-10',20,'','',219,87,174,'2015-12-30 07:49:29',0,1,NULL,NULL),(1402,'2015-10-20',20,'','',219,87,174,'2015-12-30 07:49:34',0,1,NULL,NULL),(1403,'2015-10-31',22,'','',219,87,174,'2015-12-30 07:49:39',0,1,NULL,NULL),(1404,'2015-11-02',20,'','',219,87,174,'2015-12-30 07:52:11',0,1,NULL,NULL),(1405,'2015-11-03',22,'','',219,87,174,'2015-12-30 07:52:16',0,1,NULL,NULL),(1406,'2015-11-07',22,'','',219,87,174,'2015-12-30 07:50:43',0,1,NULL,NULL),(1407,'2015-11-09',22,'','',219,87,174,'2015-12-30 07:52:19',0,1,NULL,NULL),(1408,'2015-11-16',20,'','',219,87,174,'2015-12-30 07:52:23',0,1,NULL,NULL),(1409,'2015-11-21',20,'','',219,87,174,'2015-12-30 07:52:27',0,1,NULL,NULL),(1410,'2015-11-23',22,'','',219,87,174,'2015-12-30 07:52:31',0,1,NULL,NULL),(1411,'2015-11-04',22,'','',219,87,174,'2015-12-30 07:52:40',0,1,NULL,NULL),(1412,'2015-11-05',22,'','',219,87,174,'2015-12-30 07:52:44',0,1,NULL,NULL),(1413,'2015-11-06',22,'','',219,87,174,'2015-12-30 07:52:47',0,1,NULL,NULL),(1414,'2015-12-13',22,'','',219,87,174,'2015-12-30 07:52:50',0,1,NULL,NULL),(1415,'2015-12-20',22,'','',219,87,174,'2015-12-30 07:52:55',0,1,NULL,NULL),(1416,'2015-11-12',20,'','',219,87,174,'2015-12-30 07:52:58',0,1,NULL,NULL),(1417,'2015-11-14',22,'','',219,87,174,'2015-12-30 07:53:01',0,1,NULL,NULL),(1419,'2015-12-30',14,'','',204,97,162,'2016-01-03 14:31:17',0,1,NULL,NULL),(1420,'2015-12-09',22,'','',220,87,175,'2015-12-30 07:56:54',0,1,NULL,NULL),(1421,'2015-12-10',22,'','',220,87,175,'2015-12-30 07:57:03',0,1,NULL,NULL),(1422,'2015-12-12',22,'','',220,87,175,'2015-12-30 07:57:12',0,1,NULL,NULL),(1423,'2015-12-19',20,'','',220,87,175,'2015-12-30 07:57:06',0,1,NULL,NULL),(1424,'2015-12-15',22,'','',220,87,175,'2015-12-30 07:57:09',0,1,NULL,NULL),(1425,'2015-09-04',22,'','',221,87,175,'2015-12-30 08:05:33',0,1,NULL,NULL),(1426,'2015-09-10',22,'','',221,87,175,'2015-12-30 08:05:42',0,1,NULL,NULL),(1427,'2015-09-06',22,'','',221,87,175,'2015-12-30 08:05:55',0,1,NULL,NULL),(1428,'2015-09-08',22,'','',221,87,175,'2015-12-30 08:05:58',0,1,NULL,NULL),(1429,'2015-09-07',22,'','',221,87,175,'2015-12-30 08:06:01',0,1,NULL,NULL),(1430,'2015-09-05',22,'','',221,87,175,'2015-12-30 08:06:04',0,1,NULL,NULL),(1431,'2015-09-09',22,'','',221,87,175,'2015-12-30 08:06:08',0,1,NULL,NULL),(1432,'2015-09-11',22,'','',221,87,175,'2015-12-30 08:06:12',0,1,NULL,NULL),(1433,'2015-09-12',22,'','',221,87,175,'2015-12-30 08:06:16',0,1,NULL,NULL),(1434,'2015-09-14',22,'','',221,87,175,'2015-12-30 08:06:21',0,1,NULL,NULL),(1435,'2015-09-16',22,'','',221,87,175,'2015-12-30 08:06:24',0,1,NULL,NULL),(1436,'2015-09-18',22,'','',221,87,175,'2015-12-30 08:06:29',0,1,NULL,NULL),(1437,'2015-09-19',22,'','',221,87,175,'2015-12-30 08:06:33',0,1,NULL,NULL),(1438,'2015-09-20',22,'','',221,87,175,'2015-12-30 08:06:36',0,1,NULL,NULL),(1439,'2015-09-21',22,'','',221,87,175,'2015-12-30 08:06:41',0,1,NULL,NULL),(1440,'2015-09-22',22,'','',221,87,175,'2015-12-30 08:06:46',0,1,NULL,NULL),(1441,'2015-09-23',22,'','',221,87,175,'2015-12-30 08:06:55',0,1,NULL,NULL),(1442,'2015-09-24',22,'','',221,87,175,'2015-12-30 08:06:58',0,1,NULL,NULL),(1443,'2015-10-05',22,'','',221,87,175,'2015-12-30 08:07:01',0,1,NULL,NULL),(1444,'2015-10-06',22,'','',221,87,175,'2015-12-30 08:07:04',0,1,NULL,NULL),(1445,'2015-10-07',22,'','',221,87,175,'2015-12-30 08:07:08',0,1,NULL,NULL),(1446,'2015-10-10',22,'','',221,87,175,'2015-12-30 08:07:12',0,1,NULL,NULL),(1447,'2015-10-11',22,'','',221,87,175,'2015-12-30 08:07:15',0,1,NULL,NULL),(1448,'2015-10-12',22,'','',221,87,175,'2015-12-30 08:07:19',0,1,NULL,NULL),(1449,'2015-10-14',22,'','',221,87,175,'2015-12-30 08:07:22',0,1,NULL,NULL),(1450,'2015-10-18',22,'','',221,87,175,'2015-12-30 08:07:26',0,1,NULL,NULL),(1451,'2015-10-19',20,'','',221,87,175,'2015-12-30 08:07:29',0,1,NULL,NULL),(1452,'2015-10-20',24,'','',221,87,175,'2015-12-30 08:07:32',0,1,NULL,NULL),(1453,'2015-10-23',22,'','',221,87,175,'2015-12-30 08:07:35',0,1,NULL,NULL),(1454,'2015-10-24',22,'','',221,87,175,'2015-12-30 08:07:39',0,1,NULL,NULL),(1455,'2015-10-28',22,'','',221,87,175,'2015-12-30 08:07:42',0,1,NULL,NULL),(1456,'2015-10-30',20,'','',221,87,175,'2015-12-30 08:07:52',0,1,NULL,NULL),(1457,'2015-11-01',22,'','',221,87,175,'2015-12-30 08:07:56',0,1,NULL,NULL),(1458,'2015-11-04',20,'','',221,87,175,'2015-12-30 08:08:10',0,1,NULL,NULL),(1459,'2015-11-06',18,'','',221,87,175,'2015-12-30 08:08:14',0,1,NULL,NULL),(1460,'2015-11-07',18,'','',221,87,175,'2015-12-30 08:08:17',0,1,NULL,NULL),(1461,'2015-11-08',22,'','',221,87,175,'2015-12-30 08:08:24',0,1,NULL,NULL),(1462,'2015-11-11',22,'','',221,87,175,'2015-12-30 08:08:40',0,1,NULL,NULL),(1463,'2015-11-13',22,'','',221,87,175,'2015-12-30 08:08:44',0,1,NULL,NULL),(1464,'2015-11-14',18,'','',221,87,175,'2015-12-30 08:08:47',0,1,NULL,NULL),(1465,'2015-11-15',22,'','',221,87,175,'2015-12-30 08:08:51',0,1,NULL,NULL),(1466,'2015-11-18',22,'','',221,87,175,'2015-12-30 08:08:55',0,1,NULL,NULL),(1467,'2015-11-21',22,'','',221,87,175,'2015-12-30 08:08:58',0,1,NULL,NULL),(1468,'2015-11-22',6,'','',221,87,175,'2015-12-30 08:09:01',0,1,NULL,NULL),(1469,'2015-11-24',6,'','',221,87,175,'2015-12-30 08:09:08',0,1,NULL,NULL),(1470,'2015-11-25',6,'','',221,87,175,'2015-12-30 08:09:11',0,1,NULL,NULL),(1471,'2015-12-01',22,'','',221,87,175,'2015-12-30 08:09:14',0,1,NULL,NULL),(1472,'2015-12-06',8,'','',221,87,175,'2015-12-30 08:08:37',0,1,NULL,NULL),(1473,'2015-12-08',6,'','',221,87,175,'2015-12-30 08:08:34',0,1,NULL,NULL),(1474,'2015-10-31',24,'','',221,87,175,'2015-12-30 08:08:31',0,1,NULL,NULL),(1475,'2015-09-20',0,'','',222,87,176,'2015-12-30 08:15:06',0,1,NULL,NULL),(1476,'2015-10-04',0,'','',222,87,176,'2015-12-30 08:15:09',0,1,NULL,NULL),(1477,'2015-09-27',0,'','',222,87,176,'2015-12-30 08:15:20',0,1,NULL,NULL),(1478,'2015-10-07',0,'','',222,87,176,'2015-12-30 08:15:24',0,1,NULL,NULL),(1479,'2015-10-11',0,'','',222,87,176,'2015-12-30 08:15:44',0,1,NULL,NULL),(1480,'2015-10-15',0,'','',222,87,176,'2015-12-30 08:15:49',0,1,NULL,NULL),(1481,'2015-10-18',0,'','',222,87,176,'2015-12-30 08:15:52',0,1,NULL,NULL),(1482,'2015-10-25',0,'','',222,87,176,'2015-12-30 08:15:55',0,1,NULL,NULL),(1483,'2015-11-01',0,'','',222,87,176,'2015-12-30 08:15:59',0,1,NULL,NULL),(1484,'2015-11-05',0,'','',222,87,176,'2015-12-30 08:16:04',0,1,NULL,NULL),(1485,'2015-11-12',0,'','',222,87,176,'2015-12-30 08:16:07',0,1,NULL,NULL),(1486,'2015-11-19',0,'','',222,87,176,'2015-12-30 08:16:12',0,1,NULL,NULL),(1487,'2015-12-03',0,'','',222,87,176,'2015-12-30 08:16:23',0,1,NULL,NULL),(1488,'2015-12-13',2,'','',222,87,176,'2015-12-30 08:16:26',0,1,NULL,NULL),(1489,'2015-12-20',2,'','',222,87,176,'2015-12-30 08:16:40',0,1,NULL,NULL),(1490,'2015-12-27',2,'','',222,87,176,'2015-12-30 08:16:44',0,1,NULL,NULL),(1491,'2015-12-29',22,'','',222,87,176,'2015-12-30 08:16:46',0,1,NULL,NULL),(1492,'2015-09-07',10,'','',223,87,177,'2015-12-30 08:24:41',0,1,NULL,NULL),(1493,'2015-09-18',10,'','',223,87,177,'2015-12-30 08:24:44',0,1,NULL,NULL),(1494,'2015-09-08',10,'','',223,87,177,'2015-12-30 08:24:48',0,1,NULL,NULL),(1495,'2015-09-15',10,'','',223,87,177,'2015-12-30 08:24:51',0,1,NULL,NULL),(1496,'2015-09-14',10,'','',223,87,177,'2015-12-30 08:24:55',0,1,NULL,NULL),(1497,'2015-09-11',10,'','',223,87,177,'2015-12-30 08:24:58',0,1,NULL,NULL),(1498,'2015-09-16',10,'','',223,87,177,'2015-12-30 08:25:02',0,1,NULL,NULL),(1499,'2015-09-19',10,'','',223,87,177,'2015-12-30 08:25:06',0,1,NULL,NULL),(1500,'2015-10-07',10,'','',223,87,177,'2015-12-30 08:25:09',0,1,NULL,NULL),(1501,'2015-10-09',10,'','',223,87,177,'2015-12-30 08:25:12',0,1,NULL,NULL),(1502,'2015-10-13',10,'','',223,87,177,'2015-12-30 08:25:16',0,1,NULL,NULL),(1503,'2015-10-14',10,'','',223,87,177,'2015-12-30 08:24:37',0,1,NULL,NULL),(1504,'2015-10-15',10,'','',223,87,177,'2015-12-30 08:25:20',0,1,NULL,NULL),(1505,'2015-10-24',10,'','',223,87,177,'2015-12-30 08:25:25',0,1,NULL,NULL),(1506,'2015-10-11',10,'','',223,87,177,'2015-12-30 08:25:28',0,1,NULL,NULL),(1507,'2015-09-11',4,'','',225,87,178,'2015-12-30 08:37:56',0,1,NULL,NULL),(1508,'2015-09-17',0,'','',225,87,178,'2015-12-30 08:38:05',0,1,NULL,NULL),(1509,'2015-09-12',0,'','',225,87,178,'2015-12-30 08:38:09',0,1,NULL,NULL),(1510,'2015-09-13',0,'','',225,87,178,'2015-12-30 08:38:12',0,1,NULL,NULL),(1511,'2015-09-14',0,'','',225,87,178,'2015-12-30 08:38:16',0,1,NULL,NULL),(1512,'2015-09-16',0,'','',225,87,178,'2015-12-30 08:38:22',0,1,NULL,NULL),(1513,'2015-09-18',0,'','',225,87,178,'2015-12-30 08:38:34',0,1,NULL,NULL),(1514,'2015-09-19',0,'','',225,87,178,'2015-12-30 08:38:37',0,1,NULL,NULL),(1515,'2015-09-20',2,'','',225,87,178,'2015-12-30 08:38:41',0,1,NULL,NULL),(1516,'2015-09-21',0,'','',225,87,178,'2015-12-30 08:38:44',0,1,NULL,NULL),(1517,'2015-09-22',0,'','',225,87,178,'2015-12-30 08:38:53',0,1,NULL,NULL),(1518,'2015-09-23',0,'','',225,87,178,'2015-12-30 08:38:56',0,1,NULL,NULL),(1519,'2015-09-24',0,'','',225,87,178,'2015-12-30 08:38:59',0,1,NULL,NULL),(1520,'2015-10-11',2,'','',225,87,178,'2015-12-30 08:39:02',0,1,NULL,NULL),(1521,'2015-10-14',0,'','',225,87,178,'2015-12-30 08:39:05',0,1,NULL,NULL),(1522,'2015-10-20',0,'','',225,87,178,'2015-12-30 08:39:08',0,1,NULL,NULL),(1523,'2015-09-15',0,'','',225,87,178,'2015-12-30 08:39:12',0,1,NULL,NULL),(1524,'2015-10-21',0,'','',225,87,178,'2015-12-30 08:39:15',0,1,NULL,NULL),(1525,'2015-10-23',0,'','',225,87,178,'2015-12-30 08:39:19',0,1,NULL,NULL),(1526,'2015-10-24',0,'','',225,87,178,'2015-12-30 08:39:22',0,1,NULL,NULL),(1527,'2015-10-25',24,'','',225,87,178,'2015-12-30 08:39:25',0,1,NULL,NULL),(1528,'2015-10-28',0,'','',225,87,178,'2015-12-30 08:39:27',0,1,NULL,NULL),(1529,'2015-10-29',0,'','',225,87,178,'2015-12-30 08:39:33',0,1,NULL,NULL),(1530,'2015-11-01',24,'','',225,87,178,'2015-12-30 08:39:36',0,1,NULL,NULL),(1531,'2015-10-15',2,'','',225,87,178,'2015-12-30 08:39:39',0,1,NULL,NULL),(1532,'2015-11-02',0,'','',225,87,178,'2015-12-30 08:39:57',0,1,NULL,NULL),(1533,'2015-11-08',0,'','',225,87,178,'2015-12-30 08:40:01',0,1,NULL,NULL),(1534,'2015-11-12',24,'','',225,87,178,'2015-12-30 08:40:12',0,1,NULL,NULL),(1535,'2015-11-13',0,'','',225,87,178,'2015-12-30 08:40:15',0,1,NULL,NULL),(1536,'2015-11-15',0,'','',225,87,178,'2015-12-30 08:41:06',0,1,NULL,NULL),(1537,'2015-11-19',24,'','',225,87,178,'2015-12-30 08:41:26',0,1,NULL,NULL),(1538,'2015-11-23',0,'','',225,87,178,'2015-12-30 08:41:29',0,1,NULL,NULL),(1539,'2015-12-08',0,'','',225,87,178,'2015-12-30 08:41:32',0,1,NULL,NULL),(1540,'2015-12-31',20,'','',59,8,19,'2015-12-30 23:44:05',0,0,NULL,NULL),(1541,'2015-12-31',16,'','',56,8,16,'2016-01-01 09:03:57',0,1,NULL,NULL),(1542,'2015-08-11',10,'','',227,88,179,'2015-12-31 02:56:00',0,1,NULL,NULL),(1543,'2015-08-18',14,'','',227,88,179,'2015-12-31 02:56:03',0,1,NULL,NULL),(1544,'2015-08-15',2,'','',227,88,179,'2015-12-31 02:56:08',0,1,NULL,NULL),(1545,'2015-08-22',2,'','',227,88,179,'2015-12-31 02:56:11',0,1,NULL,NULL),(1546,'2015-08-29',4,'','',227,88,179,'2015-12-31 02:56:14',0,1,NULL,NULL),(1547,'2015-08-25',12,'','',227,88,179,'2015-12-31 02:56:18',0,1,NULL,NULL),(1548,'2015-09-04',16,'','',227,88,179,'2015-12-31 02:56:21',0,1,NULL,NULL),(1549,'2015-09-15',6,'','',227,88,179,'2015-12-31 02:56:24',0,1,NULL,NULL),(1550,'2015-09-18',16,'','',227,88,179,'2015-12-31 02:56:27',0,1,NULL,NULL),(1551,'2015-09-22',6,'','',227,88,179,'2015-12-31 02:56:33',0,1,NULL,NULL),(1552,'2015-09-26',4,'','',227,88,179,'2015-12-31 02:56:36',0,1,NULL,NULL),(1553,'2015-10-04',2,'','',227,88,179,'2015-12-31 02:56:40',0,1,NULL,NULL),(1554,'2015-10-24',2,'','',227,88,179,'2015-12-31 02:56:43',0,1,NULL,NULL),(1555,'2015-10-27',4,'','',227,88,179,'2015-12-31 02:56:49',0,1,NULL,NULL),(1556,'2015-10-06',20,'','',227,88,179,'2015-12-31 02:56:55',0,1,NULL,NULL),(1557,'2015-10-31',0,'','',227,88,179,'2015-12-31 02:56:52',0,1,NULL,NULL),(1558,'2015-11-04',4,'','',227,88,179,'2015-12-31 02:56:58',0,1,NULL,NULL),(1559,'2015-11-07',2,'','',227,88,179,'2015-12-31 02:57:01',0,1,NULL,NULL),(1560,'2015-11-14',2,'','',227,88,179,'2015-12-31 02:57:04',0,1,NULL,NULL),(1561,'2015-12-04',18,'','',227,88,179,'2015-12-31 02:57:09',0,1,NULL,NULL),(1562,'2015-08-17',18,'','',229,88,180,'2015-12-31 03:04:54',0,1,NULL,NULL),(1563,'2015-08-28',20,'','',229,88,180,'2015-12-31 03:04:58',0,1,NULL,NULL),(1564,'2015-08-21',22,'','',229,88,180,'2015-12-31 03:05:01',0,1,NULL,NULL),(1565,'2015-08-24',22,'','',229,88,180,'2015-12-31 03:05:04',0,1,NULL,NULL),(1566,'2015-08-26',12,'','',229,88,180,'2015-12-31 03:05:10',0,1,NULL,NULL),(1567,'2015-08-31',22,'','',229,88,180,'2015-12-31 03:05:16',0,1,NULL,NULL),(1568,'2015-09-03',22,'','',229,88,180,'2015-12-31 03:05:19',0,1,NULL,NULL),(1569,'2015-09-07',12,'','',229,88,180,'2015-12-31 03:05:22',0,1,NULL,NULL),(1570,'2015-09-10',22,'','',229,88,180,'2015-12-31 03:05:25',0,1,NULL,NULL),(1571,'2015-09-17',20,'','',229,88,180,'2015-12-31 03:05:27',0,1,NULL,NULL),(1572,'2015-09-24',12,'','',229,88,180,'2015-12-31 03:05:31',0,1,NULL,NULL),(1573,'2015-10-22',22,'','',229,88,180,'2015-12-31 03:05:34',0,1,NULL,NULL),(1574,'2015-10-30',22,'','',229,88,180,'2015-12-31 03:05:37',0,1,NULL,NULL),(1575,'2015-11-03',22,'','',229,88,180,'2015-12-31 03:05:42',0,1,NULL,NULL),(1576,'2015-11-04',22,'','',229,88,180,'2015-12-31 03:05:45',0,1,NULL,NULL),(1577,'2015-11-09',22,'','',229,88,180,'2015-12-31 03:05:48',0,1,NULL,NULL),(1578,'2015-11-11',20,'','',229,88,180,'2015-12-31 03:05:51',0,1,NULL,NULL),(1579,'2015-11-14',20,'','',229,88,180,'2015-12-31 03:05:55',0,1,NULL,NULL),(1580,'2015-11-16',22,'','',229,88,180,'2015-12-31 03:05:58',0,1,NULL,NULL),(1581,'2015-11-19',22,'','',229,88,180,'2015-12-31 03:06:01',0,1,NULL,NULL),(1582,'2015-11-25',22,'','',229,88,180,'2015-12-31 03:06:04',0,1,NULL,NULL),(1583,'2015-12-10',20,'','',229,88,180,'2015-12-31 03:06:07',0,1,NULL,NULL),(1584,'2015-12-16',20,'','',229,88,180,'2015-12-31 03:06:11',0,1,NULL,NULL),(1585,'2015-12-19',22,'','',229,88,180,'2015-12-31 03:06:29',0,1,NULL,NULL),(1586,'2015-12-24',20,'','',229,88,180,'2015-12-31 03:06:26',0,1,NULL,NULL),(1587,'2015-12-25',22,'','',229,88,180,'2015-12-31 03:06:22',0,1,NULL,NULL),(1588,'2015-12-27',22,'','',229,88,180,'2015-12-31 03:06:19',0,1,NULL,NULL),(1589,'2015-12-30',20,'','',229,88,180,'2015-12-31 03:06:17',0,1,NULL,NULL),(1590,'2015-09-17',22,'','',229,88,180,'2015-12-31 03:06:14',0,1,NULL,NULL),(1591,'2015-10-12',0,'','',230,88,181,'2015-12-31 03:11:48',0,1,NULL,NULL),(1592,'2015-10-16',0,'','',230,88,181,'2015-12-31 03:11:52',0,1,NULL,NULL),(1593,'2015-10-19',0,'','',230,88,181,'2015-12-31 03:11:56',0,1,NULL,NULL),(1594,'2015-10-26',2,'','',230,88,181,'2015-12-31 03:12:06',0,1,NULL,NULL),(1595,'2015-10-30',0,'','',230,88,181,'2015-12-31 03:12:10',0,1,NULL,NULL),(1596,'2015-11-02',1,'','',230,88,181,'2015-12-31 03:12:16',0,1,NULL,NULL),(1597,'2015-11-04',6,'','',230,88,181,'2015-12-31 03:12:20',0,1,NULL,NULL),(1598,'2015-11-06',2,'','',230,88,181,'2015-12-31 03:12:25',0,1,NULL,NULL),(1599,'2015-11-17',0,'','',230,88,181,'2015-12-31 03:13:22',0,1,NULL,NULL),(1600,'2015-11-20',1,'','',230,88,181,'2015-12-31 03:13:29',0,1,NULL,NULL),(1601,'2015-11-23',1,'','',230,88,181,'2015-12-31 03:13:44',0,1,NULL,NULL),(1602,'2015-11-25',1,'','',230,88,181,'2015-12-31 03:13:49',0,1,NULL,NULL),(1603,'2015-11-27',0,'','',230,88,181,'2015-12-31 03:13:55',0,1,NULL,NULL),(1604,'2015-11-30',0,'','',230,88,181,'2015-12-31 03:14:01',0,1,NULL,NULL),(1605,'2015-12-02',0,'','',230,88,181,'2015-12-31 03:14:07',0,1,NULL,NULL),(1606,'2015-12-04',0,'','',230,88,181,'2015-12-31 03:14:11',0,1,NULL,NULL),(1607,'2015-12-07',1,'','',230,88,181,'2015-12-31 03:14:17',0,1,NULL,NULL),(1608,'2015-12-16',1,'','',230,88,181,'2015-12-31 03:14:30',0,1,NULL,NULL),(1609,'2015-12-18',1,'','',230,88,181,'2015-12-31 03:14:36',0,1,NULL,NULL),(1610,'2015-12-23',1,'','',230,88,181,'2015-12-31 03:14:45',0,1,NULL,NULL),(1611,'2015-12-25',1,'','',230,88,181,'2015-12-31 03:14:48',0,1,NULL,NULL),(1612,'2015-12-28',1,'','',230,88,181,'2015-12-31 03:14:51',0,1,NULL,NULL),(1613,'2015-11-09',1,'','',230,88,181,'2015-12-31 03:12:49',0,1,NULL,NULL),(1614,'2015-11-16',1,'','',230,88,181,'2015-12-31 03:13:16',0,1,NULL,NULL),(1615,'2015-09-29',20,'','',231,88,182,'2015-12-31 03:19:27',0,1,NULL,NULL),(1616,'2015-10-07',20,'','',231,88,182,'2015-12-31 03:19:31',0,1,NULL,NULL),(1617,'2015-10-05',2,'','',231,88,182,'2015-12-31 03:19:35',0,1,NULL,NULL),(1618,'2015-10-19',20,'','',231,88,182,'2015-12-31 03:19:38',0,1,NULL,NULL),(1619,'2015-10-21',20,'','',231,88,182,'2015-12-31 03:19:42',0,1,NULL,NULL),(1620,'2015-10-28',18,'','',231,88,182,'2015-12-31 03:19:45',0,1,NULL,NULL),(1621,'2015-11-02',20,'','',231,88,182,'2015-12-31 03:19:48',0,1,NULL,NULL),(1622,'2015-11-04',20,'','',231,88,182,'2015-12-31 03:19:52',0,1,NULL,NULL),(1623,'2015-11-06',20,'','',231,88,182,'2015-12-31 03:19:54',0,1,NULL,NULL),(1624,'2015-11-13',18,'','',231,88,182,'2015-12-31 03:19:58',0,1,NULL,NULL),(1625,'2015-11-16',18,'','',231,88,182,'2015-12-31 03:20:10',0,1,NULL,NULL),(1626,'2015-11-18',20,'','',231,88,182,'2015-12-31 03:20:07',0,1,NULL,NULL),(1627,'2015-11-27',18,'','',231,88,182,'2015-12-31 03:20:04',0,1,NULL,NULL),(1628,'2015-11-30',20,'','',231,88,182,'2015-12-31 03:20:02',0,1,NULL,NULL),(1629,'2015-12-02',20,'','',231,88,182,'2015-12-31 03:20:13',0,1,NULL,NULL),(1630,'2015-08-10',21,'','',232,88,182,'2015-12-31 03:23:02',0,1,NULL,NULL),(1631,'2015-08-14',21,'','',232,88,182,'2015-12-31 03:23:05',0,1,NULL,NULL),(1632,'2015-08-12',20,'','',232,88,182,'2015-12-31 03:23:08',0,1,NULL,NULL),(1633,'2015-08-19',20,'','',232,88,182,'2015-12-31 03:23:12',0,1,NULL,NULL),(1634,'2015-08-17',20,'','',232,88,182,'2015-12-31 03:23:15',0,1,NULL,NULL),(1635,'2015-08-21',0,'','',232,88,182,'2015-12-31 03:23:18',0,1,NULL,NULL),(1636,'2015-08-24',0,'','',232,88,182,'2015-12-31 03:23:22',0,1,NULL,NULL),(1637,'2015-08-31',20,'','',232,88,182,'2015-12-31 03:23:25',0,1,NULL,NULL),(1638,'2015-09-02',20,'','',232,88,182,'2015-12-31 03:23:27',0,1,NULL,NULL),(1639,'2015-09-04',20,'','',232,88,182,'2015-12-31 03:23:31',0,1,NULL,NULL),(1640,'2015-09-07',20,'','',232,88,182,'2015-12-31 03:23:34',0,1,NULL,NULL),(1641,'2015-09-14',20,'','',232,88,182,'2015-12-31 03:23:37',0,1,NULL,NULL),(1642,'2015-08-20',22,'','',233,88,183,'2015-12-31 03:26:37',0,1,NULL,NULL),(1643,'2015-08-22',14,'','',233,88,183,'2015-12-31 03:26:40',0,1,NULL,NULL),(1644,'2015-09-12',16,'','',233,88,183,'2015-12-31 03:26:44',0,1,NULL,NULL),(1645,'2015-09-03',16,'','',233,88,183,'2015-12-31 03:26:48',0,1,NULL,NULL),(1646,'2015-09-08',22,'','',233,88,183,'2015-12-31 03:26:51',0,1,NULL,NULL),(1647,'2015-09-15',22,'','',233,88,183,'2015-12-31 03:26:54',0,1,NULL,NULL),(1648,'2015-09-19',14,'','',233,88,183,'2015-12-31 03:26:59',0,1,NULL,NULL),(1649,'2015-10-11',10,'','',233,88,183,'2015-12-31 03:27:03',0,1,NULL,NULL),(1650,'2015-11-05',22,'','',233,88,183,'2015-12-31 03:27:06',0,1,NULL,NULL),(1651,'2015-10-08',8,'','',234,88,184,'2015-12-31 03:32:22',0,1,NULL,NULL),(1652,'2015-10-27',22,'','',234,88,184,'2015-12-31 03:32:27',0,1,NULL,NULL),(1653,'2015-11-05',24,'','',234,88,184,'2015-12-31 03:32:30',0,1,NULL,NULL),(1654,'2015-10-29',20,'','',234,88,184,'2015-12-31 03:32:33',0,1,NULL,NULL),(1655,'2015-10-31',20,'','',234,88,184,'2015-12-31 03:32:36',0,1,NULL,NULL),(1656,'2015-11-10',22,'','',234,88,184,'2015-12-31 03:32:39',0,1,NULL,NULL),(1657,'2015-11-12',22,'','',234,88,184,'2015-12-31 03:32:42',0,1,NULL,NULL),(1658,'2015-11-15',20,'','',234,88,184,'2015-12-31 03:32:46',0,1,NULL,NULL),(1659,'2015-11-07',20,'','',234,88,184,'2015-12-31 03:32:50',0,1,NULL,NULL),(1660,'2015-11-19',24,'','',234,88,184,'2015-12-31 03:32:54',0,1,NULL,NULL),(1661,'2015-11-26',24,'','',234,88,184,'2015-12-31 03:32:56',0,1,NULL,NULL),(1662,'2015-11-29',8,'','',234,88,184,'2015-12-31 03:33:15',0,1,NULL,NULL),(1663,'2015-12-02',22,'','',234,88,184,'2015-12-31 03:33:08',0,1,NULL,NULL),(1664,'2015-12-07',22,'','',234,88,184,'2015-12-31 03:33:11',0,1,NULL,NULL),(1665,'2015-12-09',22,'','',234,88,184,'2015-12-31 03:33:17',0,1,NULL,NULL),(1666,'2015-12-13',22,'','',234,88,184,'2015-12-31 03:33:20',0,1,NULL,NULL),(1667,'2015-12-29',24,'','',234,88,184,'2015-12-31 03:33:01',0,1,NULL,NULL),(1668,'2015-08-12',18,'','',235,88,184,'2015-12-31 03:37:15',0,1,NULL,NULL),(1669,'2015-08-15',10,'','',235,88,184,'2015-12-31 03:37:19',0,1,NULL,NULL),(1670,'2015-08-27',22,'','',235,88,184,'2015-12-31 03:37:22',0,1,NULL,NULL),(1671,'2015-08-20',20,'','',235,88,184,'2015-12-31 03:37:25',0,1,NULL,NULL),(1672,'2015-09-09',22,'','',235,88,184,'2015-12-31 03:37:29',0,1,NULL,NULL),(1673,'2015-09-01',22,'','',235,88,184,'2015-12-31 03:37:32',0,1,NULL,NULL),(1674,'2015-09-16',22,'','',235,88,184,'2015-12-31 03:37:36',0,1,NULL,NULL),(1675,'2015-09-19',22,'','',235,88,184,'2015-12-31 03:37:38',0,1,NULL,NULL),(1676,'2015-10-06',22,'','',235,88,184,'2015-12-31 03:37:41',0,1,NULL,NULL),(1677,'2015-10-13',22,'','',235,88,184,'2015-12-31 03:37:44',0,1,NULL,NULL),(1678,'2015-08-23',14,'','',235,88,184,'2015-12-31 03:37:47',0,1,NULL,NULL),(1679,'2015-09-21',24,'','',235,88,184,'2015-12-31 03:37:51',0,1,NULL,NULL),(1680,'2015-08-27',20,'','',236,88,185,'2015-12-31 03:40:10',0,1,NULL,NULL),(1681,'2015-09-10',18,'','',236,88,185,'2015-12-31 03:40:14',0,1,NULL,NULL),(1682,'2015-08-29',14,'','',236,88,185,'2015-12-31 03:40:17',0,1,NULL,NULL),(1683,'2015-10-05',20,'','',237,88,186,'2015-12-31 03:42:27',0,1,NULL,NULL),(1684,'2015-10-17',21,'','',237,88,186,'2015-12-31 03:42:31',0,1,NULL,NULL),(1685,'2015-10-20',18,'','',237,88,186,'2015-12-31 03:42:36',0,1,NULL,NULL),(1686,'2015-10-24',20,'','',237,88,186,'2015-12-31 03:42:39',0,1,NULL,NULL),(1687,'2015-10-18',20,'','',237,88,186,'2015-12-31 03:42:47',0,1,NULL,NULL),(1688,'2015-08-25',18,'','',238,88,187,'2015-12-31 03:46:05',0,1,NULL,NULL),(1689,'2015-08-27',16,'','',238,88,187,'2015-12-31 03:46:08',0,1,NULL,NULL),(1690,'2015-08-31',18,'','',238,88,187,'2015-12-31 03:46:18',0,1,NULL,NULL),(1691,'2015-09-02',8,'','',238,88,187,'2015-12-31 03:46:21',0,1,NULL,NULL),(1692,'2015-09-04',4,'','',238,88,187,'2015-12-31 03:46:23',0,1,NULL,NULL),(1693,'2015-08-29',2,'','',238,88,187,'2015-12-31 03:46:26',0,1,NULL,NULL),(1694,'2015-09-12',4,'','',238,88,187,'2015-12-31 03:46:29',0,1,NULL,NULL),(1695,'2015-09-14',18,'','',238,88,187,'2015-12-31 03:46:38',0,1,NULL,NULL),(1696,'2015-10-16',4,'','',238,88,187,'2015-12-31 03:46:35',0,1,NULL,NULL),(1697,'2015-10-19',18,'','',238,88,187,'2015-12-31 03:46:32',0,1,NULL,NULL),(1698,'2015-10-22',16,'','',238,88,187,'2015-12-31 03:46:41',0,1,NULL,NULL),(1699,'2015-11-03',18,'','',238,88,187,'2015-12-31 03:46:44',0,1,NULL,NULL),(1700,'2015-11-05',16,'','',238,88,187,'2015-12-31 03:46:48',0,1,NULL,NULL),(1701,'2015-11-07',10,'','',238,88,187,'2015-12-31 03:46:58',0,1,NULL,NULL),(1702,'2015-11-09',18,'','',238,88,187,'2015-12-31 03:46:50',0,1,NULL,NULL),(1703,'2015-11-11',18,'','',238,88,187,'2015-12-31 03:46:53',0,1,NULL,NULL),(1704,'2015-11-16',20,'','',238,88,187,'2015-12-31 03:46:55',0,1,NULL,NULL),(1705,'2015-11-18',14,'','',238,88,187,'2015-12-31 03:47:01',0,1,NULL,NULL),(1706,'2015-10-16',14,'','',239,88,188,'2015-12-31 03:49:47',0,1,NULL,NULL),(1707,'2015-11-12',14,'','',239,88,188,'2015-12-31 03:49:51',0,1,NULL,NULL),(1708,'2015-10-20',14,'','',239,88,188,'2015-12-31 03:49:54',0,1,NULL,NULL),(1709,'2015-10-18',12,'','',239,88,188,'2015-12-31 03:49:57',0,1,NULL,NULL),(1710,'2015-10-26',14,'','',239,88,188,'2015-12-31 03:50:00',0,1,NULL,NULL),(1711,'2015-10-23',14,'','',239,88,188,'2015-12-31 03:50:03',0,1,NULL,NULL),(1712,'2015-11-09',14,'','',239,88,188,'2015-12-31 03:50:06',0,1,NULL,NULL),(1713,'2015-11-16',14,'','',239,88,188,'2015-12-31 03:50:10',0,1,NULL,NULL),(1714,'2015-11-23',14,'','',239,88,188,'2015-12-31 03:50:13',0,1,NULL,NULL),(1715,'2015-10-29',14,'','',239,88,188,'2015-12-31 03:50:16',0,1,NULL,NULL),(1716,'2015-11-02',14,'','',240,88,189,'2015-12-31 04:01:40',0,1,NULL,NULL),(1717,'2015-11-04',12,'','',240,88,189,'2015-12-31 04:01:43',0,1,NULL,NULL),(1718,'2015-11-06',12,'','',240,88,189,'2015-12-31 04:01:46',0,1,NULL,NULL),(1719,'2015-11-09',12,'','',240,88,189,'2015-12-31 04:01:49',0,1,NULL,NULL),(1720,'2015-11-11',8,'','',240,88,189,'2015-12-31 04:01:53',0,1,NULL,NULL),(1721,'2015-11-26',10,'','',240,88,189,'2015-12-31 04:01:56',0,1,NULL,NULL),(1722,'2015-11-27',10,'','',240,88,189,'2015-12-31 04:01:59',0,1,NULL,NULL),(1723,'2015-12-02',10,'','',240,88,189,'2015-12-31 04:02:02',0,1,NULL,NULL),(1724,'2015-11-13',8,'','',240,88,189,'2015-12-31 04:02:05',0,1,NULL,NULL),(1725,'2015-11-25',10,'','',240,88,189,'2015-12-31 04:02:08',0,1,NULL,NULL),(1726,'2015-12-03',2,'','',240,88,189,'2015-12-31 04:02:12',0,1,NULL,NULL),(1727,'2015-12-04',14,'','',240,88,189,'2015-12-31 04:02:15',0,1,NULL,NULL),(1728,'2015-12-16',10,'','',240,88,189,'2015-12-31 04:02:17',0,1,NULL,NULL),(1729,'2015-12-18',10,'','',240,88,189,'2015-12-31 04:02:24',0,1,NULL,NULL),(1730,'2015-09-09',10,'','',241,88,191,'2015-12-31 04:06:24',0,1,NULL,NULL),(1731,'2015-09-13',10,'','',241,88,191,'2015-12-31 04:06:28',0,1,NULL,NULL),(1732,'2015-09-17',10,'','',241,88,191,'2015-12-31 04:06:31',0,1,NULL,NULL),(1733,'2015-09-22',11,'','',241,88,191,'2015-12-31 04:06:34',0,1,NULL,NULL),(1734,'2015-09-15',10,'','',241,88,191,'2015-12-31 04:06:38',0,1,NULL,NULL),(1735,'2015-09-25',10,'','',241,88,191,'2015-12-31 04:06:41',0,1,NULL,NULL),(1736,'2015-10-06',10,'','',241,88,191,'2015-12-31 04:06:43',0,1,NULL,NULL),(1737,'2015-11-04',18,'','',242,88,192,'2015-12-31 04:19:01',0,1,NULL,NULL),(1738,'2015-11-05',18,'','',242,88,192,'2015-12-31 04:19:06',0,1,NULL,NULL),(1739,'2015-11-11',16,'','',242,88,192,'2015-12-31 04:19:09',0,1,NULL,NULL),(1740,'2015-11-14',18,'','',242,88,192,'2015-12-31 04:19:13',0,1,NULL,NULL),(1741,'2015-11-15',10,'','',242,88,192,'2015-12-31 04:19:16',0,1,NULL,NULL),(1742,'2015-11-16',16,'','',242,88,192,'2015-12-31 04:19:19',0,1,NULL,NULL),(1743,'2015-11-19',18,'','',242,88,192,'2015-12-31 04:19:22',0,1,NULL,NULL),(1744,'2015-11-21',2,'','',242,88,192,'2015-12-31 04:19:25',0,1,NULL,NULL),(1745,'2015-11-22',18,'','',242,88,192,'2015-12-31 04:19:33',0,1,NULL,NULL),(1746,'2015-11-24',18,'','',242,88,192,'2015-12-31 04:19:38',0,1,NULL,NULL),(1747,'2015-12-01',16,'','',242,88,192,'2015-12-31 04:19:42',0,1,NULL,NULL),(1748,'2015-12-05',8,'','',242,88,192,'2015-12-31 04:19:45',0,1,NULL,NULL),(1749,'2015-12-06',6,'','',242,88,192,'2015-12-31 04:19:48',0,1,NULL,NULL),(1750,'2015-12-07',14,'','',242,88,192,'2015-12-31 04:19:51',0,1,NULL,NULL),(1751,'2015-12-09',18,'','',242,88,192,'2015-12-31 04:19:55',0,1,NULL,NULL),(1752,'2015-12-18',18,'','',242,88,192,'2015-12-31 04:19:58',0,1,NULL,NULL),(1753,'2015-12-20',16,'','',242,88,192,'2015-12-31 04:20:02',0,1,NULL,NULL),(1754,'2015-12-22',20,'','',242,88,192,'2015-12-31 04:20:05',0,1,NULL,NULL),(1755,'2015-12-23',18,'','',242,88,192,'2015-12-31 04:20:31',0,1,NULL,NULL),(1756,'2015-11-18',18,'','',242,88,192,'2015-12-31 04:20:27',0,1,NULL,NULL),(1757,'2015-12-24',18,'','',242,88,192,'2015-12-31 04:20:24',0,1,NULL,NULL),(1758,'2015-12-27',18,'','',242,88,192,'2015-12-31 04:20:21',0,1,NULL,NULL),(1759,'2015-12-29',18,'','',242,88,192,'2015-12-31 04:20:18',0,1,NULL,NULL),(1760,'2015-12-30',18,'','',242,88,192,'2015-12-31 04:20:11',0,1,NULL,NULL),(1761,'2015-11-26',18,'','',242,88,192,'2015-12-31 04:20:14',0,1,NULL,NULL),(1762,'2015-12-03',18,'','',242,88,192,'2015-12-31 04:20:08',0,1,NULL,NULL),(1763,'2015-09-14',16,'','',243,88,192,'2015-12-31 04:28:20',0,1,NULL,NULL),(1764,'2015-09-16',18,'','',243,88,192,'2015-12-31 04:28:23',0,1,NULL,NULL),(1765,'2015-09-18',20,'','',243,88,192,'2015-12-31 04:28:26',0,1,NULL,NULL),(1766,'2015-09-20',16,'','',243,88,192,'2015-12-31 04:28:38',0,1,NULL,NULL),(1767,'2015-09-24',18,'','',243,88,192,'2015-12-31 04:28:43',0,1,NULL,NULL),(1768,'2015-09-25',18,'','',243,88,192,'2015-12-31 04:28:47',0,1,NULL,NULL),(1769,'2015-09-28',18,'','',243,88,192,'2015-12-31 04:28:50',0,1,NULL,NULL),(1770,'2015-09-29',18,'','',243,88,192,'2015-12-31 04:28:54',0,1,NULL,NULL),(1771,'2015-10-06',4,'','',243,88,192,'2015-12-31 04:28:57',0,1,NULL,NULL),(1772,'2015-10-07',4,'','',243,88,192,'2015-12-31 04:29:01',0,1,NULL,NULL),(1773,'2015-10-09',16,'','',243,88,192,'2015-12-31 04:29:07',0,1,NULL,NULL),(1774,'2015-09-27',16,'','',243,88,192,'2015-12-31 04:29:04',0,1,NULL,NULL),(1775,'2015-10-11',18,'','',243,88,192,'2015-12-31 04:29:12',0,1,NULL,NULL),(1776,'2015-10-13',18,'','',243,88,192,'2015-12-31 04:29:15',0,1,NULL,NULL),(1777,'2015-10-14',18,'','',243,88,192,'2015-12-31 04:29:18',0,1,NULL,NULL),(1778,'2015-10-15',18,'','',243,88,192,'2015-12-31 04:29:23',0,1,NULL,NULL),(1779,'2015-10-17',8,'','',243,88,192,'2015-12-31 04:29:26',0,1,NULL,NULL),(1780,'2015-10-18',18,'','',243,88,192,'2015-12-31 04:29:29',0,1,NULL,NULL),(1781,'2015-10-20',16,'','',243,88,192,'2015-12-31 04:29:33',0,1,NULL,NULL),(1782,'2015-10-21',16,'','',243,88,192,'2015-12-31 04:29:37',0,1,NULL,NULL),(1783,'2015-10-22',18,'','',243,88,192,'2015-12-31 04:29:41',0,1,NULL,NULL),(1784,'2015-10-23',16,'','',243,88,192,'2015-12-31 04:29:45',0,1,NULL,NULL),(1785,'2015-10-26',16,'','',243,88,192,'2015-12-31 04:29:49',0,1,NULL,NULL),(1786,'2015-10-27',18,'','',243,88,192,'2015-12-31 04:29:52',0,1,NULL,NULL),(1787,'2015-10-28',20,'','',243,88,192,'2015-12-31 04:29:55',0,1,NULL,NULL),(1788,'2015-10-29',18,'','',243,88,192,'2015-12-31 04:30:03',0,1,NULL,NULL),(1789,'2015-10-30',18,'','',243,88,192,'2015-12-31 04:30:07',0,1,NULL,NULL),(1790,'2015-11-01',16,'','',243,88,192,'2015-12-31 04:30:09',0,1,NULL,NULL),(1791,'2015-11-03',20,'','',243,88,192,'2015-12-31 04:30:12',0,1,NULL,NULL),(1792,'2015-09-22',18,'','',243,88,192,'2015-12-31 04:30:16',0,1,NULL,NULL),(1793,'2015-11-13',20,'','',244,88,193,'2015-12-31 04:37:29',0,1,NULL,NULL),(1794,'2015-11-15',14,'','',244,88,193,'2015-12-31 04:37:33',0,1,NULL,NULL),(1795,'2015-11-19',20,'','',244,88,193,'2015-12-31 04:37:38',0,1,NULL,NULL),(1796,'2015-11-24',22,'','',244,88,193,'2015-12-31 04:37:44',0,1,NULL,NULL),(1797,'2015-11-26',16,'','',244,88,193,'2015-12-31 04:37:49',0,1,NULL,NULL),(1798,'2015-11-30',22,'','',244,88,193,'2015-12-31 04:37:53',0,1,NULL,NULL),(1799,'2015-12-03',22,'','',244,88,193,'2015-12-31 04:37:57',0,1,NULL,NULL),(1800,'2015-12-07',20,'','',244,88,193,'2015-12-31 04:38:00',0,1,NULL,NULL),(1801,'2015-12-09',20,'','',244,88,193,'2015-12-31 04:38:04',0,1,NULL,NULL),(1802,'2015-12-12',21,'','',244,88,193,'2015-12-31 04:38:08',0,1,NULL,NULL),(1803,'2015-12-16',22,'','',244,88,193,'2015-12-31 04:38:11',0,1,NULL,NULL),(1804,'2015-12-19',20,'','',244,88,193,'2015-12-31 04:38:14',0,1,NULL,NULL),(1805,'2015-12-23',20,'','',244,88,193,'2015-12-31 04:38:17',0,1,NULL,NULL),(1806,'2015-12-25',18,'','',244,88,193,'2015-12-31 04:38:21',0,1,NULL,NULL),(1807,'2015-12-27',20,'','',244,88,193,'2015-12-31 04:38:24',0,1,NULL,NULL),(1808,'2015-12-30',22,'','',244,88,193,'2015-12-31 04:38:28',0,1,NULL,NULL),(1809,'2015-12-27',12,'','',245,88,194,'2015-12-31 04:44:09',0,1,NULL,NULL),(1810,'2015-10-21',10,'','',246,88,195,'2015-12-31 04:54:05',0,1,NULL,NULL),(1811,'2015-10-23',2,'','',246,88,195,'2015-12-31 04:54:08',0,1,NULL,NULL),(1812,'2015-11-02',10,'','',246,88,195,'2015-12-31 04:54:12',0,1,NULL,NULL),(1813,'2015-11-04',10,'','',246,88,195,'2015-12-31 04:54:15',0,1,NULL,NULL),(1814,'2015-11-06',6,'','',246,88,195,'2015-12-31 04:54:19',0,1,NULL,NULL),(1815,'2015-11-09',10,'','',246,88,195,'2015-12-31 04:54:22',0,1,NULL,NULL),(1816,'2015-11-11',10,'','',246,88,195,'2015-12-31 04:54:25',0,1,NULL,NULL),(1817,'2015-11-13',12,'','',246,88,195,'2015-12-31 04:54:31',0,1,NULL,NULL),(1818,'2015-11-16',10,'','',246,88,195,'2015-12-31 04:54:34',0,1,NULL,NULL),(1819,'2015-11-18',10,'','',246,88,195,'2015-12-31 04:54:38',0,1,NULL,NULL),(1820,'2015-11-20',3,'','',246,88,195,'2015-12-31 04:54:43',0,1,NULL,NULL),(1821,'2015-11-25',18,'','',246,88,195,'2015-12-31 04:54:57',0,1,NULL,NULL),(1822,'2015-11-27',12,'','',246,88,195,'2015-12-31 04:54:54',0,1,NULL,NULL),(1823,'2015-11-30',10,'','',246,88,195,'2015-12-31 04:54:49',0,1,NULL,NULL),(1824,'2015-12-02',12,'','',246,88,195,'2015-12-31 04:54:46',0,1,NULL,NULL),(1825,'2015-12-09',10,'','',246,88,195,'2015-12-31 04:55:00',0,1,NULL,NULL),(1826,'2015-12-16',12,'','',246,88,195,'2015-12-31 04:55:04',0,1,NULL,NULL),(1827,'2015-12-18',12,'','',246,88,195,'2015-12-31 04:55:07',0,1,NULL,NULL),(1828,'2015-12-21',12,'','',246,88,195,'2015-12-31 04:55:56',0,1,NULL,NULL),(1829,'2015-09-20',20,'','',247,88,196,'2015-12-31 05:03:22',0,1,NULL,NULL),(1830,'2015-09-23',22,'','',247,88,196,'2015-12-31 05:03:26',0,1,NULL,NULL),(1831,'2015-09-26',12,'','',247,88,196,'2015-12-31 05:03:31',0,1,NULL,NULL),(1832,'2015-09-26',22,'','',247,88,196,'2015-12-31 05:03:34',0,1,NULL,NULL),(1833,'2015-10-07',22,'','',247,88,196,'2015-12-31 05:04:10',0,1,NULL,NULL),(1834,'2015-10-11',22,'','',247,88,196,'2015-12-31 05:04:14',0,1,NULL,NULL),(1835,'2015-10-26',22,'','',247,88,196,'2015-12-31 05:04:18',0,1,NULL,NULL),(1836,'2015-11-08',22,'','',247,88,196,'2015-12-31 05:04:21',0,1,NULL,NULL),(1837,'2015-11-11',22,'','',247,88,196,'2015-12-31 05:04:25',0,1,NULL,NULL),(1838,'2015-11-17',22,'','',247,88,196,'2015-12-31 05:04:28',0,1,NULL,NULL),(1839,'2015-11-23',22,'','',247,88,196,'2015-12-31 05:04:32',0,1,NULL,NULL),(1840,'2015-11-26',22,'','',247,88,196,'2015-12-31 05:04:35',0,1,NULL,NULL),(1841,'2015-12-08',22,'','',247,88,196,'2015-12-31 05:04:38',0,1,NULL,NULL),(1842,'2015-12-11',22,'','',247,88,196,'2015-12-31 05:04:41',0,1,NULL,NULL),(1843,'2015-12-17',22,'','',247,88,196,'2015-12-31 05:04:45',0,1,NULL,NULL),(1844,'2015-12-23',22,'','',247,88,196,'2015-12-31 05:04:48',0,1,NULL,NULL),(1845,'2015-09-16',16,'','',248,88,197,'2015-12-31 05:10:14',0,1,NULL,NULL),(1846,'2015-09-19',16,'','',248,88,197,'2015-12-31 05:10:21',0,1,NULL,NULL),(1847,'2015-09-23',18,'','',248,88,197,'2015-12-31 05:10:24',0,1,NULL,NULL),(1848,'2015-10-11',12,'','',248,88,197,'2015-12-31 05:10:28',0,1,NULL,NULL),(1849,'2015-10-15',20,'','',248,88,197,'2015-12-31 05:10:31',0,1,NULL,NULL),(1850,'2015-10-27',20,'','',248,88,197,'2015-12-31 05:10:36',0,1,NULL,NULL),(1851,'2015-11-14',22,'','',248,88,197,'2015-12-31 05:10:39',0,1,NULL,NULL),(1852,'2015-11-18',22,'','',248,88,197,'2015-12-31 05:10:43',0,1,NULL,NULL),(1853,'2015-11-27',20,'','',248,88,197,'2015-12-31 05:10:47',0,1,NULL,NULL),(1854,'2015-10-17',14,'','',248,88,197,'2015-12-31 05:10:51',0,1,NULL,NULL),(1855,'2015-11-29',16,'','',248,88,197,'2015-12-31 05:10:54',0,1,NULL,NULL),(1856,'2015-10-23',22,'','',248,88,197,'2015-12-31 05:10:57',0,1,NULL,NULL),(1857,'2015-11-20',20,'','',248,88,197,'2015-12-31 05:11:01',0,1,NULL,NULL),(1858,'2015-12-15',20,'','',248,88,197,'2015-12-31 05:11:05',0,1,NULL,NULL),(1859,'2015-09-11',18,'','',249,88,198,'2015-12-31 05:22:58',0,1,NULL,NULL),(1860,'2015-09-12',2,'','',249,88,198,'2015-12-31 05:23:21',0,1,NULL,NULL),(1861,'2015-09-13',2,'','',249,88,198,'2015-12-31 05:23:32',0,1,NULL,NULL),(1862,'2015-09-18',18,'','',249,88,198,'2015-12-31 05:23:35',0,1,NULL,NULL),(1863,'2015-09-19',2,'','',249,88,198,'2015-12-31 05:23:40',0,1,NULL,NULL),(1864,'2015-09-20',6,'','',249,88,198,'2015-12-31 05:23:46',0,1,NULL,NULL),(1865,'2015-09-25',20,'','',249,88,198,'2015-12-31 05:23:51',0,1,NULL,NULL),(1866,'2015-09-26',2,'','',249,88,198,'2015-12-31 05:23:24',0,1,NULL,NULL),(1867,'2015-09-27',2,'','',249,88,198,'2015-12-31 05:23:28',0,1,NULL,NULL),(1868,'2015-10-10',18,'','',249,88,198,'2015-12-31 05:23:43',0,1,NULL,NULL),(1869,'2015-09-10',3,'','',250,88,199,'2015-12-31 05:25:42',0,1,NULL,NULL),(1870,'2015-09-15',2,'','',250,88,199,'2015-12-31 05:25:46',0,1,NULL,NULL),(1871,'2015-09-22',2,'','',250,88,199,'2015-12-31 05:25:49',0,1,NULL,NULL),(1872,'2015-09-29',2,'','',250,88,199,'2015-12-31 05:26:04',0,1,NULL,NULL),(1873,'2015-10-23',10,'','',251,88,200,'2015-12-31 05:28:07',0,1,NULL,NULL),(1874,'2015-11-20',8,'','',251,88,200,'2015-12-31 05:28:04',0,1,NULL,NULL),(1875,'2015-11-04',8,'','',251,88,200,'2015-12-31 05:28:01',0,1,NULL,NULL),(1876,'2015-11-25',12,'','',251,88,200,'2015-12-31 05:27:58',0,1,NULL,NULL),(1877,'2015-11-30',8,'','',251,88,200,'2015-12-31 05:27:53',0,1,NULL,NULL),(1878,'2015-12-06',20,'','',252,88,201,'2015-12-31 05:30:24',0,1,NULL,NULL),(1879,'2015-10-23',20,'','',253,83,202,'2015-12-31 05:37:44',0,1,NULL,NULL),(1880,'2015-10-28',22,'','',253,83,202,'2015-12-31 05:37:47',0,1,NULL,NULL),(1881,'2015-11-04',20,'','',253,83,202,'2015-12-31 05:37:51',0,1,NULL,NULL),(1882,'2015-11-11',2,'','',253,83,202,'2015-12-31 05:37:54',0,1,NULL,NULL),(1883,'2015-11-13',2,'','',253,83,202,'2015-12-31 05:37:58',0,1,NULL,NULL),(1884,'2015-11-18',2,'','',253,83,202,'2015-12-31 05:38:01',0,1,NULL,NULL),(1885,'2015-11-20',2,'','',253,83,202,'2015-12-31 05:38:05',0,1,NULL,NULL),(1886,'2015-11-25',20,'','',253,83,202,'2015-12-31 05:38:09',0,1,NULL,NULL),(1887,'2015-11-27',20,'','',253,83,202,'2015-12-31 05:38:21',0,1,NULL,NULL),(1888,'2015-12-02',18,'','',253,83,202,'2015-12-31 05:38:24',0,1,NULL,NULL),(1889,'2015-12-04',20,'','',253,83,202,'2015-12-31 05:38:26',0,1,NULL,NULL),(1890,'2015-12-09',24,'','',253,83,202,'2015-12-31 05:38:29',0,1,NULL,NULL),(1891,'2015-12-11',18,'','',253,83,202,'2015-12-31 05:38:33',0,1,NULL,NULL),(1892,'2015-12-18',18,'','',253,83,202,'2015-12-31 05:38:37',0,1,NULL,NULL),(1893,'2015-08-24',24,'','',254,83,203,'2015-12-31 05:42:15',0,1,NULL,NULL),(1894,'2015-08-29',0,'','',254,83,203,'2015-12-31 05:42:21',0,1,NULL,NULL),(1895,'2015-09-02',18,'','',254,83,203,'2015-12-31 05:42:34',0,1,NULL,NULL),(1896,'2015-09-04',2,'','',254,83,203,'2015-12-31 05:42:44',0,1,NULL,NULL),(1897,'2015-09-08',2,'','',254,83,203,'2015-12-31 05:42:40',0,1,NULL,NULL),(1898,'2015-09-12',4,'','',254,83,203,'2015-12-31 05:42:48',0,1,NULL,NULL),(1899,'2015-09-14',22,'','',254,83,203,'2015-12-31 05:42:54',0,1,NULL,NULL),(1900,'2015-10-04',2,'','',254,83,203,'2015-12-31 05:42:57',0,1,NULL,NULL),(1901,'2015-10-25',0,'','',254,83,203,'2015-12-31 05:43:01',0,1,NULL,NULL),(1902,'2015-10-26',24,'','',254,83,203,'2015-12-31 05:43:04',0,1,NULL,NULL),(1903,'2015-11-05',22,'','',254,83,203,'2015-12-31 05:43:07',0,1,NULL,NULL),(1904,'2015-11-06',2,'','',254,83,203,'2015-12-31 05:43:12',0,1,NULL,NULL),(1905,'2015-11-11',24,'','',254,83,203,'2015-12-31 05:43:15',0,1,NULL,NULL),(1906,'2015-11-14',6,'','',254,83,203,'2015-12-31 05:43:18',0,1,NULL,NULL),(1907,'2015-11-18',22,'','',254,83,203,'2015-12-31 05:43:22',0,1,NULL,NULL),(1908,'2015-12-11',24,'','',254,83,203,'2015-12-31 05:43:25',0,1,NULL,NULL),(1909,'2015-12-17',22,'','',254,83,203,'2015-12-31 05:43:28',0,1,NULL,NULL),(1910,'2015-08-12',10,'','',255,83,204,'2015-12-31 05:48:11',0,1,NULL,NULL),(1911,'2015-08-14',12,'','',255,83,204,'2015-12-31 05:48:14',0,1,NULL,NULL),(1912,'2015-08-17',10,'','',255,83,204,'2015-12-31 05:48:18',0,1,NULL,NULL),(1913,'2015-08-18',12,'','',255,83,204,'2015-12-31 05:48:21',0,1,NULL,NULL),(1914,'2015-08-18',10,'','',255,83,204,'2015-12-31 05:48:24',0,1,NULL,NULL),(1915,'2015-08-21',16,'','',255,83,204,'2015-12-31 05:48:27',0,1,NULL,NULL),(1916,'2015-08-23',10,'','',255,83,204,'2015-12-31 05:48:30',0,1,NULL,NULL),(1917,'2015-08-23',12,'','',255,83,204,'2015-12-31 05:48:33',0,1,NULL,NULL),(1918,'2015-10-20',14,'','',255,83,204,'2015-12-31 05:48:36',0,1,NULL,NULL),(1919,'2015-10-22',14,'','',255,83,204,'2015-12-31 05:48:39',0,1,NULL,NULL),(1920,'2015-08-03',12,'','',256,83,205,'2015-12-31 05:53:05',0,1,NULL,NULL),(1921,'2015-08-07',0,'','',256,83,205,'2015-12-31 05:53:08',0,1,NULL,NULL),(1922,'2015-08-10',0,'','',256,83,205,'2015-12-31 05:53:25',0,1,NULL,NULL),(1923,'2015-08-14',0,'','',256,83,205,'2015-12-31 05:53:44',0,1,NULL,NULL),(1924,'2015-08-17',0,'','',256,83,205,'2015-12-31 05:53:53',0,1,NULL,NULL),(1925,'2015-08-20',0,'','',256,83,205,'2015-12-31 05:54:01',0,1,NULL,NULL),(1926,'2015-08-25',0,'','',256,83,205,'2015-12-31 05:54:04',0,1,NULL,NULL),(1927,'2015-08-28',16,'','',256,83,205,'2015-12-31 05:53:47',0,1,NULL,NULL),(1928,'2015-08-31',0,'','',256,83,205,'2015-12-31 05:54:08',0,1,NULL,NULL),(1929,'2015-09-04',0,'','',256,83,205,'2015-12-31 05:54:11',0,1,NULL,NULL),(1930,'2015-09-11',0,'','',256,83,205,'2015-12-31 05:54:15',0,1,NULL,NULL),(1931,'2015-09-14',0,'','',256,83,205,'2015-12-31 05:54:22',0,1,NULL,NULL),(1932,'2015-09-18',0,'','',256,83,205,'2015-12-31 05:54:18',0,1,NULL,NULL),(1933,'2015-09-20',0,'','',256,83,205,'2015-12-31 05:54:25',0,1,NULL,NULL),(1934,'2015-11-16',0,'','',256,83,205,'2015-12-31 05:54:27',0,1,NULL,NULL),(1935,'2015-08-10',8,'','',257,83,206,'2015-12-31 05:56:08',0,1,NULL,NULL),(1936,'2015-08-13',6,'','',257,83,206,'2015-12-31 05:56:12',0,1,NULL,NULL),(1937,'2015-08-25',6,'','',257,83,206,'2015-12-31 05:56:15',0,1,NULL,NULL),(1938,'2015-08-27',6,'','',257,83,206,'2015-12-31 05:56:18',0,1,NULL,NULL),(1939,'2015-08-06',18,'','',258,83,207,'2015-12-31 06:00:03',0,1,NULL,NULL),(1940,'2015-08-10',20,'','',258,83,207,'2015-12-31 06:00:06',0,1,NULL,NULL),(1941,'2015-08-12',20,'','',258,83,207,'2015-12-31 06:00:10',0,1,NULL,NULL),(1942,'2015-08-13',20,'','',258,83,207,'2015-12-31 06:00:13',0,1,NULL,NULL),(1943,'2015-08-16',14,'','',258,83,207,'2015-12-31 06:00:17',0,1,NULL,NULL),(1944,'2015-08-18',20,'','',258,83,207,'2015-12-31 06:00:20',0,1,NULL,NULL),(1945,'2015-08-20',20,'','',258,83,207,'2015-12-31 06:00:28',0,1,NULL,NULL),(1946,'2015-08-24',20,'','',258,83,207,'2015-12-31 06:00:24',0,1,NULL,NULL),(1947,'2015-08-27',20,'','',258,83,207,'2015-12-31 06:00:31',0,1,NULL,NULL),(1948,'2015-08-31',20,'','',258,83,207,'2015-12-31 06:00:34',0,1,NULL,NULL),(1949,'2015-09-02',12,'','',258,83,207,'2015-12-31 06:00:39',0,1,NULL,NULL),(1950,'2015-09-04',20,'','',258,83,207,'2015-12-31 06:00:43',0,1,NULL,NULL),(1951,'2015-09-06',14,'','',258,83,207,'2015-12-31 06:00:47',0,1,NULL,NULL),(1952,'2015-09-08',14,'','',258,83,207,'2015-12-31 06:00:51',0,1,NULL,NULL),(1953,'2015-09-10',14,'','',258,83,207,'2015-12-31 06:00:55',0,1,NULL,NULL),(1954,'2015-09-13',14,'','',258,83,207,'2015-12-31 06:00:58',0,1,NULL,NULL),(1955,'2015-09-17',20,'','',258,83,207,'2015-12-31 06:01:01',0,1,NULL,NULL),(1956,'2015-09-19',2,'','',259,83,208,'2015-12-31 06:02:33',0,1,NULL,NULL),(1957,'2015-08-01',12,'','',260,190,209,'2015-12-31 06:09:39',0,1,NULL,NULL),(1958,'2015-08-05',2,'','',260,190,209,'2015-12-31 06:09:46',0,1,NULL,NULL),(1959,'2015-08-07',12,'','',260,190,209,'2015-12-31 06:09:49',0,1,NULL,NULL),(1960,'2015-08-10',2,'','',260,190,209,'2015-12-31 06:09:52',0,1,NULL,NULL),(1961,'2015-08-14',2,'','',260,190,209,'2015-12-31 06:09:58',0,1,NULL,NULL),(1962,'2015-08-19',14,'','',260,190,209,'2015-12-31 06:10:01',0,1,NULL,NULL),(1963,'2015-08-20',8,'','',260,190,209,'2015-12-31 06:10:03',0,1,NULL,NULL),(1964,'2015-08-21',8,'','',260,190,209,'2015-12-31 06:10:06',0,1,NULL,NULL),(1965,'2015-08-26',2,'','',260,190,209,'2015-12-31 06:10:11',0,1,NULL,NULL),(1966,'2015-08-29',2,'','',260,190,209,'2015-12-31 06:10:16',0,1,NULL,NULL),(1967,'2015-08-31',16,'','',260,190,209,'2015-12-31 06:10:19',0,1,NULL,NULL),(1968,'2015-09-01',16,'','',260,190,209,'2015-12-31 06:10:22',0,1,NULL,NULL),(1969,'2015-09-07',12,'','',260,190,209,'2015-12-31 06:10:28',0,1,NULL,NULL),(1970,'2015-09-22',12,'','',260,190,209,'2015-12-31 06:10:35',0,1,NULL,NULL),(1971,'2015-09-25',10,'','',260,190,209,'2015-12-31 06:10:38',0,1,NULL,NULL),(1972,'2015-09-27',10,'','',260,190,209,'2015-12-31 06:10:45',0,1,NULL,NULL),(1973,'2015-11-09',8,'','',260,190,209,'2015-12-31 06:10:42',0,1,NULL,NULL),(1974,'2015-11-11',4,'','',260,190,209,'2015-12-31 06:10:48',0,1,NULL,NULL),(1975,'2015-11-13',8,'','',260,190,209,'2015-12-31 06:10:31',0,1,NULL,NULL),(1976,'2015-11-16',10,'','',260,190,209,'2015-12-31 06:10:53',0,1,NULL,NULL),(1977,'2015-11-18',10,'','',260,190,209,'2015-12-31 06:10:56',0,1,NULL,NULL),(1978,'2015-11-20',10,'','',260,190,209,'2015-12-31 06:11:00',0,1,NULL,NULL),(1979,'2015-11-24',10,'','',260,190,209,'2015-12-31 06:11:03',0,1,NULL,NULL),(1980,'2015-11-27',8,'','',260,190,209,'2015-12-31 06:11:06',0,1,NULL,NULL),(1981,'2015-11-30',10,'','',260,190,209,'2015-12-31 06:11:09',0,1,NULL,NULL),(1982,'2015-12-02',10,'','',260,190,209,'2015-12-31 06:11:12',0,1,NULL,NULL),(1983,'2015-12-22',10,'','',260,190,209,'2015-12-31 06:11:15',0,1,NULL,NULL),(1984,'2015-10-31',2,'','',261,190,210,'2015-12-31 06:13:51',0,1,NULL,NULL),(1985,'2015-11-04',2,'','',261,190,210,'2015-12-31 06:13:54',0,1,NULL,NULL),(1986,'2015-11-11',6,'','',261,190,210,'2015-12-31 06:13:57',0,1,NULL,NULL),(1987,'2015-11-25',2,'','',261,190,210,'2015-12-31 06:14:01',0,1,NULL,NULL),(1988,'2015-12-02',2,'','',261,190,210,'2015-12-31 06:14:04',0,1,NULL,NULL),(1989,'2015-12-09',2,'','',261,190,210,'2015-12-31 06:14:07',0,1,NULL,NULL),(1990,'2015-12-23',2,'','',261,190,210,'2015-12-31 06:14:09',0,1,NULL,NULL),(1991,'2015-12-31',2,'','',261,190,210,'2015-12-31 06:14:12',0,1,NULL,NULL),(1992,'2015-11-24',18,'','',262,190,211,'2015-12-31 06:16:42',0,1,NULL,NULL),(1993,'2015-11-28',10,'','',262,190,211,'2015-12-31 06:16:46',0,1,NULL,NULL),(1994,'2015-12-01',17,'','',262,190,211,'2015-12-31 06:16:50',0,1,NULL,NULL),(1995,'2015-12-12',9,'','',262,190,211,'2015-12-31 06:16:53',0,1,NULL,NULL),(1996,'2015-12-15',18,'','',262,190,211,'2015-12-31 06:16:55',0,1,NULL,NULL),(1997,'2015-12-23',16,'','',262,190,211,'2015-12-31 06:16:58',0,1,NULL,NULL),(1998,'2015-10-12',20,'','',263,190,212,'2015-12-31 06:21:59',0,1,NULL,NULL),(1999,'2015-10-19',20,'','',263,190,212,'2015-12-31 06:22:03',0,1,NULL,NULL),(2000,'2015-10-21',20,'','',263,190,212,'2015-12-31 06:22:06',0,1,NULL,NULL),(2001,'2015-10-26',20,'','',263,190,212,'2015-12-31 06:22:09',0,1,NULL,NULL),(2002,'2015-10-28',20,'','',263,190,212,'2015-12-31 06:22:12',0,1,NULL,NULL),(2003,'2015-11-10',20,'','',263,190,212,'2015-12-31 06:22:16',0,1,NULL,NULL),(2004,'2015-11-11',18,'','',263,190,212,'2015-12-31 06:22:21',0,1,NULL,NULL),(2005,'2015-11-16',20,'','',263,190,212,'2015-12-31 06:22:24',0,1,NULL,NULL),(2006,'2015-11-17',20,'','',263,190,212,'2015-12-31 06:22:26',0,1,NULL,NULL),(2007,'2015-11-18',20,'','',263,190,212,'2015-12-31 06:23:03',0,1,NULL,NULL),(2008,'2015-11-23',20,'','',263,190,212,'2015-12-31 06:23:28',0,1,NULL,NULL),(2009,'2015-12-07',20,'','',263,190,212,'2015-12-31 06:23:31',0,1,NULL,NULL),(2010,'2015-12-08',20,'','',263,190,212,'2015-12-31 06:23:34',0,1,NULL,NULL),(2011,'2015-12-15',20,'','',263,190,212,'2015-12-31 06:23:37',0,1,NULL,NULL),(2012,'2015-11-03',20,'','',264,190,213,'2015-12-31 06:36:55',0,1,NULL,NULL),(2013,'2015-11-07',13,'','',264,190,213,'2015-12-31 06:36:59',0,1,NULL,NULL),(2014,'2015-12-12',12,'','',264,190,213,'2015-12-31 06:37:02',0,1,NULL,NULL),(2015,'2015-11-04',17,'','',271,190,220,'2015-12-31 06:44:30',0,1,NULL,NULL),(2016,'2015-11-09',16,'','',271,190,220,'2015-12-31 06:44:34',0,1,NULL,NULL),(2017,'2015-11-11',14,'','',271,190,220,'2015-12-31 06:44:37',0,1,NULL,NULL),(2018,'2015-11-20',14,'','',271,190,220,'2015-12-31 06:44:41',0,1,NULL,NULL),(2019,'2015-11-23',15,'','',271,190,220,'2015-12-31 06:45:19',0,1,NULL,NULL),(2020,'2015-11-27',13,'','',271,190,220,'2015-12-31 06:45:23',0,1,NULL,NULL),(2021,'2015-11-30',14,'','',271,190,220,'2015-12-31 06:45:26',0,1,NULL,NULL),(2022,'2015-12-02',16,'','',271,190,220,'2015-12-31 06:45:31',0,1,NULL,NULL),(2023,'2015-12-04',16,'','',271,190,220,'2015-12-31 06:45:34',0,1,NULL,NULL),(2024,'2015-12-11',16,'','',271,190,220,'2015-12-31 06:45:37',0,1,NULL,NULL),(2025,'2015-12-07',16,'','',271,190,220,'2015-12-31 06:45:40',0,1,NULL,NULL),(2026,'2015-10-05',20,'','',272,190,221,'2015-12-31 06:49:14',0,1,NULL,NULL),(2027,'2015-10-07',21,'','',272,190,221,'2015-12-31 06:49:18',0,1,NULL,NULL),(2028,'2015-10-18',21,'','',272,190,221,'2015-12-31 06:49:22',0,1,NULL,NULL),(2029,'2015-10-20',21,'','',272,190,221,'2015-12-31 06:49:25',0,1,NULL,NULL),(2030,'2015-10-24',21,'','',272,190,221,'2015-12-31 06:49:27',0,1,NULL,NULL),(2031,'2015-11-03',22,'','',273,190,222,'2015-12-31 06:52:16',0,1,NULL,NULL),(2032,'2015-11-10',22,'','',273,190,222,'2015-12-31 06:52:19',0,1,NULL,NULL),(2033,'2015-11-17',22,'','',273,190,222,'2015-12-31 06:52:23',0,1,NULL,NULL),(2034,'2015-11-24',22,'','',273,190,222,'2015-12-31 06:52:26',0,1,NULL,NULL),(2035,'2015-12-08',22,'','',273,190,222,'2015-12-31 06:52:30',0,1,NULL,NULL),(2036,'2015-12-22',22,'','',273,190,222,'2015-12-31 06:52:33',0,1,NULL,NULL),(2037,'2015-10-16',18,'','',274,83,223,'2015-12-31 07:02:50',0,1,NULL,NULL),(2038,'2015-10-19',18,'','',274,83,223,'2015-12-31 07:02:53',0,1,NULL,NULL),(2039,'2015-10-23',12,'','',274,83,223,'2015-12-31 07:03:13',0,1,NULL,NULL),(2040,'2015-10-26',18,'','',274,83,223,'2015-12-31 07:03:17',0,1,NULL,NULL),(2041,'2015-10-28',16,'','',274,83,223,'2015-12-31 07:03:20',0,1,NULL,NULL),(2042,'2015-10-30',18,'','',274,83,223,'2015-12-31 07:03:23',0,1,NULL,NULL),(2043,'2015-11-02',20,'','',274,83,223,'2015-12-31 07:03:27',0,1,NULL,NULL),(2044,'2015-11-04',16,'','',274,83,223,'2015-12-31 07:03:30',0,1,NULL,NULL),(2045,'2015-11-06',18,'','',274,83,223,'2015-12-31 07:03:32',0,1,NULL,NULL),(2046,'2015-11-09',18,'','',274,83,223,'2015-12-31 07:03:36',0,1,NULL,NULL),(2047,'2015-11-10',18,'','',274,83,223,'2015-12-31 07:03:39',0,1,NULL,NULL),(2048,'2015-11-12',18,'','',274,83,223,'2015-12-31 07:03:42',0,1,NULL,NULL),(2049,'2015-11-13',18,'','',274,83,223,'2015-12-31 07:03:45',0,1,NULL,NULL),(2050,'2015-11-16',18,'','',274,83,223,'2015-12-31 07:03:49',0,1,NULL,NULL),(2051,'2015-11-17',18,'','',274,83,223,'2015-12-31 07:03:54',0,1,NULL,NULL),(2052,'2015-11-19',16,'','',274,83,223,'2015-12-31 07:03:58',0,1,NULL,NULL),(2053,'2015-11-20',18,'','',274,83,223,'2015-12-31 07:04:03',0,1,NULL,NULL),(2054,'2015-11-23',18,'','',274,83,223,'2015-12-31 07:04:06',0,1,NULL,NULL),(2055,'2015-11-24',20,'','',274,83,223,'2015-12-31 07:04:09',0,1,NULL,NULL),(2056,'2015-11-26',20,'','',274,83,223,'2015-12-31 07:04:12',0,1,NULL,NULL),(2057,'2015-11-27',18,'','',274,83,223,'2015-12-31 07:04:16',0,1,NULL,NULL),(2058,'2015-11-30',18,'','',274,83,223,'2015-12-31 07:04:19',0,1,NULL,NULL),(2059,'2015-12-01',18,'','',274,83,223,'2015-12-31 07:04:32',0,1,NULL,NULL),(2060,'2015-12-03',18,'','',274,83,223,'2015-12-31 07:04:28',0,1,NULL,NULL),(2061,'2015-12-04',18,'','',274,83,223,'2015-12-31 07:04:25',0,1,NULL,NULL),(2062,'2015-12-07',16,'','',274,83,223,'2015-12-31 07:04:22',0,1,NULL,NULL),(2063,'2015-12-08',16,'','',274,83,223,'2015-12-31 07:04:34',0,1,NULL,NULL),(2064,'2015-12-11',16,'','',274,83,223,'2015-12-31 07:04:37',0,1,NULL,NULL),(2065,'2015-12-12',14,'','',274,83,223,'2015-12-31 07:04:40',0,1,NULL,NULL),(2066,'2015-12-14',16,'','',274,83,223,'2015-12-31 07:04:43',0,1,NULL,NULL),(2067,'2015-12-15',18,'','',274,83,223,'2015-12-31 07:04:46',0,1,NULL,NULL),(2068,'2015-12-17',18,'','',274,83,223,'2015-12-31 07:04:49',0,1,NULL,NULL),(2069,'2015-12-18',16,'','',274,83,223,'2015-12-31 07:04:53',0,1,NULL,NULL),(2070,'2015-12-21',20,'','',274,83,223,'2015-12-31 07:04:56',0,1,NULL,NULL),(2071,'2015-12-24',18,'','',274,83,223,'2015-12-31 07:04:59',0,1,NULL,NULL),(2072,'2015-12-28',16,'','',274,83,223,'2015-12-31 07:05:04',0,1,NULL,NULL),(2073,'2015-10-22',22,'','',275,83,224,'2015-12-31 07:14:02',0,1,NULL,NULL),(2074,'2015-10-27',14,'','',275,83,224,'2015-12-31 07:14:32',0,1,NULL,NULL),(2075,'2015-10-31',0,'','',275,83,224,'2015-12-31 07:14:35',0,1,NULL,NULL),(2076,'2015-11-05',18,'','',275,83,224,'2015-12-31 07:13:58',0,1,NULL,NULL),(2077,'2015-11-07',0,'','',275,83,224,'2015-12-31 07:13:54',0,1,NULL,NULL),(2078,'2015-11-09',8,'','',275,83,224,'2015-12-31 07:13:36',0,1,NULL,NULL),(2079,'2015-11-12',8,'','',275,83,224,'2015-12-31 07:12:58',0,1,NULL,NULL),(2080,'2015-11-14',4,'','',275,83,224,'2015-12-31 07:13:50',0,1,NULL,NULL),(2081,'2015-11-17',24,'','',275,83,224,'2015-12-31 07:13:47',0,1,NULL,NULL),(2082,'2015-11-19',24,'','',275,83,224,'2015-12-31 07:13:43',0,1,NULL,NULL),(2083,'2015-11-21',2,'','',275,83,224,'2015-12-31 07:13:40',0,1,NULL,NULL),(2084,'2015-11-24',24,'','',275,83,224,'2015-12-31 07:13:33',0,1,NULL,NULL),(2085,'2015-11-26',24,'','',275,83,224,'2015-12-31 07:12:44',0,1,NULL,NULL),(2086,'2015-11-28',12,'','',275,83,224,'2015-12-31 07:12:41',0,1,NULL,NULL),(2087,'2015-12-01',16,'','',275,83,224,'2015-12-31 07:12:38',0,1,NULL,NULL),(2088,'2015-12-03',16,'','',275,83,224,'2015-12-31 07:12:31',0,1,NULL,NULL),(2089,'2015-12-05',20,'','',275,83,224,'2015-12-31 07:12:24',0,1,NULL,NULL),(2090,'2015-12-08',24,'','',275,83,224,'2015-12-31 07:12:48',0,1,NULL,NULL),(2091,'2015-12-12',3,'','',275,83,224,'2015-12-31 07:12:18',0,1,NULL,NULL),(2092,'2015-12-13',2,'','',275,83,224,'2015-12-31 07:12:21',0,1,NULL,NULL),(2093,'2015-12-15',24,'','',275,83,224,'2015-12-31 07:12:35',0,1,NULL,NULL),(2094,'2015-12-17',10,'','',275,83,224,'2015-12-31 07:12:28',0,1,NULL,NULL),(2095,'2015-12-22',16,'','',275,83,224,'2015-12-31 07:12:51',0,1,NULL,NULL),(2096,'2015-12-24',16,'','',275,83,224,'2015-12-31 07:12:14',0,1,NULL,NULL),(2097,'2015-12-26',22,'','',275,83,224,'2015-12-31 07:12:11',0,1,NULL,NULL),(2098,'2015-12-26',20,'','',275,190,224,'2015-12-31 07:11:34',0,1,NULL,NULL),(2099,'2015-11-03',18,'','',275,83,224,'2015-12-31 07:16:23',0,1,NULL,NULL),(2100,'2015-12-02',24,'','',276,83,225,'2015-12-31 07:20:50',0,1,NULL,NULL),(2101,'2015-12-03',24,'','',276,83,225,'2015-12-31 07:20:53',0,1,NULL,NULL),(2102,'2015-12-04',25,'','',276,83,225,'2015-12-31 07:20:57',0,1,NULL,NULL),(2103,'2015-12-07',24,'','',276,83,225,'2015-12-31 07:21:00',0,1,NULL,NULL),(2104,'2015-12-08',14,'','',276,83,225,'2015-12-31 07:21:08',0,1,NULL,NULL),(2105,'2015-12-12',22,'','',276,83,225,'2015-12-31 07:21:11',0,1,NULL,NULL),(2106,'2015-12-14',24,'','',276,83,225,'2015-12-31 07:21:14',0,1,NULL,NULL),(2107,'2015-12-15',16,'','',276,83,225,'2015-12-31 07:21:17',0,1,NULL,NULL),(2108,'2015-12-17',24,'','',276,83,225,'2015-12-31 07:21:20',0,1,NULL,NULL),(2109,'2015-12-21',24,'','',276,83,225,'2015-12-31 07:21:23',0,1,NULL,NULL),(2110,'2015-12-25',10,'','',276,83,225,'2015-12-31 07:21:03',0,1,NULL,NULL),(2111,'2015-12-29',22,'','',276,190,225,'2015-12-31 07:21:54',0,1,NULL,NULL),(2113,'2015-09-09',19,'','',277,83,226,'2015-12-31 07:31:57',0,1,NULL,NULL),(2114,'2015-09-10',21,'','',277,83,226,'2015-12-31 07:31:53',0,1,NULL,NULL),(2115,'2015-09-11',21,'','',277,83,226,'2015-12-31 07:31:49',0,1,NULL,NULL),(2116,'2015-09-16',18,'','',277,83,226,'2015-12-31 07:31:45',0,1,NULL,NULL),(2117,'2015-09-28',20,'','',277,83,226,'2015-12-31 07:31:41',0,1,NULL,NULL),(2118,'2015-10-04',14,'','',277,83,226,'2015-12-31 07:31:38',0,1,NULL,NULL),(2119,'2015-10-05',2,'','',277,83,226,'2015-12-31 07:31:35',0,1,NULL,NULL),(2120,'2015-10-11',2,'','',277,83,226,'2015-12-31 07:31:31',0,1,NULL,NULL),(2121,'2015-11-25',18,'','',277,83,226,'2015-12-31 07:31:28',0,1,NULL,NULL),(2122,'2015-09-05',22,'','',277,83,226,'2015-12-31 07:32:40',0,1,NULL,NULL),(2123,'2015-11-24',12,'','',278,87,227,'2015-12-31 07:35:38',0,1,NULL,NULL),(2124,'2015-12-04',12,'','',278,87,227,'2015-12-31 07:35:42',0,1,NULL,NULL),(2125,'2015-12-05',12,'','',278,87,227,'2015-12-31 07:35:45',0,1,NULL,NULL),(2126,'2015-12-13',12,'','',278,87,227,'2015-12-31 07:35:48',0,1,NULL,NULL),(2127,'2015-12-19',12,'','',278,87,227,'2015-12-31 07:35:52',0,1,NULL,NULL),(2128,'2015-12-22',12,'','',278,87,227,'2015-12-31 07:35:54',0,1,NULL,NULL),(2129,'2015-12-23',12,'','',278,87,227,'2015-12-31 07:35:57',0,1,NULL,NULL),(2130,'2015-12-27',12,'','',278,87,227,'2015-12-31 07:36:01',0,1,NULL,NULL),(2131,'2015-09-22',16,'','',279,87,188,'2015-12-31 07:39:10',0,1,NULL,NULL),(2132,'2015-09-29',12,'','',279,87,188,'2015-12-31 07:39:13',0,1,NULL,NULL),(2133,'2015-10-08',14,'','',279,87,188,'2015-12-31 07:39:17',0,1,NULL,NULL),(2134,'2015-10-10',6,'','',279,87,188,'2015-12-31 07:39:20',0,1,NULL,NULL),(2135,'2015-10-12',17,'','',279,87,188,'2015-12-31 07:39:24',0,1,NULL,NULL),(2136,'2015-10-18',15,'','',279,87,188,'2015-12-31 07:39:28',0,1,NULL,NULL),(2137,'2015-10-23',14,'','',279,87,188,'2015-12-31 07:39:31',0,1,NULL,NULL),(2138,'2015-10-29',14,'','',279,87,188,'2015-12-31 07:39:34',0,1,NULL,NULL),(2139,'2015-11-09',14,'','',279,87,188,'2015-12-31 07:39:38',0,1,NULL,NULL),(2140,'2015-11-12',14,'','',279,87,188,'2015-12-31 07:39:41',0,1,NULL,NULL),(2141,'2015-11-16',14,'','',279,87,188,'2015-12-31 07:39:45',0,1,NULL,NULL),(2142,'2015-11-23',14,'','',279,87,188,'2015-12-31 07:39:48',0,1,NULL,NULL),(2143,'2015-10-20',15,'','',279,87,188,'2015-12-31 07:39:51',0,1,NULL,NULL),(2144,'2015-11-17',16,'','',280,83,228,'2015-12-31 07:44:40',0,1,NULL,NULL),(2145,'2015-11-19',14,'','',280,83,228,'2015-12-31 07:44:52',0,1,NULL,NULL),(2146,'2015-11-26',16,'','',280,83,228,'2015-12-31 07:44:55',0,1,NULL,NULL),(2147,'2015-11-29',16,'','',280,83,228,'2015-12-31 07:44:58',0,1,NULL,NULL),(2148,'2015-12-01',14,'','',280,83,228,'2015-12-31 07:45:01',0,1,NULL,NULL),(2149,'2015-12-28',24,'','',280,83,228,'2015-12-31 07:45:04',0,1,NULL,NULL),(2150,'2015-11-28',18,'','',281,83,229,'2015-12-31 07:46:38',0,1,NULL,NULL),(2151,'2015-11-30',20,'','',281,83,229,'2015-12-31 07:46:50',0,1,NULL,NULL),(2152,'2015-12-14',8,'','',281,83,229,'2015-12-31 07:46:53',0,1,NULL,NULL),(2153,'2015-12-19',12,'','',281,83,229,'2015-12-31 07:46:56',0,1,NULL,NULL),(2154,'2015-08-29',12,'','',282,83,230,'2015-12-31 07:50:44',0,1,NULL,NULL),(2155,'2015-08-31',18,'','',282,83,230,'2015-12-31 07:50:48',0,1,NULL,NULL),(2156,'2015-09-02',20,'','',282,83,230,'2015-12-31 07:50:52',0,1,NULL,NULL),(2157,'2015-09-06',16,'','',282,83,230,'2015-12-31 07:50:55',0,1,NULL,NULL),(2158,'2015-09-07',16,'','',282,83,230,'2015-12-31 07:51:11',0,1,NULL,NULL),(2159,'2015-09-01',16,'','',282,83,230,'2015-12-31 07:51:22',0,1,NULL,NULL),(2160,'2015-09-10',12,'','',282,83,230,'2015-12-31 07:51:25',0,1,NULL,NULL),(2161,'2015-11-11',14,'','',282,83,230,'2015-12-31 07:51:19',0,1,NULL,NULL),(2162,'2015-11-18',14,'','',282,83,230,'2015-12-31 07:51:28',0,1,NULL,NULL),(2163,'2015-12-07',14,'','',282,83,230,'2015-12-31 07:51:30',0,1,NULL,NULL),(2164,'2015-12-10',16,'','',282,83,230,'2015-12-31 07:51:33',0,1,NULL,NULL),(2165,'2015-12-12',10,'','',282,83,230,'2015-12-31 07:51:38',0,1,NULL,NULL),(2169,'2015-12-10',24,'','',283,83,231,'2016-01-03 14:25:30',0,1,NULL,NULL),(2170,'2015-12-18',4,'','',283,83,231,'2016-01-03 14:25:34',0,1,NULL,NULL),(2171,'2015-12-29',10,'','',283,83,231,'2016-01-03 14:25:38',0,1,NULL,NULL),(2172,'2015-12-30',22,'','',220,87,175,'2015-12-31 07:58:04',0,1,NULL,NULL),(2174,'2015-12-30',22,'','',183,86,143,'2015-12-31 08:01:44',0,1,NULL,NULL),(2175,'2015-12-31',11,'','',203,86,161,'2015-12-31 08:06:58',0,1,NULL,NULL),(2176,'2015-12-31',18,'','',190,86,150,'2016-01-04 14:10:07',0,1,NULL,NULL),(2177,'2015-12-31',4,'','',170,86,132,'2015-12-31 08:08:49',0,1,NULL,NULL),(2178,'2015-12-31',18,'','',274,190,223,'2016-01-04 11:03:44',0,1,NULL,NULL),(2179,'2015-12-31',2,'','',165,84,127,'2015-12-31 08:14:35',0,1,NULL,NULL),(2180,'2015-12-31',8,'','',142,84,105,'2015-12-31 08:15:06',0,1,NULL,NULL),(2181,'2015-12-31',16,'','',164,84,126,'2015-12-31 09:30:12',0,1,NULL,NULL),(2182,'2015-12-31',18,'','',143,84,106,'2016-01-04 07:26:22',0,1,NULL,NULL),(2183,'2015-12-31',22,'','',151,84,114,'2016-01-02 06:17:08',0,1,NULL,NULL),(2184,'2015-12-31',24,'','',53,8,13,'2015-12-31 08:24:46',0,0,NULL,NULL),(2185,'2015-12-31',22,'','',220,87,175,'2016-01-04 14:10:32',0,1,NULL,NULL),(2186,'2015-12-31',24,'','',222,87,176,'2016-01-04 14:10:24',0,1,NULL,NULL),(2187,'2015-12-10',14,'','',284,83,232,'2015-12-31 08:34:48',0,1,NULL,NULL),(2188,'2015-12-12',12,'','',284,83,232,'2015-12-31 08:34:51',0,1,NULL,NULL),(2189,'2015-12-14',14,'','',284,83,232,'2015-12-31 08:34:55',0,1,NULL,NULL),(2190,'2015-12-16',24,'','',284,83,232,'2015-12-31 08:35:03',0,1,NULL,NULL),(2191,'2015-12-18',24,'','',284,83,232,'2015-12-31 08:35:27',0,1,NULL,NULL),(2192,'2015-12-20',16,'','',284,83,232,'2015-12-31 08:35:31',0,1,NULL,NULL),(2193,'2015-12-23',16,'','',284,83,232,'2015-12-31 08:35:34',0,1,NULL,NULL),(2194,'2015-12-25',18,'','',284,83,232,'2015-12-31 08:35:37',0,1,NULL,NULL),(2195,'2015-12-27',18,'','',284,83,232,'2015-12-31 08:35:40',0,1,NULL,NULL),(2196,'2015-12-29',18,'','',284,83,232,'2015-12-31 08:35:54',0,1,NULL,NULL),(2197,'2015-12-31',16,'','',285,87,232,'2015-12-31 09:54:46',0,1,NULL,NULL),(2199,'2015-12-31',22,'','',191,97,99,'2016-01-02 06:23:37',0,1,NULL,NULL),(2200,'2016-01-02',10,'','',200,87,158,'2016-01-02 08:50:15',0,1,NULL,NULL),(2203,'2016-01-04',2,'','',270,84,219,'2016-01-04 07:22:54',0,1,NULL,NULL),(2204,'2016-01-04',16,'','',164,84,126,'2016-01-04 10:24:46',0,1,NULL,NULL),(2207,'2016-01-04',22,'','',151,84,114,'2016-01-04 13:30:29',0,1,NULL,NULL),(2208,'2016-01-03',12,'','',166,86,128,'2016-01-03 09:08:41',0,1,NULL,NULL),(2209,'2016-01-03',16,'','',173,86,135,'2016-01-03 10:11:49',0,1,NULL,NULL),(2212,'2016-01-04',20,'','',263,190,212,'2016-01-04 11:43:48',0,1,NULL,NULL),(2213,'2016-01-02',22,'','',191,97,99,'2016-01-02 12:36:15',0,1,NULL,NULL),(2214,'2016-01-03',0,'','',158,84,120,'2016-01-03 06:27:43',0,1,NULL,NULL),(2216,'2016-01-03',4,'','',170,86,132,'2016-01-03 06:33:12',0,1,NULL,NULL),(2217,'2016-01-03',0,'','',242,88,192,'2016-01-03 06:55:56',0,1,NULL,NULL),(2218,'2016-01-03',8,'','',234,88,184,'2016-01-03 06:56:14',0,1,NULL,NULL),(2219,'2016-01-03',12,'','',245,88,194,'2016-01-03 10:12:05',0,1,NULL,NULL),(2220,'2016-01-03',20,'','',196,88,154,'2016-01-03 13:38:56',0,1,NULL,NULL),(2221,'2016-01-04',10,'','',188,86,148,'2016-01-04 07:20:49',0,1,NULL,NULL),(2222,'2016-01-04',18,'','',177,86,138,'2016-01-04 10:25:05',0,1,NULL,NULL),(2225,'2016-01-04',10,'','',278,87,227,'2016-01-04 07:23:51',0,1,NULL,NULL),(2226,'2016-01-04',16,'','',271,190,220,'2016-01-04 12:17:11',0,1,NULL,NULL),(2227,'2016-01-04',10,'','',260,190,209,'2016-01-04 07:21:57',0,1,NULL,NULL),(2228,'2016-01-04',10,'','',160,84,122,'2016-01-04 07:23:06',0,1,NULL,NULL),(2230,'2016-01-04',20,'','',244,88,193,'2016-01-04 12:17:40',0,1,NULL,NULL),(2231,'2016-01-04',22,'','',247,88,196,'2016-01-04 13:30:49',0,1,NULL,NULL),(2234,'2016-01-03',22,'','',191,97,99,'2016-01-03 14:28:11',0,1,NULL,NULL),(2239,'2016-01-03',14,'','',277,190,226,'2016-01-03 10:12:21',0,1,NULL,NULL),(2241,'2016-01-04',12,'','',204,97,162,'2016-01-04 10:19:43',0,1,NULL,NULL),(2245,'2016-01-04',18,'','',274,190,223,'2016-01-04 11:03:48',0,1,NULL,NULL),(2246,'2016-01-04',20,'','',203,86,161,'2016-01-04 12:17:23',0,1,NULL,NULL),(2248,'2016-01-04',8,'','',134,8,96,'2016-01-04 06:24:47',0,1,NULL,NULL),(2250,'2016-01-04',20,'','',208,97,165,'2016-01-04 12:17:57',0,1,NULL,NULL),(2251,'2016-01-05',18,'','',262,190,211,'2016-01-05 11:10:32',0,1,NULL,NULL),(2252,'2016-01-04',11,'','',287,8,236,'2016-01-04 09:22:44',0,1,NULL,NULL),(2254,'2016-01-06',16,'','',271,190,220,'2016-01-06 12:14:35',0,1,NULL,NULL),(2255,'2016-01-06',10,'','',260,190,209,'2016-01-06 07:46:46',0,1,NULL,NULL),(2256,'2016-01-05',0,'','',149,84,112,'2016-01-05 04:39:54',0,1,NULL,NULL),(2257,'2016-01-04',18,'','',143,84,106,'2016-01-04 10:24:54',0,1,NULL,NULL),(2258,'2016-01-05',4,'','',165,84,127,'2016-01-05 04:40:02',0,1,NULL,NULL),(2259,'2016-01-05',20,'','',142,84,105,'2016-01-05 13:36:22',0,1,NULL,NULL),(2260,'2016-01-06',18,'','',274,190,223,'2016-01-06 12:14:10',0,1,NULL,NULL),(2264,'2016-01-05',16,'','',174,86,135,'2016-01-05 10:09:25',0,1,NULL,NULL),(2265,'2016-01-05',18,'','',181,86,142,'2016-01-05 11:07:50',0,1,NULL,NULL),(2266,'2016-01-05',20,'','',175,86,136,'2016-01-05 13:16:14',0,1,NULL,NULL),(2267,'2016-01-03',16,'','',288,190,238,'2016-01-04 08:09:43',0,1,NULL,NULL),(2269,'2016-01-04',22,'','',207,97,164,'2016-01-04 13:30:40',0,1,NULL,NULL),(2270,'2016-01-04',18,'','',285,87,232,'2016-01-04 11:31:01',0,1,NULL,NULL),(2273,'2016-01-04',24,'','',196,88,154,'2016-01-04 13:30:58',0,1,NULL,NULL),(2274,'2016-01-05',18,'','',229,88,180,'2016-01-05 11:08:53',0,1,NULL,NULL),(2275,'2016-01-05',20,'','',242,88,192,'2016-01-05 13:37:23',0,1,NULL,NULL),(2279,'2016-01-05',18,'','',285,87,232,'2016-01-04 13:27:00',0,1,NULL,NULL),(2280,'2016-01-05',22,'','',220,87,175,'2016-01-05 13:37:14',0,1,NULL,NULL),(2281,'2016-01-05',20,'','',218,87,173,'2016-01-05 13:37:05',0,1,NULL,NULL),(2282,'2016-01-05',10,'','',278,87,227,'2016-01-04 13:26:56',0,1,NULL,NULL),(2283,'2016-01-05',22,'','',211,86,167,'2016-01-05 13:16:17',0,1,NULL,NULL),(2284,'2016-01-05',6,'','',193,97,152,'2016-01-05 05:13:31',0,1,NULL,NULL),(2285,'2016-01-05',22,'','',191,97,99,'2016-01-05 13:37:42',0,1,NULL,NULL),(2286,'2016-01-04',0,'','',230,88,181,'2016-01-04 14:07:18',0,1,NULL,NULL),(2287,'2016-01-05',14,'','',246,88,195,'2016-01-05 09:56:26',0,1,NULL,NULL),(2288,'2016-01-05',20,'','',275,190,224,'2016-01-05 13:19:48',0,1,NULL,NULL),(2289,'2016-01-05',22,'','',276,190,225,'2016-01-05 13:19:52',0,1,NULL,NULL),(2292,'2016-01-06',12,'','',225,87,178,'2016-01-06 08:45:01',0,1,NULL,NULL),(2293,'2016-01-06',18,'','',199,87,157,'2016-01-06 09:41:10',0,1,NULL,NULL),(2296,'2016-01-06',0,'','',230,88,181,'2016-01-06 06:37:11',0,1,NULL,NULL),(2298,'2016-01-06',18,'','',242,88,192,'2016-01-06 12:13:43',0,1,NULL,NULL),(2301,'2016-01-06',6,'','',203,86,161,'2016-01-06 05:18:42',0,1,NULL,NULL),(2303,'2016-01-06',20,'','',166,86,128,'2016-01-06 12:13:18',0,1,NULL,NULL),(2305,'2016-01-06',12,'','',204,97,162,'2016-01-06 08:45:37',0,1,NULL,NULL),(2307,'2016-01-06',18,'','',253,97,202,'2016-01-06 12:44:12',0,1,NULL,NULL),(2308,'2016-01-06',20,'','',254,97,203,'2016-01-06 12:44:00',0,1,NULL,NULL),(2309,'2016-01-06',4,'','',183,86,143,'2016-01-06 05:18:38',0,1,NULL,NULL),(2312,'2016-01-05',16,'','',197,87,155,'2016-01-05 13:48:07',0,1,NULL,NULL),(2313,'2016-01-06',10,'','',160,84,122,'2016-01-06 08:45:17',0,1,NULL,NULL),(2316,'2016-01-06',22,'','',290,84,241,'2016-01-06 12:13:31',0,1,NULL,NULL),(2317,'2016-01-06',2,'','',261,190,210,'2016-01-06 06:08:31',0,1,NULL,NULL),(2318,'2016-01-06',20,'','',277,190,226,'2016-01-06 12:14:44',0,1,NULL,NULL),(2319,'2016-01-06',9,'','',180,86,141,'2016-01-06 08:45:47',0,1,NULL,NULL),(2323,'2016-01-07',16,'','',244,88,193,'2016-01-07 09:27:19',0,1,NULL,NULL),(2326,'2016-01-07',20,'','',236,88,185,'2016-01-07 11:15:07',0,1,NULL,NULL),(2327,'2016-01-07',4,'','',201,87,159,'2016-01-07 04:40:34',0,1,NULL,NULL),(2328,'2016-01-07',8,'','',217,87,172,'2016-01-07 08:25:17',0,1,NULL,NULL),(2329,'2016-01-07',18,'','',285,87,232,'2016-01-07 10:40:30',0,1,NULL,NULL),(2330,'2016-01-07',20,'','',218,87,173,'2016-01-07 12:08:42',0,1,NULL,NULL),(2331,'2016-01-07',6,'','',193,97,152,'2016-01-07 04:40:13',0,1,NULL,NULL),(2334,'2016-01-07',24,'','',191,97,99,'2016-01-07 14:06:30',0,1,NULL,NULL),(2336,'2016-01-07',6,'','',286,86,235,'2016-01-07 06:06:52',0,1,NULL,NULL),(2337,'2016-01-07',10,'','',188,86,148,'2016-01-07 06:06:55',0,1,NULL,NULL),(2338,'2016-01-07',16,'','',174,86,135,'2016-01-07 09:25:40',0,1,NULL,NULL),(2339,'2016-01-07',18,'','',177,86,138,'2016-01-07 09:52:17',0,1,NULL,NULL),(2341,'2016-01-07',22,'','',211,86,167,'2016-01-07 12:07:28',0,1,NULL,NULL),(2343,'2016-01-07',2,'','',165,84,127,'2016-01-07 09:26:49',0,1,NULL,NULL),(2345,'2016-01-07',20,'','',142,84,105,'2016-01-07 11:42:53',0,1,NULL,NULL),(2346,'2016-01-07',18,'','',140,84,103,'2016-01-07 10:41:01',0,1,NULL,NULL),(2347,'2016-01-07',22,'','',290,84,241,'2016-01-07 14:06:22',0,1,NULL,NULL),(2348,'2016-01-06',20,'','',291,84,106,'2016-01-06 13:59:41',0,1,NULL,NULL),(2350,'2016-01-07',10,'','',278,87,227,'2016-01-07 08:25:27',0,1,NULL,NULL),(2351,'2016-01-07',14,'','',184,86,144,'2016-01-07 09:25:37',0,1,NULL,NULL),(2352,'2016-01-08',20,'','',275,190,224,'2016-01-08 12:17:14',0,1,NULL,NULL),(2353,'2016-01-08',22,'','',276,190,225,'2016-01-08 12:18:46',0,1,NULL,NULL),(2356,'2016-01-08',18,'','',274,190,223,'2016-01-08 12:17:02',0,1,NULL,NULL),(2357,'2016-01-08',10,'','',260,190,209,'2016-01-08 09:24:12',0,1,NULL,NULL),(2358,'2016-01-09',2,'','',275,190,224,'2016-01-09 03:09:16',0,1,NULL,NULL),(2359,'2016-01-09',4,'','',277,190,226,'2016-01-09 04:15:10',0,1,NULL,NULL),(2361,'2016-01-07',18,'','',105,8,60,'2016-01-11 09:51:36',0,1,NULL,'[{\"contenttype\":\"image\",\"content\":\"https://dn-o2fit.qbox.me/4a8b9de8b84511e5881300163e00701b.jpg\"},{\"contenttype\":\"image\",\"content\":\"https://dn-o2fit.qbox.me/e73204e0b84811e5881300163e00701b.jpg\"}]'),(2362,'2016-01-07',20,'','',104,75,59,'2016-01-07 09:29:31',0,0,NULL,NULL),(2363,'2016-01-07',18,'','',196,88,154,'2016-01-07 11:14:36',0,1,NULL,NULL),(2364,'2016-01-08',8,'','',217,87,172,'2016-01-08 06:32:09',0,1,NULL,NULL),(2367,'2016-01-08',0,'','',230,88,181,'2016-01-08 04:21:56',0,1,NULL,NULL),(2369,'2016-01-08',18,'','',242,88,192,'2016-01-08 12:17:24',0,1,NULL,NULL),(2372,'2016-01-08',6,'','',203,86,161,'2016-01-08 04:32:46',0,1,NULL,NULL),(2373,'2016-01-08',18,'','',190,86,150,'2016-01-08 12:17:51',0,1,NULL,NULL),(2374,'2016-01-08',22,'','',187,86,147,'2016-01-08 12:33:42',0,1,NULL,NULL),(2375,'2016-01-07',20,'','',288,97,238,'2016-01-07 12:07:46',0,1,NULL,NULL),(2376,'2016-01-08',0,'','',149,84,112,'2016-01-08 04:34:13',0,1,NULL,NULL),(2378,'2016-01-08',22,'','',152,84,114,'2016-01-08 12:35:06',0,1,NULL,NULL),(2379,'2016-01-08',4,'','',139,84,102,'2016-01-08 04:24:24',0,1,NULL,NULL),(2380,'2016-01-08',10,'','',160,84,122,'2016-01-08 05:14:15',0,1,NULL,NULL),(2381,'2016-01-08',3,'','',170,86,132,'2016-01-08 04:24:31',0,1,NULL,NULL),(2382,'2016-01-08',14,'','',293,88,242,'2016-01-08 09:23:54',0,1,NULL,NULL),(2383,'2016-01-08',22,'','',288,87,238,'2016-01-08 12:28:28',0,1,NULL,NULL),(2384,'2016-01-09',2,'','',152,84,114,'2016-01-09 06:38:28',0,1,NULL,NULL),(2385,'2016-01-09',18,'','',165,84,127,'2016-01-09 11:58:28',0,1,NULL,NULL),(2386,'2016-01-09',10,'','',262,190,211,'2016-01-09 07:05:25',0,1,NULL,NULL),(2387,'2016-01-09',16,'','',199,190,157,'2016-01-09 11:10:25',0,1,NULL,NULL),(2388,'2016-01-09',12,'','',274,190,223,'2016-01-09 11:08:18',0,1,NULL,NULL),(2390,'2016-01-09',22,'','',156,84,118,'2016-01-09 12:34:05',0,1,NULL,NULL),(2391,'2016-01-09',2,'','',216,87,171,'2016-01-09 06:42:29',0,1,NULL,NULL),(2392,'2016-01-09',4,'','',217,87,172,'2016-01-09 06:42:36',0,1,NULL,NULL),(2393,'2016-01-09',6,'','',220,87,175,'2016-01-09 06:42:42',0,1,NULL,NULL),(2394,'2016-01-09',14,'','',285,87,232,'2016-01-09 11:08:07',0,1,NULL,NULL),(2395,'2016-01-09',14,'','',140,84,103,'2016-01-09 11:28:12',0,1,NULL,NULL),(2396,'2016-01-09',22,'','',187,86,147,'2016-01-09 11:59:51',0,1,NULL,NULL),(2399,'2016-01-10',10,'','',188,86,148,'2016-01-10 11:21:09',0,1,NULL,NULL),(2402,'2016-01-10',14,'','',211,86,167,'2016-01-10 11:21:12',0,1,NULL,NULL),(2405,'2016-01-10',4,'','',217,87,172,'2016-01-10 05:14:10',0,1,NULL,NULL),(2406,'2016-01-10',6,'','',220,87,175,'2016-01-10 05:14:16',0,1,NULL,NULL),(2407,'2016-01-10',2,'','',222,87,176,'2016-01-10 05:14:04',0,1,NULL,NULL),(2408,'2016-01-10',2,'','',190,86,150,'2016-01-10 05:13:30',0,1,NULL,NULL),(2416,'2016-01-13',4,'','',105,8,60,'2016-01-13 05:30:24',0,1,NULL,NULL),(2417,'2016-01-10',20,'','',137,190,100,'2016-01-10 14:45:32',0,1,NULL,NULL),(2420,'2016-01-11',18,'','',291,84,106,'2016-01-11 11:11:26',0,1,NULL,NULL),(2423,'2016-01-11',22,'','',254,97,203,'2016-01-11 12:18:27',0,1,NULL,NULL),(2425,'2016-01-11',20,'','',208,97,165,'2016-01-11 12:18:18',0,1,NULL,NULL),(2427,'2016-01-11',16,'','',204,97,162,'2016-01-11 14:32:31',0,1,NULL,NULL),(2428,'2016-01-11',16,'','',271,190,220,'2016-01-11 10:42:16',0,1,NULL,NULL),(2431,'2016-01-11',18,'','',274,190,223,'2016-01-11 10:42:25',0,1,NULL,NULL),(2432,'2016-01-11',4,'','',171,86,133,'2016-01-11 07:03:24',0,1,NULL,NULL),(2433,'2016-01-11',6,'','',286,86,235,'2016-01-11 07:03:27',0,1,NULL,NULL),(2435,'2016-01-11',20,'','',203,86,161,'2016-01-11 11:12:22',0,1,NULL,NULL),(2436,'2016-01-11',22,'','',277,190,226,'2016-01-11 12:19:02',0,1,NULL,NULL),(2437,'2016-01-11',12,'','',278,87,227,'2016-01-11 09:46:00',0,1,NULL,NULL),(2438,'2016-01-11',18,'','',285,87,232,'2016-01-11 11:11:35',0,1,NULL,NULL),(2439,'2016-01-11',20,'','',218,87,173,'2016-01-11 12:18:36',0,1,NULL,NULL),(2440,'2016-01-12',22,'','',220,87,175,'2016-01-12 12:01:01',0,1,NULL,'[]'),(2441,'2016-01-12',10,'','',278,87,227,'2016-01-12 07:07:57',0,1,NULL,'[]'),(2442,'2016-01-12',8,'','',217,87,172,'2016-01-12 07:07:51',0,1,NULL,'[]'),(2443,'2016-01-11',6,'','',193,97,152,'2016-01-11 11:11:50',0,1,NULL,'[]'),(2444,'2016-01-12',2,'','',174,86,135,'2016-01-12 04:04:55',0,1,NULL,'[]'),(2446,'2016-01-12',2,'','',165,84,127,'2016-01-12 03:41:59',0,1,NULL,'[]'),(2448,'2016-01-12',16,'','',163,84,125,'2016-01-12 10:29:09',0,1,NULL,'[]'),(2451,'2016-01-11',21,'','',85,8,36,'2016-01-11 13:57:55',0,1,NULL,'[{\"contenttype\":\"image\",\"content\":\"https://dn-o2fit.qbox.me/ef05f9cab84c11e5866400163e00701b.jpg\"},{\"contenttype\":\"image\",\"content\":\"https://dn-o2fit.qbox.me/819b5276b84d11e5866400163e00701b.jpg\"},{\"contenttype\":\"image\",\"content\":\"https://dn-o2fit.qbox.me/500237deb86b11e5866400163e00701b.jpg\"}]'),(2452,'2016-01-11',23,'','',71,8,26,'2016-01-11 15:31:11',0,1,NULL,'[{\"contenttype\":\"image\",\"content\":\"https://dn-o2fit.qbox.me/d6e7236ab85011e5a96600163e00701b.jpg\"},{\"contenttype\":\"image\",\"content\":\"https://dn-o2fit.qbox.me/32f59ea6b85211e5866400163e00701b.jpg\"},{\"contenttype\":\"image\",\"content\":\"https://dn-o2fit.qbox.me/d19b5ae6b85711e5a93a00163e00701b.jpg\"},{\"contenttype\":\"image\",\"content\":\"https://dn-o2fit.qbox.me/49774202b86f11e5a96600163e00701b.jpg\"}]'),(2453,'2016-01-12',10,'','',188,86,148,'2016-01-12 07:08:08',0,1,NULL,'[]'),(2454,'2016-01-12',18,'','',190,86,150,'2016-01-12 09:55:45',0,1,NULL,'[]'),(2455,'2016-01-12',20,'','',176,86,137,'2016-01-12 12:02:09',0,1,NULL,'[]'),(2456,'2016-01-12',22,'','',211,86,167,'2016-01-12 12:05:32',0,1,NULL,'[]'),(2457,'2016-01-12',20,'','',142,84,105,'2016-01-12 12:00:43',0,1,NULL,'[]'),(2458,'2016-01-12',22,'','',156,84,118,'2016-01-12 12:39:11',0,1,NULL,'[]'),(2460,'2016-01-12',22,'','',273,190,222,'2016-01-12 15:15:42',0,1,NULL,'[]'),(2462,'2016-01-12',20,'','',137,97,100,'2016-01-12 12:25:22',0,1,NULL,'[]'),(2463,'2016-01-12',20,'','',275,190,224,'2016-01-12 12:01:25',0,1,NULL,'[]'),(2464,'2016-01-12',18,'','',262,190,211,'2016-01-12 10:21:45',0,1,NULL,'[]'),(2465,'2016-01-12',17,'','',120,8,81,'2016-01-12 08:57:19',0,1,NULL,'[{\"contenttype\":\"image\",\"content\":\"https://dn-o2fit.qbox.me/7b4c2d24b90a11e5866400163e00701b.jpg\"}]'),(2466,'2016-01-15',12,'','',120,8,81,'2016-01-12 13:18:58',0,1,NULL,'[]'),(2467,'2016-01-14',22,'','',120,8,81,'2016-01-12 06:28:11',0,1,NULL,'[{\"contenttype\":\"image\",\"content\":\"https://dn-o2fit.qbox.me/a5decb06b8f511e5adde00163e00701b.jpg\"}]'),(2470,'2016-01-12',20,'','',228,88,180,'2016-01-12 12:02:32',0,1,NULL,'[]'),(2471,'2016-01-12',8,'','',296,86,245,'2016-01-12 07:18:45',0,1,NULL,'[]'),(2472,'2016-01-12',21,'','',85,8,36,'2016-01-12 10:43:41',0,1,NULL,'[]'),(2473,'2016-01-13',6,'','',203,86,161,'2016-01-13 04:12:49',0,1,NULL,'[]'),(2475,'2016-01-13',20,'','',166,86,128,'2016-01-13 11:20:47',0,1,NULL,'[]'),(2476,'2016-01-13',22,'','',187,86,147,'2016-01-13 12:27:14',0,1,NULL,'[]'),(2477,'2016-01-13',2,'','',294,86,243,'2016-01-13 04:12:46',0,1,NULL,'[]'),(2479,'2016-01-12',22,'','',196,88,154,'2016-01-12 12:39:19',0,1,NULL,'[]'),(2481,'2016-01-13',18,'','',285,87,232,'2016-01-13 11:19:14',0,1,NULL,'[]'),(2482,'2016-01-13',22,'','',220,87,175,'2016-01-13 12:27:22',0,1,NULL,'[]'),(2485,'2016-01-13',18,'','',242,88,192,'2016-01-13 11:20:32',0,1,NULL,'[]'),(2486,'2016-01-13',6,'','',193,97,152,'2016-01-13 06:59:50',0,1,NULL,'[]'),(2487,'2016-01-13',18,'','',204,97,162,'2016-01-13 13:29:51',0,1,NULL,'[]'),(2489,'2016-01-13',20,'','',198,88,156,'2016-01-13 12:27:59',0,1,NULL,'[]'),(2490,'2016-01-13',22,'','',247,88,196,'2016-01-13 13:30:07',0,1,NULL,'[]'),(2491,'2016-01-13',20,'','',253,97,202,'2016-01-13 12:27:35',0,1,NULL,'[]'),(2492,'2016-01-13',0,'','',149,84,112,'2016-01-13 07:19:00',0,1,NULL,'[]'),(2493,'2016-01-13',12,'','',297,84,246,'2016-01-13 08:44:16',0,1,NULL,'[]'),(2494,'2016-01-14',21,'','',134,75,96,'2016-01-12 14:06:22',0,0,NULL,'[]'),(2495,'2016-01-13',2,'','',261,190,210,'2016-01-13 07:19:30',0,1,NULL,'[]'),(2497,'2016-01-13',18,'','',274,190,223,'2016-01-13 11:21:00',0,1,NULL,'[]'),(2501,'2016-01-13',2,'','',303,8,252,'2016-01-13 03:30:49',0,1,NULL,'[]'),(2504,'2016-01-14',12,'','',119,8,80,'2016-01-13 05:33:45',0,0,NULL,'[]'),(2508,'2016-01-13',22,'','',304,49,253,'2016-01-13 06:23:25',0,0,NULL,'[]'),(2509,'2016-01-13',17,'','',134,49,96,'2016-01-13 06:24:16',0,0,NULL,'[]'),(2510,'2016-01-13',8,'','',134,49,96,'2016-01-13 06:26:55',0,1,NULL,'[]'),(2511,'2016-01-13',8,'','',180,86,141,'2016-01-13 06:26:26',0,1,NULL,'[]'),(2512,'2016-01-13',19,'','',92,8,46,'2016-01-13 06:44:32',0,1,NULL,'[]'),(2515,'2016-01-13',22,'','',207,97,164,'2016-01-13 12:27:44',0,1,NULL,'[]'),(2516,'2016-01-13',2,'','',295,97,244,'2016-01-13 07:02:25',0,1,NULL,'[]'),(2517,'2016-01-14',6,'','',286,86,235,'2016-01-14 04:24:30',0,1,NULL,'[]'),(2518,'2016-01-14',10,'','',188,86,148,'2016-01-14 10:43:03',0,1,NULL,'[]'),(2519,'2016-01-14',20,'','',181,86,142,'2016-01-14 11:32:12',0,1,NULL,'[]'),(2522,'2016-01-14',18,'','',140,84,103,'2016-01-14 11:31:00',0,1,NULL,'[]'),(2523,'2016-01-14',20,'','',142,84,105,'2016-01-14 11:31:10',0,1,NULL,'[]'),(2525,'2016-01-14',18,'','',305,86,150,'2016-01-14 10:45:58',0,1,NULL,'[]'),(2526,'2016-01-14',10,'','',160,84,122,'2016-01-14 10:38:23',0,1,NULL,'[]'),(2527,'2016-01-14',8,'','',213,87,169,'2016-01-14 10:38:33',0,1,NULL,'[]'),(2530,'2016-01-14',4,'','',183,86,143,'2016-01-14 04:20:37',0,1,NULL,'[]'),(2531,'2016-01-13',24,'','',77,8,32,'2016-01-13 14:29:24',0,0,NULL,'[]'),(2532,'2016-01-14',16,'','',174,86,135,'2016-01-14 10:44:55',0,1,NULL,'[]'),(2536,'2016-01-14',22,'','',196,88,154,'2016-01-14 12:05:47',0,1,NULL,'[]'),(2537,'2016-01-14',16,'','',302,97,251,'2016-01-14 12:06:02',0,1,NULL,'[]'),(2539,'2016-01-14',22,'','',254,97,203,'2016-01-14 12:06:45',0,1,NULL,'[]'),(2540,'2016-01-14',18,'','',285,87,232,'2016-01-14 12:05:30',0,1,NULL,'[]'),(2541,'2016-01-15',0,'','',149,84,112,'2016-01-15 03:25:15',0,1,NULL,'[]'),(2542,'2016-01-15',10,'','',160,84,122,'2016-01-15 05:57:56',0,1,NULL,'[]'),(2543,'2016-01-15',4,'','',216,87,171,'2016-01-15 03:45:55',0,1,NULL,'[]'),(2544,'2016-01-15',8,'','',217,87,172,'2016-01-15 07:12:14',0,1,NULL,'[]'),(2545,'2016-01-15',2,'','',183,86,143,'2016-01-15 03:24:26',0,1,NULL,'[]'),(2546,'2016-01-15',4,'','',193,97,152,'2016-01-15 04:11:56',0,1,NULL,'[]'),(2550,'2016-01-15',4,'','',171,86,133,'2016-01-15 03:54:31',0,1,NULL,'[]'),(2552,'2016-01-15',18,'','',305,86,150,'2016-01-15 12:06:24',0,1,NULL,'[]'),(2553,'2016-01-15',20,'','',211,86,167,'2016-01-15 12:06:27',0,1,NULL,'[]'),(2554,'2016-01-15',22,'','',187,86,147,'2016-01-15 12:06:30',0,1,NULL,'[]'),(2556,'2016-01-15',11,'','',213,87,169,'2016-01-15 07:12:22',0,1,NULL,'[]'),(2559,'2016-01-15',22,'','',276,190,225,'2016-01-16 02:28:56',0,1,NULL,'[]'),(2560,'2016-01-15',18,'','',274,190,223,'2016-01-16 02:28:34',0,1,NULL,'[]'),(2561,'2016-01-15',16,'','',275,190,224,'2016-01-16 02:28:25',0,1,NULL,'[]'),(2562,'2016-01-16',12,'','',297,84,246,'2016-01-16 08:15:16',0,1,NULL,'[]'),(2563,'2016-01-16',14,'','',140,84,103,'2016-01-16 09:29:12',0,1,NULL,'[]'),(2564,'2016-01-16',2,'','',275,190,224,'2016-01-16 03:19:55',0,1,NULL,'[]'),(2565,'2016-01-16',4,'','',277,190,226,'2016-01-16 04:25:10',0,1,NULL,'[]'),(2566,'2016-01-16',12,'','',274,190,223,'2016-01-16 08:15:35',0,1,NULL,'[]'),(2567,'2016-01-15',22,'','',191,97,99,'2016-01-15 16:44:40',0,1,NULL,'[]'),(2568,'2016-01-16',2,'','',201,87,159,'2016-01-16 06:02:13',0,1,NULL,'[]'),(2569,'2016-01-16',6,'','',220,87,175,'2016-01-16 06:02:21',0,1,NULL,'[]'),(2571,'2016-01-16',10,'','',236,88,185,'2016-01-16 08:15:50',0,1,NULL,'[]'),(2572,'2016-01-16',20,'','',196,88,154,'2016-01-16 12:45:57',0,1,NULL,'[]'),(2573,'2016-01-16',0,'','',156,84,118,'2016-01-16 03:41:26',0,1,NULL,'[]'),(2575,'2016-01-17',2,'','',222,87,176,'2016-01-17 12:01:45',0,1,NULL,'[]'),(2578,'2016-01-17',18,'','',285,87,232,'2016-01-17 12:01:53',0,1,NULL,'[]'),(2582,'2016-01-17',2,'','',305,86,150,'2016-01-17 06:42:17',0,1,NULL,'[]'),(2583,'2016-01-17',4,'','',211,86,167,'2016-01-17 06:42:24',0,1,NULL,'[]'),(2584,'2016-01-17',10,'','',188,86,148,'2016-01-17 06:42:33',0,1,NULL,'[]'),(2585,'2016-01-17',16,'','',174,86,135,'2016-01-17 12:01:28',0,1,NULL,'[]'),(2586,'2016-01-16',4,'','',195,97,153,'2016-01-16 06:32:35',0,1,NULL,'[]'),(2587,'2016-01-16',10,'','',208,97,165,'2016-01-16 08:16:10',0,1,NULL,'[]'),(2588,'2016-01-16',16,'','',302,97,251,'2016-01-16 09:29:27',0,1,NULL,'[]'),(2589,'2016-01-16',20,'','',306,87,256,'2016-01-16 12:46:14',0,1,NULL,'[]'),(2590,'2016-01-15',22,'','',101,49,30,'2016-01-16 12:09:08',0,1,NULL,'[]'),(2591,'2016-01-17',4,'','',253,97,202,'2016-01-17 12:02:20',0,1,NULL,'[]'),(2592,'2016-01-17',18,'','',242,88,192,'2016-01-17 12:06:27',0,1,NULL,'[]'),(2593,'2016-01-17',22,'','',191,97,99,'2016-01-17 12:02:28',0,1,NULL,'[]'),(2595,'2016-01-16',20,'','',120,75,81,'2016-01-16 16:24:31',0,1,NULL,'[]'),(2596,'2016-01-16',22,'','',307,75,257,'2016-01-16 16:27:29',0,1,NULL,'[]'),(2597,'2016-01-17',18,'','',177,86,138,'2016-01-17 12:01:36',0,1,NULL,'[]'),(2598,'2016-01-17',6,'','',120,75,81,'2016-01-17 06:08:39',0,1,NULL,'[]'),(2599,'2016-01-17',12,'','',262,190,211,'2016-01-17 11:18:15',0,1,NULL,'[]'),(2602,'2016-01-18',10,'','',260,190,209,'2016-01-18 09:46:08',0,1,NULL,'[]'),(2604,'2016-01-18',18,'','',274,190,223,'2016-01-18 11:19:16',0,1,NULL,'[]'),(2605,'2016-01-17',2,'','',195,97,153,'2016-01-17 12:03:41',0,1,NULL,'[]'),(2608,'2016-01-18',20,'','',203,86,161,'2016-01-18 11:18:32',0,1,NULL,'[]'),(2609,'2016-01-18',4,'','',217,87,172,'2016-01-18 11:56:46',0,1,NULL,'[]'),(2613,'2016-01-18',0,'','',230,88,181,'2016-01-18 11:57:43',0,1,NULL,'[]'),(2614,'2016-01-18',12,'','',149,84,112,'2016-01-18 09:48:04',0,1,NULL,'[]'),(2615,'2016-01-18',18,'','',140,84,103,'2016-01-18 11:18:16',0,1,NULL,'[]'),(2617,'2016-01-18',8,'','',308,88,258,'2016-01-18 11:19:52',0,1,NULL,'[]'),(2620,'2016-01-18',22,'','',196,88,154,'2016-01-18 12:24:32',0,1,NULL,'[]'),(2622,'2016-01-18',6,'','',193,97,152,'2016-01-18 12:23:43',0,1,NULL,'[]'),(2623,'2016-01-18',16,'','',302,97,251,'2016-01-18 09:50:37',0,1,NULL,'[]'),(2624,'2016-01-18',18,'','',204,97,162,'2016-01-18 11:19:40',0,1,NULL,'[]'),(2625,'2016-01-18',22,'','',254,97,203,'2016-01-18 12:23:29',0,1,NULL,'[]'),(2627,'2016-01-17',20,'','',309,84,259,'2016-01-18 02:16:11',0,1,NULL,'[]'),(2628,'2016-01-18',22,'','',276,190,225,'2016-01-18 12:24:14',0,1,NULL,'[]'),(2629,'2016-01-18',20,'','',277,190,226,'2016-01-18 11:19:27',0,1,NULL,'[]'),(2630,'2016-01-18',18,'','',176,86,137,'2016-01-18 11:18:26',0,1,NULL,'[]'),(2631,'2016-01-18',20,'','',285,87,232,'2016-01-18 11:56:57',0,1,NULL,'[]'),(2632,'2016-01-19',2,'','',174,86,135,'2016-01-19 07:40:08',0,1,NULL,'[]'),(2633,'2016-01-19',10,'','',188,86,148,'2016-01-19 07:40:11',0,1,NULL,'[]'),(2634,'2016-01-19',22,'','',211,86,167,'2016-01-19 12:04:23',0,1,NULL,'[]'),(2638,'2016-01-19',20,'','',220,87,175,'2016-01-19 13:13:50',0,1,NULL,'[]'),(2639,'2016-01-19',2,'','',165,84,127,'2016-01-19 04:51:10',0,1,NULL,'[]'),(2642,'2016-01-19',22,'','',156,84,118,'2016-01-19 13:12:30',0,1,NULL,'[]'),(2643,'2016-01-19',0,'','',245,88,194,'2016-01-19 08:57:29',0,1,NULL,'[]'),(2644,'2016-01-19',18,'','',228,88,180,'2016-01-19 13:15:32',0,1,NULL,'[]'),(2645,'2016-01-19',20,'','',242,88,192,'2016-01-19 13:15:40',0,1,NULL,'[]'),(2646,'2016-01-19',22,'','',247,88,196,'2016-01-19 13:15:49',0,1,NULL,'[]'),(2648,'2016-01-19',22,'','',191,97,99,'2016-01-19 13:14:13',0,1,NULL,'[]'),(2650,'2016-01-19',24,'','',161,84,123,'2016-01-19 13:12:39',0,1,NULL,'[]'),(2651,'2015-11-18',16,'','',239,88,188,'2016-01-18 14:28:27',0,1,NULL,'[]'),(2652,'2016-01-19',14,'','',155,84,117,'2016-01-19 14:18:25',0,1,NULL,'[]'),(2653,'2016-01-19',20,'','',309,84,259,'2016-01-19 14:18:28',0,1,NULL,'[]'),(2654,'2016-01-19',18,'','',262,190,211,'2016-01-19 12:24:41',0,1,NULL,'[]'),(2655,'2016-01-19',20,'','',275,190,224,'2016-01-19 12:24:44',0,1,NULL,'[]'),(2656,'2016-01-19',22,'','',306,87,256,'2016-01-19 13:14:00',0,1,NULL,'[]'),(2657,'2016-01-19',18,'','',208,97,165,'2016-01-19 13:15:21',0,1,NULL,'[]'),(2658,'2016-01-20',4,'','',297,84,246,'2016-01-20 06:14:43',0,1,NULL,'[]'),(2659,'2016-01-20',18,'','',291,84,106,'2016-01-20 10:01:44',0,1,NULL,'[]'),(2660,'2016-01-20',20,'','',270,84,219,'2016-01-20 13:37:04',0,1,NULL,'[]'),(2661,'2016-01-20',22,'','',161,84,123,'2016-01-20 13:37:08',0,1,NULL,'[]'),(2662,'2016-01-20',10,'','',260,190,209,'2016-01-20 07:33:29',0,1,NULL,'[]'),(2663,'2016-01-20',18,'','',274,190,223,'2016-01-20 10:01:53',0,1,NULL,'[]'),(2666,'2016-01-20',22,'','',276,190,225,'2016-01-20 14:15:35',0,1,NULL,'[]'),(2667,'2016-01-20',6,'','',203,86,161,'2016-01-20 06:08:11',0,1,NULL,'[]'),(2668,'2016-01-20',20,'','',166,86,128,'2016-01-20 14:15:21',0,1,NULL,'[]'),(2673,'2016-01-20',22,'','',220,87,175,'2016-01-20 14:25:55',0,1,NULL,'[]'),(2675,'2016-01-20',0,'','',230,88,181,'2016-01-20 06:14:32',0,1,NULL,'[]'),(2676,'2016-01-20',16,'','',308,88,258,'2016-01-20 10:01:34',0,1,NULL,'[]'),(2677,'2016-01-20',20,'','',236,88,185,'2016-01-20 14:28:57',0,1,NULL,'[]'),(2678,'2016-01-20',22,'','',244,88,193,'2016-01-20 14:29:05',0,1,NULL,'[]'),(2679,'2016-01-20',6,'','',193,97,152,'2016-01-20 08:45:19',0,1,NULL,'[]'),(2680,'2016-01-20',16,'','',302,97,251,'2016-01-20 10:47:54',0,1,NULL,'[]'),(2681,'2016-01-20',18,'','',204,97,162,'2016-01-20 10:48:06',0,1,NULL,'[]'),(2682,'2016-01-20',20,'','',253,97,202,'2016-01-20 14:15:48',0,1,NULL,'[]'),(2683,'2016-01-21',2,'','',165,84,127,'2016-01-21 05:16:08',0,1,NULL,'[]'),(2684,'2016-01-21',18,'','',140,84,103,'2016-01-21 10:04:05',0,1,NULL,'[]'),(2685,'2016-01-21',20,'','',142,84,105,'2016-01-21 12:14:09',0,1,NULL,'[]'),(2688,'2016-01-20',22,'','',137,97,100,'2016-01-20 14:26:04',0,1,NULL,'[]'),(2690,'2016-01-21',18,'','',285,87,232,'2016-01-21 10:04:14',0,1,NULL,'[]'),(2691,'2016-01-21',20,'','',306,87,256,'2016-01-21 11:05:32',0,1,NULL,'[]'),(2692,'2016-01-21',10,'','',188,86,148,'2016-01-21 07:12:46',0,1,NULL,'[]'),(2694,'2016-01-21',18,'','',305,86,150,'2016-01-21 11:05:47',0,1,NULL,'[]'),(2695,'2016-01-21',22,'','',211,86,167,'2016-01-21 12:14:17',0,1,NULL,'[]'),(2697,'2016-01-21',24,'','',191,97,99,'2016-01-21 14:35:01',0,1,NULL,'[]'),(2700,'2016-01-21',20,'','',228,88,180,'2016-01-21 11:06:17',0,1,NULL,'[]'),(2701,'2016-01-21',22,'','',196,88,154,'2016-01-21 12:14:34',0,1,NULL,'[]'),(2703,'2016-01-22',0,'','',149,84,112,'2016-01-22 06:03:28',0,1,NULL,'[]'),(2704,'2016-01-22',10,'','',160,84,122,'2016-01-22 06:03:34',0,1,NULL,'[]'),(2707,'2016-01-22',20,'','',140,84,103,'2016-01-22 11:33:20',0,1,NULL,'[]'),(2709,'2016-01-22',0,'','',230,88,181,'2016-01-22 06:03:08',0,1,NULL,'[]'),(2712,'2016-01-22',0,'','',184,86,144,'2016-01-22 05:29:03',0,1,NULL,'[]'),(2713,'2016-01-22',6,'','',203,86,161,'2016-01-22 05:29:07',0,1,NULL,'[]'),(2714,'2016-01-22',16,'','',174,86,135,'2016-01-22 10:54:12',0,1,NULL,'[]'),(2716,'2016-01-22',18,'','',305,86,150,'2016-01-22 11:33:32',0,1,NULL,'[]'),(2717,'2016-01-22',6,'','',193,97,152,'2016-01-25 06:08:19',0,1,NULL,'[]'),(2718,'2016-01-22',16,'','',302,97,251,'2016-01-22 10:54:55',0,1,NULL,'[]'),(2719,'2016-01-22',18,'','',208,97,165,'2016-01-22 11:33:00',0,1,NULL,'[]'),(2720,'2016-01-22',20,'','',253,97,202,'2016-01-22 11:33:08',0,1,NULL,'[]'),(2721,'2016-01-22',22,'','',137,97,100,'2016-01-22 13:05:43',0,1,NULL,'[]'),(2723,'2016-01-21',12,'','',312,8,260,'2016-01-21 16:33:06',0,1,NULL,'[]'),(2724,'2016-01-21',18,'','',312,49,260,'2016-01-21 16:33:23',0,1,NULL,'[]'),(2725,'2016-01-21',22,'','',312,75,260,'2016-01-21 16:33:28',0,1,NULL,'[]'),(2726,'2016-01-22',0,'','',312,8,260,'2016-01-21 16:40:15',0,1,NULL,'[{\"contenttype\":\"image\",\"content\":\"https://dn-o2fit.qbox.me/a2697150c05d11e5baa600163e00701b.jpg\"}]'),(2727,'2016-01-22',2,'','',120,8,81,'2016-01-22 02:42:23',0,1,NULL,'[]'),(2728,'2016-01-22',4,'','',313,8,261,'2016-01-21 16:47:23',0,1,NULL,'[]'),(2729,'2016-01-22',12,'','',183,86,143,'2016-01-22 06:04:40',0,1,NULL,'[]'),(2731,'2016-01-22',10,'','',260,190,209,'2016-01-22 06:06:10',0,1,NULL,'[]'),(2732,'2016-01-22',18,'','',274,190,223,'2016-01-22 11:30:00',0,1,NULL,'[]'),(2735,'2016-01-22',3,'','',120,49,81,'2016-01-22 06:37:03',0,0,NULL,'[]'),(2737,'2016-01-22',3,'','',104,49,59,'2016-01-22 06:38:34',0,0,NULL,'[]'),(2744,'2016-01-22',10,'','',101,8,30,'2016-01-22 08:24:56',0,1,NULL,'[]'),(2746,'2016-01-22',22,'','',276,190,225,'2016-01-22 13:05:50',0,1,NULL,'[]'),(2748,'2016-01-22',15,'','',93,8,47,'2016-01-22 08:31:02',0,1,NULL,'[]'),(2751,'2016-01-23',6,'','',314,263,264,'2016-01-26 14:30:23',0,1,NULL,'[]'),(2753,'2016-01-22',17,'','',104,8,59,'2016-01-22 08:02:02',0,0,NULL,'[]'),(2754,'2016-01-22',12,'','',314,75,264,'2016-01-22 08:28:01',0,1,NULL,'[]'),(2755,'2016-01-22',17,'','',314,75,264,'2016-01-22 08:12:50',0,0,NULL,'[]'),(2758,'2016-01-22',22,'','',314,75,264,'2016-01-22 08:27:53',0,0,NULL,'[]'),(2759,'2016-01-22',22,'','',314,49,264,'2016-01-22 08:28:07',0,0,NULL,'[]'),(2760,'2016-01-22',22,'','',314,8,264,'2016-01-22 08:28:21',0,0,NULL,'[]'),(2761,'2016-01-22',13,'','',314,8,264,'2016-01-22 08:29:25',0,1,NULL,'[]'),(2762,'2016-01-22',25,'','',314,49,264,'2016-01-22 08:31:17',0,0,NULL,'[]'),(2763,'2016-01-22',14,'','',314,263,264,'2016-01-22 08:33:59',0,1,NULL,'[]'),(2764,'2016-01-22',12,'','',315,263,265,'2016-01-22 08:47:10',0,1,NULL,'[]'),(2765,'2016-01-22',10,'','',315,263,265,'2016-01-22 08:47:54',0,0,NULL,'[]'),(2766,'2016-01-22',16,'','',313,263,261,'2016-01-22 08:49:13',0,0,NULL,'[]'),(2767,'2016-01-25',20,'','',309,84,259,'2016-01-25 12:10:34',0,1,NULL,'[]'),(2770,'2016-01-25',10,'','',160,84,122,'2016-01-25 04:30:52',0,1,NULL,'[]'),(2771,'2016-01-27',20,'','',270,84,219,'2016-01-27 11:11:01',0,1,NULL,'[]'),(2772,'2016-01-29',20,'','',270,84,219,'2016-01-29 12:53:47',0,1,NULL,'[]'),(2773,'2016-01-26',2,'','',165,84,127,'2016-01-26 03:57:14',0,1,NULL,'[]'),(2774,'2016-01-26',14,'','',149,84,112,'2016-01-26 09:57:03',0,1,NULL,'[]'),(2775,'2016-01-26',18,'','',140,84,103,'2016-01-26 10:20:27',0,1,NULL,'[]'),(2776,'2016-01-26',20,'','',142,84,105,'2016-01-26 11:10:35',0,1,NULL,'[]'),(2777,'2016-01-26',22,'','',156,84,118,'2016-01-26 12:53:06',0,1,NULL,'[]'),(2778,'2016-01-23',3,'','',314,8,264,'2016-01-26 14:30:26',0,1,NULL,'[]'),(2779,'2016-01-23',6,'','',312,8,260,'2016-01-23 03:25:33',0,0,NULL,'[]'),(2781,'2016-01-24',2,'','',134,8,96,'2016-01-24 02:22:12',0,0,NULL,'[]'),(2783,'2016-01-25',4,'','',183,86,143,'2016-01-25 03:02:19',0,1,NULL,'[]'),(2784,'2016-01-25',18,'','',305,86,150,'2016-01-25 12:32:54',0,1,NULL,'[]'),(2785,'2016-01-25',20,'','',203,86,161,'2016-01-25 12:32:57',0,1,NULL,'[]'),(2786,'2016-01-26',12,'','',297,84,246,'2016-01-26 09:57:00',0,1,NULL,'[]'),(2788,'2016-01-25',6,'','',193,97,152,'2016-01-25 06:09:24',0,1,NULL,'[]'),(2789,'2016-01-25',16,'','',302,97,251,'2016-01-25 12:35:38',0,1,NULL,'[]'),(2790,'2016-01-25',18,'','',204,97,162,'2016-01-25 12:35:47',0,1,NULL,'[]'),(2792,'2016-01-25',0,'','',269,49,218,'2016-01-25 06:13:33',0,0,NULL,'[]'),(2793,'2016-01-16',20,'','',288,97,238,'2016-01-25 06:15:48',0,1,NULL,'[]'),(2794,'2016-01-17',14,'','',288,97,238,'2016-01-25 06:15:51',0,1,NULL,'[]'),(2795,'2016-01-25',14,'','',271,190,220,'2016-01-25 08:58:20',0,1,NULL,'[]'),(2796,'2016-01-25',18,'','',274,190,223,'2016-01-25 12:36:19',0,1,NULL,'[]'),(2797,'2016-01-25',22,'','',276,190,225,'2016-01-25 13:30:19',0,1,NULL,'[]'),(2798,'2016-01-25',0,'','',230,88,181,'2016-01-25 08:57:44',0,1,NULL,'[]'),(2799,'2016-01-25',8,'','',308,88,258,'2016-01-25 12:36:02',0,1,NULL,'[]'),(2801,'2016-01-25',21,'','',242,88,192,'2016-01-25 12:37:18',0,1,NULL,'[]'),(2802,'2016-01-25',18,'','',264,88,213,'2016-01-25 12:37:53',0,1,NULL,'[]'),(2803,'2016-01-26',2,'','',174,86,135,'2016-01-26 03:57:04',0,1,NULL,'[]'),(2804,'2016-01-26',18,'','',305,86,150,'2016-01-26 10:20:19',0,1,NULL,'[]'),(2807,'2016-01-25',20,'','',277,190,226,'2016-01-25 13:30:58',0,1,NULL,'[]'),(2808,'2016-01-26',0,'','',245,88,194,'2016-01-26 03:57:24',0,1,NULL,'[]'),(2810,'2016-01-26',22,'','',196,88,154,'2016-01-26 12:52:48',0,1,NULL,'[]'),(2811,'2016-01-26',20,'','',137,97,100,'2016-01-26 11:59:49',0,1,NULL,'[]'),(2813,'2016-01-26',18,'','',262,190,211,'2016-01-26 10:20:40',0,1,NULL,'[]'),(2814,'2016-01-26',20,'','',275,190,224,'2016-01-26 11:17:18',0,1,NULL,'[]'),(2815,'2016-01-26',22,'','',276,190,225,'2016-01-26 12:52:34',0,1,NULL,'[]'),(2816,'2016-01-26',16,'','',306,88,256,'2016-01-26 10:27:17',0,1,NULL,'[]'),(2817,'2016-01-26',17,'','',306,97,256,'2016-01-26 11:10:45',0,1,NULL,'[]'),(2821,'2016-01-27',6,'','',203,86,161,'2016-01-27 08:28:24',0,1,NULL,'[]'),(2823,'2016-01-27',18,'','',177,86,138,'2016-01-27 11:10:46',0,1,NULL,'[]'),(2824,'2016-01-27',6,'','',160,84,122,'2016-01-27 07:04:18',0,1,NULL,'[]'),(2826,'2016-01-26',12,'','',288,97,238,'2016-01-26 14:02:07',0,1,NULL,'[]'),(2827,'2016-01-26',22,'','',314,8,264,'2016-01-26 14:30:33',0,0,NULL,'[]'),(2828,'2016-01-26',20,'','',314,75,264,'2016-01-26 14:48:46',0,0,NULL,'[]'),(2829,'2016-01-27',2,'','',261,190,210,'2016-01-27 03:25:42',0,1,NULL,'[]'),(2830,'2016-01-27',18,'','',274,190,223,'2016-01-27 11:11:17',0,1,NULL,'[]'),(2831,'2016-01-27',12,'','',120,8,81,'2016-01-27 02:54:33',0,0,NULL,'[]'),(2832,'2016-01-27',12,'','',119,75,80,'2016-01-27 03:01:45',0,0,NULL,'[]'),(2833,'2016-01-27',0,'','',230,88,181,'2016-01-27 08:28:02',0,1,NULL,'[]'),(2834,'2016-01-27',18,'','',242,88,192,'2016-01-27 11:11:09',0,1,NULL,'[]'),(2837,'2016-01-27',16,'','',119,75,80,'2016-01-27 07:33:57',0,0,NULL,'[]'),(2838,'2016-01-27',22,'','',119,75,80,'2016-01-27 07:34:36',0,0,NULL,'[]'),(2839,'2016-01-27',2,'','',119,75,80,'2016-01-27 07:36:03',0,0,NULL,'[]'),(2842,'2016-01-28',18,'','',242,88,192,'2016-01-28 10:24:55',0,1,NULL,'[]'),(2845,'2016-01-28',4,'','',183,86,143,'2016-01-28 03:53:17',0,1,NULL,'[]'),(2847,'2016-01-28',18,'','',305,86,150,'2016-01-28 10:24:44',0,1,NULL,'[]'),(2848,'2016-01-28',20,'','',203,86,161,'2016-01-28 11:47:26',0,1,NULL,'[]'),(2855,'2016-01-29',14,'','',149,84,112,'2016-01-29 08:08:24',0,1,NULL,'[]'),(2858,'2016-01-28',22,'','',196,88,154,'2016-01-28 13:51:30',0,1,NULL,'[]'),(2859,'2016-01-29',12,'','',291,84,106,'2016-01-29 08:08:19',0,1,NULL,'[]'),(2860,'2016-01-29',3,'','',155,84,117,'2016-01-29 05:39:18',0,1,NULL,'[]'),(2861,'2016-01-29',2,'','',246,88,195,'2016-01-29 05:39:02',0,1,NULL,'[]'),(2862,'2016-01-29',18,'','',242,88,192,'2016-01-30 05:17:00',0,1,NULL,'[]'),(2863,'2016-01-29',22,'','',244,88,193,'2016-01-30 05:17:06',0,1,NULL,'[]'),(2864,'2016-01-29',12,'','',306,88,256,'2016-01-29 09:30:19',0,1,NULL,'[]'),(2865,'2016-01-30',0,'','',156,84,118,'2016-01-30 05:16:51',0,1,NULL,'[]'),(2866,'2016-01-30',18,'','',309,84,259,'2016-01-30 12:15:46',0,1,NULL,'[]'),(2867,'2016-01-30',2,'','',264,88,213,'2016-01-30 12:03:00',0,1,NULL,'[]'),(2868,'2016-01-30',20,'','',196,88,154,'2016-01-30 12:02:42',0,1,NULL,'[]'),(2869,'2016-01-30',10,'','',209,88,166,'2016-01-30 12:02:52',0,1,NULL,'[]'),(2871,'2016-01-31',2,'','',183,86,143,'2016-01-31 02:08:01',0,1,NULL,'[]'),(2873,'2016-01-31',10,'','',198,88,156,'2016-01-31 08:48:59',0,1,NULL,'[]'),(2875,'2016-01-31',8,'','',209,88,166,'2016-01-31 05:17:12',0,1,NULL,'[]'),(2876,'2016-01-31',12,'','',297,84,246,'2016-01-31 08:49:30',0,1,NULL,'[]'),(2877,'2016-01-31',2,'','',264,88,213,'2016-01-31 08:48:41',0,1,NULL,'[]'),(2878,'2016-01-31',12,'','',245,88,194,'2016-01-31 08:49:07',0,1,NULL,'[]'),(2879,'2016-02-01',18,'','',291,84,106,'2016-02-01 12:22:24',0,1,NULL,'[]'),(2881,'2016-02-01',22,'','',290,84,241,'2016-02-01 13:42:05',0,1,NULL,'[]'),(2882,'2016-02-02',12,'','',297,84,246,'2016-02-02 13:03:01',0,1,NULL,'[]'),(2884,'2016-02-02',20,'','',142,84,105,'2016-02-02 12:58:48',0,1,NULL,'[]'),(2885,'2016-02-02',22,'','',156,84,118,'2016-02-02 13:02:49',0,1,NULL,'[]'),(2886,'2016-02-01',0,'','',246,88,195,'2016-02-01 08:55:01',0,1,NULL,'[]'),(2887,'2016-02-01',2,'','',230,88,181,'2016-02-01 08:55:08',0,1,NULL,'[]'),(2888,'2016-02-01',18,'','',242,88,192,'2016-02-01 12:22:35',0,1,NULL,'[]'),(2889,'2016-02-01',22,'','',196,88,154,'2016-02-01 12:22:47',0,1,NULL,'[]'),(2890,'2016-02-02',0,'','',246,88,195,'2016-02-02 14:09:29',0,1,NULL,'[]'),(2894,'2016-02-02',4,'','',306,88,256,'2016-02-02 13:02:39',0,1,NULL,'[]'),(2895,'2016-02-16',22,'','',156,84,118,'2016-02-16 14:11:10',0,1,NULL,'[]'),(2897,'2016-02-20',0,'','',156,84,118,'2016-02-20 10:08:26',0,1,NULL,'[]'),(2898,'2016-02-17',18,'','',309,84,259,'2016-02-17 11:23:27',0,1,NULL,'[]'),(2899,'2016-02-17',2,'','',270,84,219,'2016-02-17 04:19:32',0,1,NULL,'[]'),(2900,'2016-02-17',12,'','',297,84,246,'2016-02-17 09:37:56',0,1,NULL,'[]'),(2902,'2016-02-17',20,'','',154,84,116,'2016-02-17 11:23:33',0,1,NULL,'[]'),(2906,'2016-02-20',12,'','',140,84,103,'2016-02-20 10:08:33',0,1,NULL,'[]'),(2907,'2016-02-14',6,'','',286,86,235,'2016-02-14 05:25:46',0,1,NULL,'[]'),(2908,'2016-02-15',6,'','',180,86,141,'2016-02-15 06:58:35',0,1,NULL,'[]'),(2909,'2016-02-15',20,'','',203,86,161,'2016-02-15 12:26:45',0,1,NULL,'[]'),(2910,'2016-02-15',8,'','',180,86,141,'2016-02-15 06:58:38',0,1,NULL,'[]'),(2911,'2016-02-15',12,'','',277,190,226,'2016-02-15 12:55:01',0,1,NULL,'[]'),(2913,'2016-02-15',22,'','',319,190,223,'2016-02-15 12:55:07',0,1,NULL,'[]'),(2914,'2016-02-15',0,'','',230,88,181,'2016-02-15 12:56:43',0,1,NULL,'[]'),(2915,'2016-02-15',4,'','',201,88,159,'2016-02-15 12:56:49',0,1,NULL,'[]'),(2916,'2016-02-15',22,'','',234,88,184,'2016-02-15 12:56:58',0,1,NULL,'[]'),(2917,'2016-02-15',15,'','',320,8,271,'2016-02-15 13:16:20',0,0,NULL,'[]'),(2918,'2016-02-19',15,'','',320,8,271,'2016-02-15 13:16:20',0,0,NULL,'[]'),(2919,'2016-02-17',15,'','',320,8,271,'2016-02-15 13:16:20',0,0,NULL,'[]'),(2920,'2016-02-23',15,'','',320,8,271,'2016-02-15 13:16:20',0,0,NULL,'[]'),(2926,'2016-02-15',3,'','',134,8,96,'2016-02-15 13:49:55',0,0,NULL,'[]'),(2927,'2016-02-18',0,'','',134,8,96,'2016-02-15 14:09:45',0,1,NULL,'[{\"contenttype\":\"image\",\"content\":\"https://dn-o2fit.qbox.me/c351c7c0d3ed11e5933200163e00701b.jpg\"}]'),(2928,'2016-02-17',1,'','',134,8,96,'2016-02-15 13:54:02',0,0,NULL,'[]'),(2929,'2016-02-16',4,'','',92,8,46,'2016-02-15 13:54:14',0,0,NULL,'[]'),(2930,'2016-02-16',0,'','',323,8,248,'2016-02-15 14:08:13',0,1,NULL,'[{\"contenttype\":\"image\",\"content\":\"https://dn-o2fit.qbox.me/8cad4528d3ed11e5933200163e00701b.jpg\"}]'),(2932,'2016-02-16',0,'','',323,8,274,'2016-02-15 14:01:15',0,0,NULL,'[]'),(2934,'2016-02-18',4,'','',92,8,46,'2016-02-15 14:04:40',0,0,NULL,'[]'),(2935,'2016-02-18',7,'','',323,8,274,'2016-02-15 14:05:34',0,0,NULL,'[]'),(2936,'2016-02-15',6,'','',313,8,261,'2016-02-15 14:06:32',0,0,NULL,'[]'),(2937,'2016-02-17',6,'','',160,84,122,'2016-02-17 04:19:35',0,1,NULL,'[]'),(2938,'2016-02-17',22,'','',159,84,121,'2016-02-17 13:12:22',0,1,NULL,'[]'),(2939,'2016-02-16',2,'','',195,97,153,'2016-02-16 05:12:25',0,1,NULL,'[]'),(2941,'2016-02-16',20,'','',275,190,224,'2016-02-16 14:10:50',0,1,NULL,'[]'),(2942,'2016-02-16',24,'','',273,190,222,'2016-02-16 14:10:56',0,1,NULL,'[]'),(2943,'2016-02-16',18,'','',276,190,225,'2016-02-16 14:10:44',0,1,NULL,'[]'),(2944,'2016-02-16',22,'','',196,88,154,'2016-02-16 14:10:31',0,1,NULL,'[]'),(2945,'2016-02-16',24,'','',202,88,160,'2016-02-16 14:10:37',0,1,NULL,'[]'),(2946,'2016-02-16',16,'','',302,97,251,'2016-02-16 13:51:09',0,1,NULL,'[]'),(2947,'2016-02-16',20,'','',253,97,202,'2016-02-16 13:51:18',0,1,NULL,'[]'),(2948,'2016-02-16',16,'','',324,84,275,'2016-02-16 15:17:02',0,1,NULL,'[]'),(2949,'2016-02-17',4,'','',137,97,100,'2016-02-17 05:09:31',0,1,NULL,'[]'),(2950,'2016-02-17',6,'','',193,97,152,'2016-02-17 06:19:42',0,1,NULL,'[]'),(2951,'2016-02-17',8,'','',194,97,153,'2016-02-17 05:12:22',0,1,NULL,'[]'),(2952,'2016-02-17',0,'','',230,88,181,'2016-02-17 05:09:42',0,1,NULL,'[]'),(2953,'2016-02-17',20,'','',198,88,156,'2016-02-17 11:24:23',0,1,NULL,'[]'),(2955,'2016-02-17',18,'','',319,190,223,'2016-02-17 11:24:31',0,1,NULL,'[]'),(2957,'2016-02-17',6,'','',286,86,235,'2016-02-17 05:09:15',0,1,NULL,'[]'),(2958,'2016-02-17',18,'','',203,86,161,'2016-02-17 11:23:19',0,1,NULL,'[]'),(2959,'2016-02-17',20,'','',166,86,128,'2016-02-17 11:59:51',0,1,NULL,'[]'),(2962,'2016-02-17',20,'','',192,97,151,'2016-02-17 11:24:16',0,1,NULL,'[]'),(2965,'2016-02-17',16,'','',288,97,238,'2016-02-17 11:24:08',0,1,NULL,'[]'),(2966,'2016-02-17',16,'','',271,190,220,'2016-02-17 11:25:40',0,1,NULL,'[]'),(2970,'2016-02-18',16,'','',326,86,270,'2016-02-18 09:48:26',0,1,NULL,'[]'),(2971,'2016-02-18',18,'','',177,86,138,'2016-02-18 12:11:53',0,1,NULL,'[]'),(2972,'2016-02-18',20,'','',305,86,150,'2016-02-18 12:11:57',0,1,NULL,'[]'),(2973,'2016-02-18',6,'','',201,88,159,'2016-02-18 09:48:41',0,1,NULL,'[]'),(2980,'2016-02-19',13,'','',145,8,108,'2016-02-18 05:36:34',0,1,NULL,'[]'),(2981,'2016-02-23',20,'','',142,84,105,'2016-02-23 12:46:11',0,1,NULL,'[]'),(2982,'2016-02-25',20,'','',142,84,105,'2016-02-18 07:34:34',0,0,NULL,'[]'),(2983,'2016-02-27',2,'','',142,84,105,'2016-02-18 07:34:48',0,0,NULL,'[]'),(2984,'2016-02-22',6,'','',160,84,122,'2016-02-22 08:04:39',0,1,NULL,'[]'),(2985,'2016-02-18',16,'','',302,97,251,'2016-02-18 13:02:21',0,1,NULL,'[]'),(2986,'2016-02-19',6,'','',286,86,235,'2016-02-19 04:51:26',0,1,NULL,'[]'),(2987,'2016-02-19',14,'','',305,86,150,'2016-02-19 10:06:15',0,1,NULL,'[]'),(2988,'2016-02-20',14,'','',297,84,246,'2016-02-20 10:08:36',0,1,NULL,'[]'),(2989,'2016-02-20',2,'','',270,84,219,'2016-02-20 10:08:29',0,1,NULL,'[]'),(2990,'2016-02-19',0,'','',230,88,181,'2016-02-19 09:10:37',0,1,NULL,'[]'),(2991,'2016-02-19',22,'','',196,88,154,'2016-02-19 14:03:38',0,1,NULL,'[]'),(2993,'2016-02-19',6,'','',193,97,152,'2016-02-19 09:11:08',0,1,NULL,'[]'),(2994,'2016-02-19',8,'','',194,97,153,'2016-02-19 09:11:14',0,1,NULL,'[]'),(2995,'2016-02-19',10,'','',208,97,165,'2016-02-19 09:11:24',0,1,NULL,'[]'),(2996,'2016-02-19',20,'','',253,97,202,'2016-02-19 14:01:39',0,1,NULL,'[]'),(2998,'2016-02-19',16,'','',271,190,220,'2016-02-19 09:10:46',0,1,NULL,'[]'),(3000,'2016-02-19',22,'','',276,190,225,'2016-02-19 14:11:54',0,1,NULL,'[]'),(3001,'2016-02-19',19,'','',277,190,226,'2016-02-19 11:14:05',0,1,NULL,'[]'),(3004,'2016-02-20',2,'','',275,190,224,'2016-02-20 08:12:20',0,1,NULL,'[]'),(3005,'2016-02-20',4,'','',276,190,225,'2016-02-20 08:12:23',0,1,NULL,'[]'),(3006,'2016-02-20',12,'','',319,190,223,'2016-02-20 08:12:28',0,1,NULL,'[]'),(3007,'2016-02-20',2,'','',137,97,100,'2016-02-20 08:10:55',0,1,NULL,'[]'),(3008,'2016-02-20',6,'','',204,97,162,'2016-02-20 08:11:12',0,1,NULL,'[]'),(3010,'2016-02-20',16,'','',302,97,251,'2016-02-20 10:53:45',0,1,NULL,'[]'),(3011,'2016-02-20',20,'','',196,88,154,'2016-02-20 14:09:44',0,1,NULL,'[]'),(3012,'2016-02-20',12,'','',327,86,277,'2016-02-20 08:32:51',0,1,NULL,'[]'),(3013,'2016-02-20',12,'','',328,87,278,'2016-02-20 09:15:56',0,1,NULL,'[]'),(3014,'2016-02-21',2,'','',305,86,150,'2016-02-21 03:23:16',0,1,NULL,'[]'),(3015,'2016-02-21',12,'','',177,86,138,'2016-02-21 06:33:11',0,1,NULL,'[]'),(3017,'2016-02-21',4,'','',201,87,159,'2016-02-21 07:15:54',0,1,NULL,'[]'),(3018,'2016-02-21',6,'','',217,87,172,'2016-02-21 07:16:00',0,1,NULL,'[]'),(3019,'2016-02-21',12,'','',200,87,158,'2016-02-21 07:16:08',0,1,NULL,'[]'),(3020,'2016-02-21',12,'','',245,88,194,'2016-02-21 12:32:39',0,1,NULL,'[]'),(3021,'2016-02-21',14,'','',198,88,156,'2016-02-21 12:32:44',0,1,NULL,'[]'),(3022,'2016-02-21',2,'','',194,97,153,'2016-02-21 07:16:45',0,1,NULL,'[]'),(3023,'2016-02-21',10,'','',208,97,165,'2016-02-21 07:16:51',0,1,NULL,'[]'),(3024,'2016-02-21',12,'','',271,190,220,'2016-02-21 07:16:30',0,1,NULL,'[]'),(3025,'2016-02-21',10,'','',262,190,211,'2016-02-21 12:27:38',0,1,NULL,'[]'),(3026,'2016-02-21',14,'','',288,190,238,'2016-02-21 12:28:02',0,1,NULL,'[]'),(3027,'2016-02-22',14,'','',169,86,131,'2016-02-22 09:52:20',0,1,NULL,'[]'),(3028,'2016-02-22',14,'','',288,190,238,'2016-02-22 11:26:20',0,1,NULL,'[]'),(3029,'2016-02-22',18,'','',319,190,223,'2016-02-22 11:26:31',0,1,NULL,'[]'),(3030,'2016-02-23',2,'','',270,84,219,'2016-02-23 12:46:01',0,1,NULL,'[]'),(3031,'2016-02-23',12,'','',155,84,117,'2016-02-23 12:46:06',0,1,NULL,'[]'),(3032,'2016-02-23',18,'','',140,84,103,'2016-02-23 10:25:26',0,1,NULL,'[]'),(3034,'2016-02-22',16,'','',288,97,238,'2016-02-22 11:26:57',0,1,NULL,'[]'),(3035,'2016-02-23',12,'','',327,86,277,'2016-02-23 07:56:00',0,1,NULL,'[]'),(3036,'2016-02-23',18,'','',305,86,150,'2016-02-23 12:27:09',0,1,NULL,'[]'),(3037,'2016-02-23',6,'','',217,87,172,'2016-02-23 05:23:29',0,1,NULL,'[]'),(3038,'2016-02-23',22,'','',220,87,175,'2016-02-23 14:14:28',0,1,NULL,'[]'),(3039,'2016-02-23',20,'','',197,87,155,'2016-02-23 14:14:34',0,1,NULL,'[]'),(3040,'2016-02-23',20,'','',204,97,162,'2016-02-23 14:22:16',0,1,NULL,'[]'),(3041,'2016-02-23',18,'','',253,97,202,'2016-02-23 14:22:10',0,1,NULL,'[]'),(3042,'2016-02-23',14,'','',239,88,188,'2016-02-23 14:17:11',0,1,NULL,'[]'),(3044,'2016-02-23',18,'','',228,88,180,'2016-02-23 14:17:27',0,1,NULL,'[]'),(3045,'2016-02-23',20,'','',244,88,193,'2016-02-23 14:17:34',0,1,NULL,'[]'),(3046,'2016-02-23',22,'','',234,88,184,'2016-02-23 14:14:52',0,1,NULL,'[]'),(3048,'2016-02-23',18,'','',199,190,157,'2016-02-23 10:25:46',0,1,NULL,'[]'),(3055,'2016-02-24',6,'','',160,84,122,'2016-02-24 05:18:00',0,1,NULL,'[]'),(3057,'2016-02-24',22,'','',309,84,259,'2016-02-24 12:17:48',0,1,NULL,'[]'),(3058,'2016-02-23',20,'','',262,190,211,'2016-02-23 14:03:20',0,1,NULL,'[]'),(3059,'2016-02-23',10,'','',329,88,279,'2016-02-23 14:17:06',0,1,NULL,'[]'),(3060,'2016-02-24',2,'','',261,190,210,'2016-02-24 04:44:37',0,1,NULL,'[]'),(3061,'2016-02-24',16,'','',271,190,220,'2016-02-24 10:56:38',0,1,NULL,'[]'),(3062,'2016-02-24',18,'','',319,190,223,'2016-02-24 10:56:45',0,1,NULL,'[]'),(3063,'2016-02-24',20,'','',263,190,212,'2016-02-24 11:44:48',0,1,NULL,'[]'),(3064,'2016-02-24',22,'','',276,190,225,'2016-02-24 12:18:33',0,1,NULL,'[]'),(3066,'2016-02-24',14,'','',326,86,270,'2016-02-24 10:34:53',0,1,NULL,'[]'),(3068,'2016-02-24',0,'','',230,88,181,'2016-02-24 10:58:03',0,1,NULL,'[]'),(3070,'2016-02-24',14,'','',209,88,166,'2016-02-24 10:58:12',0,1,NULL,'[]'),(3071,'2016-02-24',16,'','',242,88,192,'2016-02-24 10:58:18',0,1,NULL,'[]'),(3072,'2016-02-24',20,'','',198,88,156,'2016-02-24 12:12:03',0,1,NULL,'[]'),(3074,'2016-02-24',6,'','',193,97,152,'2016-02-24 11:19:37',0,1,NULL,'[]'),(3076,'2016-02-24',20,'','',137,97,100,'2016-02-24 11:20:03',0,1,NULL,'[]'),(3077,'2016-02-24',2,'','',201,87,159,'2016-02-24 11:23:01',0,1,NULL,'[]'),(3079,'2016-02-24',18,'','',217,87,172,'2016-02-24 10:56:58',0,1,NULL,'[]'),(3080,'2016-02-24',20,'','',280,87,228,'2016-02-24 12:18:01',0,1,NULL,'[]'),(3081,'2016-02-24',22,'','',220,87,175,'2016-02-24 12:18:09',0,1,NULL,'[]'),(3082,'2016-02-25',1,'','',157,84,119,'2016-02-25 03:10:04',0,1,NULL,'[]'),(3083,'2016-02-25',18,'','',140,84,103,'2016-02-24 08:34:44',0,0,NULL,'[]'),(3084,'2016-02-25',22,'','',156,84,118,'2016-02-24 08:34:53',0,0,NULL,'[]'),(3085,'2016-02-25',24,'','',159,84,121,'2016-02-24 08:35:01',0,0,NULL,'[]'),(3087,'2016-02-24',12,'','',288,97,238,'2016-02-24 11:19:47',0,1,NULL,'[]'),(3088,'2016-02-24',14,'','',288,281,238,'2016-02-24 11:19:54',0,1,NULL,'[]'),(3089,'2016-02-25',10,'','',327,86,277,'2016-02-24 12:05:41',0,0,NULL,'[]'),(3090,'2016-02-25',14,'','',169,86,131,'2016-02-24 12:05:59',0,0,NULL,'[]'),(3091,'2016-02-25',22,'','',187,86,147,'2016-02-24 12:06:32',0,0,NULL,'[]'),(3092,'2016-02-25',18,'','',305,86,150,'2016-02-24 12:06:52',0,0,NULL,'[]'),(3093,'2016-02-23',5,'','',333,281,282,'2016-02-24 12:14:39',0,1,NULL,'[]'),(3096,'2016-02-25',2,'','',246,88,195,'2016-02-25 02:48:36',0,0,NULL,'[]'),(3097,'2016-02-25',16,'','',242,88,192,'2016-02-25 02:48:56',0,0,NULL,'[]'),(3098,'2016-02-25',18,'','',228,88,180,'2016-02-25 02:49:11',0,0,NULL,'[]'),(3099,'2016-02-25',20,'','',244,88,193,'2016-02-25 02:49:22',0,0,NULL,'[]'),(3100,'2016-02-25',22,'','',237,88,186,'2016-02-25 02:50:25',0,0,NULL,'[]'),(3101,'2016-02-25',16,'','',302,97,251,'2016-02-25 02:50:41',0,0,NULL,'[]'),(3103,'2016-02-25',20,'','',208,97,165,'2016-02-25 02:51:15',0,0,NULL,'[]'),(3104,'2016-02-25',22,'','',217,87,172,'2016-02-25 02:51:48',0,0,NULL,'[]'),(3105,'2016-02-25',10,'','',278,87,227,'2016-02-25 02:52:07',0,0,NULL,'[]'),(3106,'2016-02-25',20,'','',197,87,155,'2016-02-25 02:52:23',0,0,NULL,'[]'),(3107,'2016-02-25',6,'','',286,86,235,'2016-02-25 05:14:51',0,1,NULL,'[]'),(3108,'2016-02-26',2,'','',270,84,219,'2016-02-25 03:10:53',0,0,NULL,'[]'),(3110,'2016-02-26',22,'','',324,84,275,'2016-02-25 03:11:19',0,0,NULL,'[]'),(3111,'2016-02-25',14,'','',155,84,117,'2016-02-25 03:13:12',0,0,NULL,'[]'),(3112,'2016-02-25',24,'','',191,97,99,'2016-02-25 04:05:40',0,0,NULL,'[]'),(3113,'2016-02-25',22,'','',254,97,203,'2016-02-25 04:06:06',0,0,NULL,'[]'),(3114,'2016-02-18',20,'','',204,97,162,'2016-02-25 05:49:17',0,1,NULL,'[]'),(3115,'2016-02-22',6,'','',193,97,152,'2016-02-25 05:50:23',0,1,NULL,'[]'),(3116,'2016-02-25',10,'','',267,49,216,'2016-02-25 06:55:11',0,0,NULL,'[]'),(3117,'2016-02-01',6,'','',335,84,283,'2016-02-25 07:02:14',0,0,NULL,'[]'),(3118,'2016-02-01',11,'','',335,84,283,'2016-02-25 07:02:54',0,0,NULL,'[]'),(3119,'2016-02-25',6,'','',330,87,280,'2016-02-25 07:03:58',0,0,NULL,'[]'),(3120,'2016-02-02',0,'','',335,84,283,'2016-02-25 07:10:49',0,0,NULL,'[]');
/*!40000 ALTER TABLE `business_schedule` ENABLE KEYS */;
UNLOCK TABLES;

--
-- Table structure for table `business_train`
--

DROP TABLE IF EXISTS `business_train`;
/*!40101 SET @saved_cs_client     = @@character_set_client */;
/*!40101 SET character_set_client = utf8 */;
CREATE TABLE `business_train` (
  `id` int(11) NOT NULL AUTO_INCREMENT,
  `weight` varchar(64) NOT NULL,
  `repeattimes` varchar(64) NOT NULL,
  `groupid` int(11) NOT NULL,
  `action_name` varchar(64) NOT NULL,
  `action_order` int(11) NOT NULL,
  `course_id` int(11) DEFAULT NULL,
  `date` date NOT NULL,
  `name` varchar(64) NOT NULL,
  `units` varchar(32) NOT NULL,
  PRIMARY KEY (`id`),
  KEY `business_train_course_id_46db80dd043c00_fk_business_schedule_id` (`course_id`),
  CONSTRAINT `business_train_course_id_46db80dd043c00_fk_business_schedule_id` FOREIGN KEY (`course_id`) REFERENCES `business_schedule` (`id`)
) ENGINE=InnoDB AUTO_INCREMENT=106 DEFAULT CHARSET=utf8;
/*!40101 SET character_set_client = @saved_cs_client */;

--
-- Dumping data for table `business_train`
--

LOCK TABLES `business_train` WRITE;
/*!40000 ALTER TABLE `business_train` DISABLE KEYS */;
INSERT INTO `business_train` VALUES (1,'1','2',0,'撒地方',1,40,'2015-09-15','alex','kg|次'),(2,'10','10',0,'阿三地方',0,40,'2015-09-15','alex','kg|次'),(3,'10','10',0,'阿萨德f',0,40,'2015-09-15','alex','kg|次'),(4,'100','100',0,'双方深蹲',0,40,'2015-09-15','alex','kg|次'),(5,'100','1',0,'撒地方',0,44,'2015-09-15','alex','kg|次'),(6,'10','10',0,'我腿',0,NULL,'2015-09-16','royn','kg|次'),(7,'20','20',1,'我腿',0,NULL,'2015-09-16','royn','kg|次'),(8,'10','10',0,'三分',0,NULL,'2015-09-16','royn','kg|次'),(9,'10','10',1,'name',1,NULL,'2015-09-16','alex','kg|次'),(10,'10','10',0,'三分',0,NULL,'2015-09-16','royn','kg|次'),(13,'10','10',0,'哈哈哈',0,NULL,'2015-09-16','royn','kg|次'),(14,'10','10',0,'0916',0,48,'2015-09-16','alex','kg|次'),(15,'10','10',0,'动作2',1,56,'2015-09-17','alex','kg|次'),(16,'10','10',0,'好',0,56,'2015-09-17','alex','kg|次'),(17,'10','10',0,'卧推',0,NULL,'2015-09-18','18612261069','kg|次'),(18,'19','15',0,'给风格',0,NULL,'2015-09-24','18612261069','kg|次'),(19,'10','10',0,'vvvshbs',1,88,'2015-09-26','18612261069','kg|次'),(20,'10','10',0,'gavv',0,88,'2015-09-26','18612261069','kg|次'),(21,'10','10',0,'新动作',0,87,'2015-10-12','18612261069','kg|次'),(22,'10','10',0,'卧推',0,NULL,'2015-10-21','18612261069','kg|次'),(23,'10','10',0,'双杠臂屈伸',1,NULL,'2015-10-21','18612261069','kg|次'),(24,'10','10',1,'双杠臂屈伸',1,NULL,'2015-10-21','18612261069','kg|次'),(25,'10','10',0,'卧推',0,NULL,'2015-10-21','18612261069','kg|次'),(26,'10','11',0,'卧推',0,NULL,'2015-10-21','18612261069','kg|次'),(27,'10','10',0,'卧推',0,NULL,'2015-10-22','18612261069','kg|次'),(28,'10','10',0,'卧推',1,NULL,'2015-10-22','18612261069','kg|次'),(29,'10','10',0,'上斜哑铃卧推',0,NULL,'2015-10-23','18612261069','kg|次'),(30,'10','10',0,'上斜哑铃卧推',1,NULL,'2015-10-23','18612261069','kg|次'),(31,'10','10',0,'卧推',0,NULL,'2015-10-23','18612261069','kg|次'),(32,'10','10',0,'卧推',1,NULL,'2015-10-23','18612261069','kg|次'),(33,'10','10',0,'卧推',0,NULL,'2015-10-23','18612261069','kg|次'),(34,'10','10',0,'卧推',0,NULL,'2015-10-23','18612261069','kg|次'),(35,'10','10',0,'卧推',0,105,'2015-10-24','18612261069','kg|次'),(36,'50','10',0,'卧推',0,NULL,'2015-10-28','18910107363','kg|次'),(37,'10','10',0,'双杠臂屈伸',0,108,'2015-10-28','18612261069','kg|次'),(38,'18','',0,'啊',0,109,'2015-10-29','18612261069','我|'),(39,'10','',0,'啊',0,110,'2015-10-29','987987','我|'),(40,'10','10',0,'卧推',0,118,'2015-10-31','18612261069','kg|次'),(42,'10','',0,'仰卧抬腿',0,117,'2015-11-03','18612261069','次'),(43,'10','10',0,'蝴蝶机飞鸟',0,113,'2015-11-03','18612261069','kg|次'),(44,'10','10',0,'蝴蝶机飞鸟',0,129,'2015-11-12','16381','kg|次'),(45,'10','10',0,'蝴蝶机飞鸟',0,127,'2015-11-12','1234567899','kg|次'),(46,'10','10',0,'曲柄托臂弯举',0,126,'2015-11-12','1234567899','kg|次'),(47,'35','10',0,'蝴蝶机飞鸟',0,138,'2015-11-12','5123945','kg|次'),(48,'35','10',1,'蝴蝶机飞鸟',0,138,'2015-11-12','5123945','kg|次'),(49,'35','10',2,'蝴蝶机飞鸟',0,138,'2015-11-12','5123945','kg|次'),(50,'12','15',0,'平板哑铃飞鸟',1,138,'2015-11-12','5123945','kg|次'),(51,'12','15',1,'平板哑铃飞鸟',1,138,'2015-11-12','5123945','kg|次'),(52,'12','15',2,'平板哑铃飞鸟',1,138,'2015-11-12','5123945','kg|次'),(53,'12','15',3,'平板哑铃飞鸟',1,138,'2015-11-12','5123945','kg|次'),(54,'12','15',4,'平板哑铃飞鸟',1,138,'2015-11-12','5123945','kg|次'),(55,'26','10',0,'卧推',2,138,'2015-11-12','5123945','kg|次'),(56,'26','10',1,'卧推',2,138,'2015-11-12','5123945','kg|次'),(57,'26','10',2,'卧推',2,138,'2015-11-12','5123945','kg|次'),(58,'30','8',3,'卧推',2,138,'2015-11-12','5123945','kg|次'),(59,'35','10',0,'蝴蝶机飞鸟',0,138,'2015-11-12','5123945','kg|次'),(60,'35','10',1,'蝴蝶机飞鸟',0,138,'2015-11-12','5123945','kg|次'),(61,'35','10',2,'蝴蝶机飞鸟',0,138,'2015-11-12','5123945','kg|次'),(62,'12','15',0,'平板哑铃飞鸟',1,138,'2015-11-12','5123945','kg|次'),(63,'12','15',1,'平板哑铃飞鸟',1,138,'2015-11-12','5123945','kg|次'),(64,'12','15',2,'平板哑铃飞鸟',1,138,'2015-11-12','5123945','kg|次'),(65,'12','15',3,'平板哑铃飞鸟',1,138,'2015-11-12','5123945','kg|次'),(66,'12','15',4,'平板哑铃飞鸟',1,138,'2015-11-12','5123945','kg|次'),(67,'26','10',0,'卧推',2,138,'2015-11-12','5123945','kg|次'),(68,'26','10',1,'卧推',2,138,'2015-11-12','5123945','kg|次'),(69,'26','10',2,'卧推',2,138,'2015-11-12','5123945','kg|次'),(70,'30','8',3,'卧推',2,138,'2015-11-12','5123945','kg|次'),(71,'50','18',0,'蝴蝶机飞鸟',0,166,'2015-11-20','1234587','kg|次'),(72,'50','10',0,'卧推',1,166,'2015-11-20','1234587','kg|次'),(73,'50','',0,'仰卧提臀抬腿',2,166,'2015-11-20','1234587','次'),(74,'150','',0,'开合跳',0,151,'2015-11-20','18612261069','次|'),(75,'45','',0,'波比跳',1,151,'2015-11-20','18612261069','次|'),(76,'90','',0,'徒手深蹲',2,151,'2015-11-20','18612261069','次|'),(77,'0','90',0,'箭步蹲',3,151,'2015-11-20','18612261069','kg|次'),(78,'60','',0,'仰卧起坐',4,151,'2015-11-20','18612261069','次'),(79,'20','',1,'仰卧起坐',4,151,'2015-11-20','18612261069','次'),(80,'120','',0,'平板支撑',5,151,'2015-11-20','18612261069','秒|'),(81,'20','',0,'仰卧卷腹转体',6,151,'2015-11-20','18612261069','次'),(82,'50','10',0,'杠铃深蹲',0,170,'2015-11-23','1234587','kg|次'),(83,'50','10',1,'杠铃深蹲',0,170,'2015-11-23','1234587','kg|次'),(84,'50','10',2,'杠铃深蹲',0,170,'2015-11-23','1234587','kg|次'),(85,'50','10',3,'杠铃深蹲',0,170,'2015-11-23','1234587','kg|次'),(86,'50','10',4,'杠铃深蹲',0,170,'2015-11-23','1234587','kg|次'),(87,'60','8',0,'史密斯深蹲',1,170,'2015-11-23','1234587','kg|次'),(88,'60','8',1,'史密斯深蹲',1,170,'2015-11-23','1234587','kg|次'),(89,'20','15',0,'箭步蹲',2,170,'2015-11-23','1234587','kg|次'),(90,'20','15',1,'箭步蹲',2,170,'2015-11-23','1234587','kg|次'),(91,'60','15',0,'直腿硬拉',3,170,'2015-11-23','1234587','kg|次'),(92,'60','15',1,'直腿硬拉',3,170,'2015-11-23','1234587','kg|次'),(93,'10','10',0,'蝴蝶机飞鸟',0,197,'2015-11-25','1354','kg|次'),(94,'10','10',0,'蝴蝶机飞鸟',0,197,'2015-11-25','1354','kg|次'),(95,'30','15',0,'曲柄托臂弯举',0,171,'2015-11-25','1234567899','kg|次'),(96,'30','15',0,'拉力器弯举',1,171,'2015-11-25','1234567899','kg|次'),(97,'30','15',0,'上斜哑铃弯举',0,179,'2015-11-25','1234567899','kg|次'),(98,'30','15',0,'绳索下拉',1,179,'2015-11-25','1234567899','kg|次'),(99,'20','',0,'仰卧抬腿',0,NULL,'2015-11-28','18510628227','次'),(100,'30','15',0,'蝴蝶机飞鸟',0,257,'2015-12-15','123652365','kg|次'),(101,'30','15',1,'蝴蝶机飞鸟',0,257,'2015-12-15','123652365','kg|次'),(102,'30','15',0,'卧推',1,257,'2015-12-15','123652365','kg|次'),(103,'30','15',1,'卧推',1,257,'2015-12-15','123652365','kg|次'),(104,'30','12',0,'平板哑铃飞鸟',2,257,'2015-12-15','123652365','kg|次'),(105,'30','12',1,'平板哑铃飞鸟',2,257,'2015-12-15','123652365','kg|次');
/*!40000 ALTER TABLE `business_train` ENABLE KEYS */;
UNLOCK TABLES;

--
-- Table structure for table `django_admin_log`
--

DROP TABLE IF EXISTS `django_admin_log`;
/*!40101 SET @saved_cs_client     = @@character_set_client */;
/*!40101 SET character_set_client = utf8 */;
CREATE TABLE `django_admin_log` (
  `id` int(11) NOT NULL AUTO_INCREMENT,
  `action_time` datetime NOT NULL,
  `object_id` longtext,
  `object_repr` varchar(200) NOT NULL,
  `action_flag` smallint(5) unsigned NOT NULL,
  `change_message` longtext NOT NULL,
  `content_type_id` int(11) DEFAULT NULL,
  `user_id` int(11) NOT NULL,
  PRIMARY KEY (`id`),
  KEY `djang_content_type_id_697914295151027a_fk_django_content_type_id` (`content_type_id`),
  KEY `django_admin_log_user_id_52fdd58701c5f563_fk_auth_user_id` (`user_id`),
  CONSTRAINT `django_admin_log_user_id_52fdd58701c5f563_fk_auth_user_id` FOREIGN KEY (`user_id`) REFERENCES `auth_user` (`id`),
  CONSTRAINT `djang_content_type_id_697914295151027a_fk_django_content_type_id` FOREIGN KEY (`content_type_id`) REFERENCES `django_content_type` (`id`)
) ENGINE=InnoDB DEFAULT CHARSET=utf8;
/*!40101 SET character_set_client = @saved_cs_client */;

--
-- Dumping data for table `django_admin_log`
--

LOCK TABLES `django_admin_log` WRITE;
/*!40000 ALTER TABLE `django_admin_log` DISABLE KEYS */;
/*!40000 ALTER TABLE `django_admin_log` ENABLE KEYS */;
UNLOCK TABLES;

--
-- Table structure for table `django_content_type`
--

DROP TABLE IF EXISTS `django_content_type`;
/*!40101 SET @saved_cs_client     = @@character_set_client */;
/*!40101 SET character_set_client = utf8 */;
CREATE TABLE `django_content_type` (
  `id` int(11) NOT NULL AUTO_INCREMENT,
  `app_label` varchar(100) NOT NULL,
  `model` varchar(100) NOT NULL,
  PRIMARY KEY (`id`),
  UNIQUE KEY `django_content_type_app_label_45f3b1d93ec8c61c_uniq` (`app_label`,`model`)
) ENGINE=InnoDB AUTO_INCREMENT=32 DEFAULT CHARSET=utf8;
/*!40101 SET character_set_client = @saved_cs_client */;

--
-- Dumping data for table `django_content_type`
--

LOCK TABLES `django_content_type` WRITE;
/*!40000 ALTER TABLE `django_content_type` DISABLE KEYS */;
INSERT INTO `django_content_type` VALUES (1,'admin','logentry'),(3,'auth','group'),(2,'auth','permission'),(4,'auth','user'),(19,'business','bodyeval'),(20,'business','bodyevaloptions'),(16,'business','course'),(17,'business','gym'),(18,'business','schedule'),(21,'business','train'),(5,'contenttypes','contenttype'),(30,'fee','coachsalarysetting'),(29,'fee','gymfee'),(25,'ios_notifications','apnservice'),(27,'ios_notifications','device'),(28,'ios_notifications','feedbackservice'),(26,'ios_notifications','notification'),(14,'order','order'),(15,'order','product'),(7,'recommend','recommend'),(6,'sessions','session'),(22,'sms','sms'),(24,'traincategory','workoutaction'),(23,'traincategory','workoutcategeory'),(31,'usr','feedback'),(9,'usr','timeline'),(8,'usr','user'),(10,'usr','workingdays'),(13,'weibo','images'),(12,'weibo','longweibo'),(11,'weibo','weibo');
/*!40000 ALTER TABLE `django_content_type` ENABLE KEYS */;
UNLOCK TABLES;

--
-- Table structure for table `django_migrations`
--

DROP TABLE IF EXISTS `django_migrations`;
/*!40101 SET @saved_cs_client     = @@character_set_client */;
/*!40101 SET character_set_client = utf8 */;
CREATE TABLE `django_migrations` (
  `id` int(11) NOT NULL AUTO_INCREMENT,
  `app` varchar(255) NOT NULL,
  `name` varchar(255) NOT NULL,
  `applied` datetime NOT NULL,
  PRIMARY KEY (`id`)
) ENGINE=InnoDB AUTO_INCREMENT=16 DEFAULT CHARSET=utf8;
/*!40101 SET character_set_client = @saved_cs_client */;

--
-- Dumping data for table `django_migrations`
--

LOCK TABLES `django_migrations` WRITE;
/*!40000 ALTER TABLE `django_migrations` DISABLE KEYS */;
INSERT INTO `django_migrations` VALUES (1,'contenttypes','0001_initial','2015-09-04 10:37:46'),(2,'auth','0001_initial','2015-09-04 10:37:46'),(3,'admin','0001_initial','2015-09-04 10:37:46'),(4,'contenttypes','0002_remove_content_type_name','2015-09-04 10:37:47'),(5,'auth','0002_alter_permission_name_max_length','2015-09-04 10:37:47'),(6,'auth','0003_alter_user_email_max_length','2015-09-04 10:37:47'),(7,'auth','0004_alter_user_username_opts','2015-09-04 10:37:47'),(8,'auth','0005_alter_user_last_login_null','2015-09-04 10:37:47'),(9,'auth','0006_require_contenttypes_0002','2015-09-04 10:37:47'),(10,'sessions','0001_initial','2015-09-04 10:37:47'),(11,'business','0001_initial','2015-09-13 16:16:07'),(12,'sms','0001_initial','2015-09-17 10:25:43'),(13,'traincategory','0001_initial','2015-10-19 04:49:45'),(14,'fee','0001_initial','2015-11-12 15:55:08'),(15,'usr','0001_initial','2015-11-17 02:52:35');
/*!40000 ALTER TABLE `django_migrations` ENABLE KEYS */;
UNLOCK TABLES;

--
-- Table structure for table `django_session`
--

DROP TABLE IF EXISTS `django_session`;
/*!40101 SET @saved_cs_client     = @@character_set_client */;
/*!40101 SET character_set_client = utf8 */;
CREATE TABLE `django_session` (
  `session_key` varchar(40) NOT NULL,
  `session_data` longtext NOT NULL,
  `expire_date` datetime NOT NULL,
  PRIMARY KEY (`session_key`),
  KEY `django_session_de54fa62` (`expire_date`)
) ENGINE=InnoDB DEFAULT CHARSET=utf8;
/*!40101 SET character_set_client = @saved_cs_client */;

--
-- Dumping data for table `django_session`
--

LOCK TABLES `django_session` WRITE;
/*!40000 ALTER TABLE `django_session` DISABLE KEYS */;
INSERT INTO `django_session` VALUES ('68nzq8q8ymxjwpp7oihob1endncow1i8','ODQ2MzgwMDg4MGUyNzYxNmRhMGFmMDA1YzNhNjZkYWNjNTJjOTYxZDp7Il9hdXRoX3VzZXJfaGFzaCI6IjFiNWVkZmZiNDJmZWYzMWJkNjgxMGQ3ZWJjNzA4MzM3YzI1MWQzNDMiLCJfYXV0aF91c2VyX2JhY2tlbmQiOiJkamFuZ28uY29udHJpYi5hdXRoLmJhY2tlbmRzLk1vZGVsQmFja2VuZCIsIl9hdXRoX3VzZXJfaWQiOiI5In0=','2015-11-19 15:24:06'),('bcz0jv7smfavx4pevpoo4ncuzy0ji0eg','NTgzYzExZGEwMzk2NjAyZjU0ZjUxNWQ2YTAwYWU2MjM1Nzc0NzNiNjp7Il9hdXRoX3VzZXJfaGFzaCI6ImI5MWRjYzIyNzAzZDRkNjY5YmJkZGVhNTRkNzgyMjdmZGI1MTY2NWMiLCJfYXV0aF91c2VyX2JhY2tlbmQiOiJkamFuZ28uY29udHJpYi5hdXRoLmJhY2tlbmRzLk1vZGVsQmFja2VuZCIsIl9hdXRoX3VzZXJfaWQiOiI5In0=','2015-11-18 12:59:44'),('jp6gdn15p4xstnoq5kx2md7lky3j0nqk','NTgzYzExZGEwMzk2NjAyZjU0ZjUxNWQ2YTAwYWU2MjM1Nzc0NzNiNjp7Il9hdXRoX3VzZXJfaGFzaCI6ImI5MWRjYzIyNzAzZDRkNjY5YmJkZGVhNTRkNzgyMjdmZGI1MTY2NWMiLCJfYXV0aF91c2VyX2JhY2tlbmQiOiJkamFuZ28uY29udHJpYi5hdXRoLmJhY2tlbmRzLk1vZGVsQmFja2VuZCIsIl9hdXRoX3VzZXJfaWQiOiI5In0=','2015-11-18 13:03:09'),('nkrerdr49djs2tjah23yagjwjbez1qs7','NTgzYzExZGEwMzk2NjAyZjU0ZjUxNWQ2YTAwYWU2MjM1Nzc0NzNiNjp7Il9hdXRoX3VzZXJfaGFzaCI6ImI5MWRjYzIyNzAzZDRkNjY5YmJkZGVhNTRkNzgyMjdmZGI1MTY2NWMiLCJfYXV0aF91c2VyX2JhY2tlbmQiOiJkamFuZ28uY29udHJpYi5hdXRoLmJhY2tlbmRzLk1vZGVsQmFja2VuZCIsIl9hdXRoX3VzZXJfaWQiOiI5In0=','2015-11-18 12:58:04'),('oa0t4vw1q4luukbdw6umlruht4oz4y1c','NTgzYzExZGEwMzk2NjAyZjU0ZjUxNWQ2YTAwYWU2MjM1Nzc0NzNiNjp7Il9hdXRoX3VzZXJfaGFzaCI6ImI5MWRjYzIyNzAzZDRkNjY5YmJkZGVhNTRkNzgyMjdmZGI1MTY2NWMiLCJfYXV0aF91c2VyX2JhY2tlbmQiOiJkamFuZ28uY29udHJpYi5hdXRoLmJhY2tlbmRzLk1vZGVsQmFja2VuZCIsIl9hdXRoX3VzZXJfaWQiOiI5In0=','2015-11-18 12:45:17'),('sr17ycv4b5ebc7vy451rvaazhs77kmk5','NTgzYzExZGEwMzk2NjAyZjU0ZjUxNWQ2YTAwYWU2MjM1Nzc0NzNiNjp7Il9hdXRoX3VzZXJfaGFzaCI6ImI5MWRjYzIyNzAzZDRkNjY5YmJkZGVhNTRkNzgyMjdmZGI1MTY2NWMiLCJfYXV0aF91c2VyX2JhY2tlbmQiOiJkamFuZ28uY29udHJpYi5hdXRoLmJhY2tlbmRzLk1vZGVsQmFja2VuZCIsIl9hdXRoX3VzZXJfaWQiOiI5In0=','2015-11-18 13:16:20'),('xrc1lfgaki335cw00qq3tnfl0116ynwe','NTgzYzExZGEwMzk2NjAyZjU0ZjUxNWQ2YTAwYWU2MjM1Nzc0NzNiNjp7Il9hdXRoX3VzZXJfaGFzaCI6ImI5MWRjYzIyNzAzZDRkNjY5YmJkZGVhNTRkNzgyMjdmZGI1MTY2NWMiLCJfYXV0aF91c2VyX2JhY2tlbmQiOiJkamFuZ28uY29udHJpYi5hdXRoLmJhY2tlbmRzLk1vZGVsQmFja2VuZCIsIl9hdXRoX3VzZXJfaWQiOiI5In0=','2015-11-18 12:53:14');
/*!40000 ALTER TABLE `django_session` ENABLE KEYS */;
UNLOCK TABLES;

--
-- Table structure for table `fee_coachsalarysetting`
--

DROP TABLE IF EXISTS `fee_coachsalarysetting`;
/*!40101 SET @saved_cs_client     = @@character_set_client */;
/*!40101 SET character_set_client = utf8 */;
CREATE TABLE `fee_coachsalarysetting` (
  `id` int(11) NOT NULL AUTO_INCREMENT,
  `coach` int(11) NOT NULL,
  `base_salary` double NOT NULL,
  `yanglao` double NOT NULL,
  `yiliao` double NOT NULL,
  `shiye` double NOT NULL,
  `gongjijin` double NOT NULL,
  `gymfee_id` int(11) NOT NULL,
  `xiaoshou` double DEFAULT NULL,
  `xuke` double DEFAULT NULL,
  `shangke` double DEFAULT NULL,
  `fixed_shangke` int(11) NOT NULL,
  PRIMARY KEY (`id`),
  KEY `fee_coachsalarysetting_8e91aa75` (`gymfee_id`),
  CONSTRAINT `fee_coachsalarysetti_gymfee_id_79aa8d92354f5416_fk_fee_gymfee_id` FOREIGN KEY (`gymfee_id`) REFERENCES `fee_gymfee` (`id`)
) ENGINE=InnoDB AUTO_INCREMENT=38 DEFAULT CHARSET=latin1;
/*!40101 SET character_set_client = @saved_cs_client */;

--
-- Dumping data for table `fee_coachsalarysetting`
--

LOCK TABLES `fee_coachsalarysetting` WRITE;
/*!40000 ALTER TABLE `fee_coachsalarysetting` DISABLE KEYS */;
INSERT INTO `fee_coachsalarysetting` VALUES (2,30,0,0,0,0,0,1,0,0,0,0),(3,8,0,0,0,0,0,2,0,0,0,0),(4,38,0,0,0,0,0,2,0,0,0,0),(5,39,0,0,0,0,0,2,0,0,0,0),(6,40,0,0,0,0,0,2,0,0,0,0),(7,8,0,0,0,0,0,3,0,0,0,100),(10,49,0,0,0,0,0,4,0,0,0,0),(11,52,0,0,0,0,0,4,0,0,0,0),(12,49,0,0,0,0,0,3,0,0,0,90),(13,62,0,0,0,0,0,5,0,0,0,0),(14,63,0,0,0,0,0,5,40,1,40,0),(15,70,0,0,0,0,0,5,0,0,0,0),(18,75,0,0,0,0,0,3,0,0,0,110),(19,77,3000,0,0,0,0,6,50,20,30,0),(20,83,0,0,0,0,0,7,0,0,0,0),(21,84,2000,0,0,0,0,7,0,0,30,0),(23,86,2000,0,0,0,0,7,0,0,30,0),(24,87,2000,0,0,0,0,7,0,0,35,0),(25,88,2000,0,0,0,0,7,0,0,30,0),(26,92,0,0,0,0,0,8,0,0,0,0),(27,97,2000,0,0,0,0,7,0,0,25,0),(28,190,2000,0,0,0,0,7,0,0,25,0),(29,237,0,0,0,0,0,9,0,0,0,0),(30,240,0,0,0,0,0,9,0,0,0,0),(31,237,0,0,0,0,0,10,0,0,0,0),(33,233,0,0,0,0,0,7,0,0,0,0),(35,263,0,0,0,0,0,3,0,0,0,90),(36,97,2000,0,0,0,0,11,0,0,25,0),(37,281,1500,0,0,0,0,11,0,0,0,40);
/*!40000 ALTER TABLE `fee_coachsalarysetting` ENABLE KEYS */;
UNLOCK TABLES;

--
-- Table structure for table `fee_gymfee`
--

DROP TABLE IF EXISTS `fee_gymfee`;
/*!40101 SET @saved_cs_client     = @@character_set_client */;
/*!40101 SET character_set_client = utf8 */;
CREATE TABLE `fee_gymfee` (
  `id` int(11) NOT NULL AUTO_INCREMENT,
  `gym` int(11) NOT NULL,
  `balance` int(11) NOT NULL,
  `coaches` longtext NOT NULL,
  `coach_count` int(11) NOT NULL,
  PRIMARY KEY (`id`),
  UNIQUE KEY `gym` (`gym`)
) ENGINE=InnoDB AUTO_INCREMENT=12 DEFAULT CHARSET=latin1;
/*!40101 SET character_set_client = @saved_cs_client */;

--
-- Dumping data for table `fee_gymfee`
--

LOCK TABLES `fee_gymfee` WRITE;
/*!40000 ALTER TABLE `fee_gymfee` DISABLE KEYS */;
INSERT INTO `fee_gymfee` VALUES (1,2,0,'[]',0),(2,4,0,'[]',0),(3,5,0,'[]',0),(4,7,0,'[]',0),(5,8,0,'[]',0),(6,9,0,'[]',0),(7,10,0,'[]',0),(8,14,0,'[]',0),(9,15,0,'[]',0),(10,16,0,'[]',0),(11,18,0,'[]',0);
/*!40000 ALTER TABLE `fee_gymfee` ENABLE KEYS */;
UNLOCK TABLES;

--
-- Table structure for table `ios_notifications_apnservice`
--

DROP TABLE IF EXISTS `ios_notifications_apnservice`;
/*!40101 SET @saved_cs_client     = @@character_set_client */;
/*!40101 SET character_set_client = utf8 */;
CREATE TABLE `ios_notifications_apnservice` (
  `id` int(11) NOT NULL AUTO_INCREMENT,
  `name` varchar(255) NOT NULL,
  `hostname` varchar(255) NOT NULL,
  `certificate` longtext NOT NULL,
  `private_key` longtext NOT NULL,
  `passphrase` varchar(110) DEFAULT NULL,
  PRIMARY KEY (`id`),
  UNIQUE KEY `name` (`name`,`hostname`)
) ENGINE=InnoDB DEFAULT CHARSET=utf8;
/*!40101 SET character_set_client = @saved_cs_client */;

--
-- Dumping data for table `ios_notifications_apnservice`
--

LOCK TABLES `ios_notifications_apnservice` WRITE;
/*!40000 ALTER TABLE `ios_notifications_apnservice` DISABLE KEYS */;
/*!40000 ALTER TABLE `ios_notifications_apnservice` ENABLE KEYS */;
UNLOCK TABLES;

--
-- Table structure for table `ios_notifications_device`
--

DROP TABLE IF EXISTS `ios_notifications_device`;
/*!40101 SET @saved_cs_client     = @@character_set_client */;
/*!40101 SET character_set_client = utf8 */;
CREATE TABLE `ios_notifications_device` (
  `id` int(11) NOT NULL AUTO_INCREMENT,
  `token` varchar(64) NOT NULL,
  `is_active` tinyint(1) NOT NULL,
  `deactivated_at` datetime DEFAULT NULL,
  `service_id` int(11) NOT NULL,
  `added_at` datetime NOT NULL,
  `last_notified_at` datetime DEFAULT NULL,
  `platform` varchar(30) DEFAULT NULL,
  `display` varchar(30) DEFAULT NULL,
  `os_version` varchar(20) DEFAULT NULL,
  PRIMARY KEY (`id`),
  UNIQUE KEY `token` (`token`,`service_id`),
  KEY `i_service_id_5395eaf868d3ed49_fk_ios_notifications_apnservice_id` (`service_id`),
  CONSTRAINT `i_service_id_5395eaf868d3ed49_fk_ios_notifications_apnservice_id` FOREIGN KEY (`service_id`) REFERENCES `ios_notifications_apnservice` (`id`)
) ENGINE=InnoDB DEFAULT CHARSET=utf8;
/*!40101 SET character_set_client = @saved_cs_client */;

--
-- Dumping data for table `ios_notifications_device`
--

LOCK TABLES `ios_notifications_device` WRITE;
/*!40000 ALTER TABLE `ios_notifications_device` DISABLE KEYS */;
/*!40000 ALTER TABLE `ios_notifications_device` ENABLE KEYS */;
UNLOCK TABLES;

--
-- Table structure for table `ios_notifications_device_users`
--

DROP TABLE IF EXISTS `ios_notifications_device_users`;
/*!40101 SET @saved_cs_client     = @@character_set_client */;
/*!40101 SET character_set_client = utf8 */;
CREATE TABLE `ios_notifications_device_users` (
  `id` int(11) NOT NULL AUTO_INCREMENT,
  `device_id` int(11) NOT NULL,
  `user_id` int(11) NOT NULL,
  PRIMARY KEY (`id`),
  UNIQUE KEY `device_id` (`device_id`,`user_id`),
  KEY `ios_notifications_devic_user_id_5cee7d316f819a93_fk_auth_user_id` (`user_id`),
  CONSTRAINT `ios_notifications_devic_user_id_5cee7d316f819a93_fk_auth_user_id` FOREIGN KEY (`user_id`) REFERENCES `auth_user` (`id`),
  CONSTRAINT `ios_no_device_id_54991e827cae0152_fk_ios_notifications_device_id` FOREIGN KEY (`device_id`) REFERENCES `ios_notifications_device` (`id`)
) ENGINE=InnoDB DEFAULT CHARSET=utf8;
/*!40101 SET character_set_client = @saved_cs_client */;

--
-- Dumping data for table `ios_notifications_device_users`
--

LOCK TABLES `ios_notifications_device_users` WRITE;
/*!40000 ALTER TABLE `ios_notifications_device_users` DISABLE KEYS */;
/*!40000 ALTER TABLE `ios_notifications_device_users` ENABLE KEYS */;
UNLOCK TABLES;

--
-- Table structure for table `ios_notifications_feedbackservice`
--

DROP TABLE IF EXISTS `ios_notifications_feedbackservice`;
/*!40101 SET @saved_cs_client     = @@character_set_client */;
/*!40101 SET character_set_client = utf8 */;
CREATE TABLE `ios_notifications_feedbackservice` (
  `id` int(11) NOT NULL AUTO_INCREMENT,
  `name` varchar(255) NOT NULL,
  `hostname` varchar(255) NOT NULL,
  `apn_service_id` int(11) NOT NULL,
  PRIMARY KEY (`id`),
  UNIQUE KEY `name` (`name`,`hostname`),
  KEY `ddfe8ea753af68c76f241b796107b7c9` (`apn_service_id`),
  CONSTRAINT `ddfe8ea753af68c76f241b796107b7c9` FOREIGN KEY (`apn_service_id`) REFERENCES `ios_notifications_apnservice` (`id`)
) ENGINE=InnoDB DEFAULT CHARSET=utf8;
/*!40101 SET character_set_client = @saved_cs_client */;

--
-- Dumping data for table `ios_notifications_feedbackservice`
--

LOCK TABLES `ios_notifications_feedbackservice` WRITE;
/*!40000 ALTER TABLE `ios_notifications_feedbackservice` DISABLE KEYS */;
/*!40000 ALTER TABLE `ios_notifications_feedbackservice` ENABLE KEYS */;
UNLOCK TABLES;

--
-- Table structure for table `ios_notifications_notification`
--

DROP TABLE IF EXISTS `ios_notifications_notification`;
/*!40101 SET @saved_cs_client     = @@character_set_client */;
/*!40101 SET character_set_client = utf8 */;
CREATE TABLE `ios_notifications_notification` (
  `id` int(11) NOT NULL AUTO_INCREMENT,
  `service_id` int(11) NOT NULL,
  `message` varchar(200) NOT NULL,
  `badge` int(10) unsigned DEFAULT NULL,
  `silent` tinyint(1) DEFAULT NULL,
  `sound` varchar(30) NOT NULL,
  `created_at` datetime NOT NULL,
  `last_sent_at` datetime DEFAULT NULL,
  `custom_payload` varchar(240) NOT NULL,
  `loc_payload` varchar(240) NOT NULL,
  PRIMARY KEY (`id`),
  KEY `i_service_id_330699bac5681b46_fk_ios_notifications_apnservice_id` (`service_id`),
  CONSTRAINT `i_service_id_330699bac5681b46_fk_ios_notifications_apnservice_id` FOREIGN KEY (`service_id`) REFERENCES `ios_notifications_apnservice` (`id`)
) ENGINE=InnoDB DEFAULT CHARSET=utf8;
/*!40101 SET character_set_client = @saved_cs_client */;

--
-- Dumping data for table `ios_notifications_notification`
--

LOCK TABLES `ios_notifications_notification` WRITE;
/*!40000 ALTER TABLE `ios_notifications_notification` DISABLE KEYS */;
/*!40000 ALTER TABLE `ios_notifications_notification` ENABLE KEYS */;
UNLOCK TABLES;

--
-- Table structure for table `order_order`
--

DROP TABLE IF EXISTS `order_order`;
/*!40101 SET @saved_cs_client     = @@character_set_client */;
/*!40101 SET character_set_client = utf8 */;
CREATE TABLE `order_order` (
  `id` int(11) NOT NULL AUTO_INCREMENT,
  `created` datetime NOT NULL,
  `gym_id` varchar(32) DEFAULT NULL,
  `custom_id` varchar(64) DEFAULT NULL,
  `coach_id` varchar(64) DEFAULT NULL,
  `billid` varchar(20) NOT NULL,
  `paidtime` datetime DEFAULT NULL,
  `status` varchar(32) NOT NULL,
  `parentorder_id` int(11) DEFAULT NULL,
  `product_id` int(11) DEFAULT NULL,
  `amount` int(11) NOT NULL,
  `channel` varchar(10) NOT NULL,
  `isfirst` tinyint(1) DEFAULT NULL,
  `duration` int(11) DEFAULT NULL,
  `subsidy` int(11) DEFAULT NULL,
  PRIMARY KEY (`id`),
  KEY `order_order_gym_id_196cd238bd689be6_fk_business_gym_name` (`gym_id`),
  KEY `order_order_custom_id_185f27e9de4b2e63_fk_usr_user_name` (`custom_id`),
  KEY `order_order_coach_id_1b1c660112413849_fk_usr_user_name` (`coach_id`),
  KEY `order_order_parentorder_id_51a00572e948edb1_fk_order_order_id` (`parentorder_id`),
  KEY `order_order_product_id_c2415c8535d8fae_fk_order_product_id` (`product_id`),
  KEY `order_order_2b8e1a23` (`billid`),
  CONSTRAINT `order_order_coach_id_1b1c660112413849_fk_usr_user_name` FOREIGN KEY (`coach_id`) REFERENCES `usr_user` (`name`),
  CONSTRAINT `order_order_custom_id_185f27e9de4b2e63_fk_usr_user_name` FOREIGN KEY (`custom_id`) REFERENCES `usr_user` (`name`),
  CONSTRAINT `order_order_gym_id_196cd238bd689be6_fk_business_gym_name` FOREIGN KEY (`gym_id`) REFERENCES `business_gym` (`name`),
  CONSTRAINT `order_order_parentorder_id_51a00572e948edb1_fk_order_order_id` FOREIGN KEY (`parentorder_id`) REFERENCES `order_order` (`id`),
  CONSTRAINT `order_order_product_id_c2415c8535d8fae_fk_order_product_id` FOREIGN KEY (`product_id`) REFERENCES `order_product` (`id`)
) ENGINE=InnoDB AUTO_INCREMENT=336 DEFAULT CHARSET=utf8;
/*!40101 SET character_set_client = @saved_cs_client */;

--
-- Dumping data for table `order_order`
--

LOCK TABLES `order_order` WRITE;
/*!40000 ALTER TABLE `order_order` DISABLE KEYS */;
INSERT INTO `order_order` VALUES (1,'2015-09-14 17:39:35',NULL,'alex','royn','144136344022',NULL,'done',NULL,1,100,'',0,0,0),(13,'2015-09-08 08:37:43',NULL,'alex','royn','144169982721',NULL,'paid',NULL,2,100,'',0,0,0),(14,'2015-09-08 08:38:32',NULL,'alex','royn','144170151221',NULL,'unpaid',NULL,2,100,'',0,0,0),(15,'2015-09-08 10:17:39',NULL,'alex','royn','144170745921',NULL,'unpaid',NULL,1,100,'',0,0,0),(16,'2015-09-08 15:28:22',NULL,'alex','royn','144172610121',NULL,'unpaid',NULL,2,2000,'',0,0,0),(17,'2015-09-08 16:09:31',NULL,'royn','royn','144172857011',NULL,'inprogress',NULL,1,500,'',0,0,0),(18,'2015-09-14 09:42:19',NULL,'alex','royn','144222369121',NULL,'inprogress',NULL,1,500,'',0,0,0),(19,'2015-09-16 09:12:38',NULL,'alex','royn','144239475821',NULL,'unpaid',NULL,2,2000,'',0,0,0),(20,'2015-09-16 09:33:10',NULL,'alex','royn','144239598921',NULL,'unpaid',NULL,2,2000,'',0,0,0),(21,'2015-09-18 13:01:18',NULL,'18612261069','royn','144257147771',NULL,'inprogress',NULL,1,500,'',0,0,0),(22,'2015-09-18 13:01:41',NULL,'18612261069','royn','144258130071',NULL,'inprogress',NULL,1,500,'',0,0,0),(23,'2015-09-18 13:12:16',NULL,'18612261069','royn','144258193671',NULL,'unpaid',NULL,1,500,'',0,0,0),(24,'2015-09-19 12:53:59',NULL,'18612261069','royn','144266723971',NULL,'unpaid',NULL,1,500,'',0,0,0),(25,'2015-09-19 18:28:01',NULL,'18612261069','royn','144268728071',NULL,'unpaid',NULL,1,500,'',0,0,0),(26,'2015-09-19 18:29:14',NULL,'18612261069','royn','144268735371',NULL,'unpaid',NULL,1,500,'',0,0,0),(27,'2015-09-19 18:29:49',NULL,'18612261069','royn','144268738971',NULL,'unpaid',NULL,1,500,'',0,0,0),(28,'2015-09-19 18:32:13',NULL,'18612261069','royn','144268753271',NULL,'unpaid',NULL,1,500,'',0,0,0),(29,'2015-09-19 18:39:26',NULL,'18612261069','royn','144268796671',NULL,'unpaid',NULL,1,500,'',0,0,0),(30,'2015-09-19 18:42:10',NULL,'18612261069','royn','144268813071',NULL,'unpaid',NULL,1,500,'',0,0,0),(31,'2015-09-19 18:48:24',NULL,'18612261069','royn','144268850471',NULL,'unpaid',NULL,1,500,'',0,0,0),(32,'2015-09-19 18:49:56',NULL,'18612261069','royn','144268859671',NULL,'unpaid',NULL,1,500,'',0,0,0),(33,'2015-09-19 18:54:03',NULL,'18612261069','royn','144268884371',NULL,'unpaid',NULL,1,500,'',0,0,0),(34,'2015-09-20 03:30:09',NULL,'18612261069','royn','144271980871',NULL,'unpaid',NULL,1,500,'',0,0,0),(35,'2015-09-20 03:41:52',NULL,'18612261069','royn','144272051271',NULL,'unpaid',NULL,1,500,'',0,0,0),(36,'2015-09-20 03:42:24',NULL,'18612261069','royn','144272054371',NULL,'unpaid',NULL,1,500,'',0,0,0),(37,'2015-09-20 03:45:17',NULL,'18612261069','royn','144272071671',NULL,'unpaid',NULL,1,500,'',0,0,0),(38,'2015-09-21 06:16:46',NULL,'18311286007','royn','144281620681',NULL,'paid',NULL,1,500,'',0,0,0),(39,'2015-09-21 07:17:30',NULL,'18612261069','18311286007','144281985078',NULL,'unpaid',NULL,3,2000,'',0,0,0),(40,'2015-09-21 07:19:11',NULL,'18612261069','18311286007','144281995178',NULL,'unpaid',NULL,3,2000,'',0,0,0),(41,'2015-09-23 08:36:51',NULL,'18612261069','royn','144299741171',NULL,'unpaid',NULL,1,500,'',0,0,0),(42,'2015-09-23 08:37:25',NULL,'18612261069','royn','144299744471',NULL,'unpaid',NULL,1,500,'',0,0,0),(43,'2015-09-24 08:58:05',NULL,'18612261069','royn','144308508571',NULL,'unpaid',NULL,1,500,'',0,0,0),(44,'2015-09-24 12:39:10',NULL,'18612261069','royn','144309835071',NULL,'unpaid',NULL,2,2000,'',0,0,0),(46,'2015-10-19 07:38:14',NULL,'18612261069','royn','144524029471',NULL,'unpaid',NULL,1,500,'',0,0,0),(47,'2015-10-21 15:37:30',NULL,'18612261069','royn','144544184971',NULL,'unpaid',NULL,1,500,'',0,0,0),(48,'2015-10-24 12:24:52',NULL,'18612261069','18311286007','144568949178',NULL,'paid',NULL,3,2000,'',0,0,0),(49,'2015-10-26 08:17:11',NULL,'12345567','18311286007','1445847431810','2015-10-26 08:17:11','paid',NULL,8,1000,'offline',0,0,0),(50,'2015-10-26 08:17:31',NULL,'12345567','18311286007','1445847451810','2015-10-26 08:17:31','paid',NULL,9,1000,'offline',0,0,0),(51,'2015-10-26 08:58:10',NULL,'123456789','18311286007','1445849889811','2015-10-26 08:58:10','paid',NULL,10,1000,'offline',0,0,0),(52,'2015-10-26 09:14:05',NULL,'16381','18311286007','1445850844812','2015-10-26 09:14:05','paid',NULL,11,1000,'offline',0,0,0),(53,'2015-10-26 09:32:10',NULL,'1354','18311286007','1445851929813','2015-10-26 09:32:10','inprogress',NULL,12,22,'offline',0,0,0),(54,'2015-10-26 09:34:09',NULL,'124','18311286007','1445852048814','2015-10-26 09:34:09','paid',NULL,13,2000,'offline',0,0,0),(55,'2015-10-26 09:37:31',NULL,'1344','18311286007','1445852250815','2015-10-26 09:37:31','paid',NULL,14,100,'offline',0,0,0),(56,'2015-10-26 09:41:15',NULL,'123455','18311286007','1445852475816','2015-10-26 09:41:15','paid',NULL,15,1000,'offline',0,0,0),(57,'2015-10-26 09:48:06',NULL,'1234587','18311286007','1445852885817','2015-10-26 09:48:06','paid',NULL,16,10,'offline',0,0,0),(58,'2015-10-26 09:53:09',NULL,'987987','18311286007','1445853188818','2015-10-26 09:53:09','inprogress',NULL,17,1234,'offline',0,0,0),(59,'2015-10-26 14:46:19',NULL,'1234568','18311286007','1445870779819','2015-10-26 14:46:19','inprogress',NULL,18,2000,'offline',0,0,0),(60,'2015-10-27 11:38:35',NULL,'18612261069','18311286007','144594591578',NULL,'unpaid',NULL,3,1,'',0,0,0),(61,'2015-10-27 11:40:31',NULL,'18612261069','18311286007','144594603178',NULL,'unpaid',NULL,3,1,'',0,0,0),(62,'2015-10-27 11:42:12',NULL,'18612261069','18311286007','144594613278',NULL,'unpaid',NULL,3,1,'',0,0,0),(63,'2015-10-27 11:44:25',NULL,'18612261069','18311286007','144594626578',NULL,'unpaid',NULL,3,1,'',0,0,0),(64,'2015-10-27 11:47:22',NULL,'18612261069','18311286007','144594644278',NULL,'paid',NULL,3,1,'',0,0,0),(65,'2015-10-27 11:48:56',NULL,'18612261069','18311286007','144594653678',NULL,'unpaid',NULL,3,1,'',0,0,0),(66,'2015-10-27 11:49:57',NULL,'18612261069','18311286007','144594659778',NULL,'unpaid',NULL,3,1,'',0,0,0),(68,'2015-10-29 11:19:07',NULL,'18612261069','18311286007','144611754787','2015-10-29 11:19:07','paid',NULL,21,1,'offline',0,0,0),(69,'2015-10-29 11:22:26',NULL,'123321','18311286007','1446117745821','2015-10-29 11:22:26','done',NULL,22,1,'offline',0,0,0),(70,'2015-10-29 11:24:15',NULL,'999888777','18311286007','1446117855822','2015-10-29 11:24:15','inprogress',NULL,23,10,'offline',0,0,0),(71,'2015-10-29 11:37:00',NULL,'456654987','18311286007','1446118619826','2015-10-29 11:37:00','done',NULL,24,1,'offline',0,0,0),(72,'2015-10-29 13:37:14',NULL,'5439876545','18311286007','1446125834828','2015-10-29 13:37:14','done',NULL,25,1,'offline',0,0,0),(73,'2015-10-29 14:04:49',NULL,'5123945','18311286007','1446127488829','2015-10-29 14:04:49','inprogress',NULL,26,1,'offline',0,0,0),(74,'2015-11-04 16:29:31',NULL,'18612261069','royn','144665457071',NULL,'unpaid',NULL,1,500,'',0,0,0),(75,'2015-11-04 16:35:57',NULL,'18612261069','royn','144665495671',NULL,'unpaid',NULL,1,500,'',0,0,0),(76,'2015-11-06 09:55:59',NULL,'1234567899','18311286007','1446803759831','2015-11-06 09:55:59','inprogress',NULL,27,200,'offline',0,0,0),(77,'2015-11-11 09:17:53',NULL,'125321588','18311286007','1447233473832','2015-11-11 09:17:53','inprogress',NULL,28,1000,'offline',0,0,0),(78,'2015-11-11 09:33:26',NULL,'1234567899','18311286007','1447234406831','2015-11-11 09:33:26','inprogress',NULL,29,123,'offline',0,0,0),(79,'2015-11-11 09:37:13',NULL,'18910107363','18311286007','1447234633301',NULL,'unpaid',NULL,1,500,'',0,0,0),(80,'2015-11-12 14:43:51',NULL,'975461328','18311286007','1447339431833','2015-11-12 14:43:51','paid',NULL,30,3000,'offline',0,0,0),(81,'2015-11-12 14:46:56',NULL,'1234567899','18311286007','1447339616831','2015-11-12 14:46:56','inprogress',NULL,31,100,'offline',0,0,0),(82,'2015-11-13 07:28:22',NULL,'18910107363','18311286007','1447399702301',NULL,'unpaid',NULL,1,500,'',0,0,0),(83,'2015-11-16 16:43:17',NULL,'123652365','18311286007','1447692197834','2015-11-16 16:43:17','done',NULL,33,100,'offline',1,0,0),(84,'2015-11-19 02:52:22',NULL,'123454321','18311286007','1447901542835','2015-11-19 02:52:22','done',NULL,34,200,'offline',1,0,0),(85,'2015-11-20 05:53:01',NULL,'40012341234','18311286007','1447998781836','2015-11-20 05:53:01','paid',NULL,35,2500,'offline',1,0,0),(86,'2015-11-20 05:53:56',NULL,'8001234','18910107363','14479988363037','2015-11-20 05:53:56','paid',NULL,36,300,'offline',1,0,0),(87,'2015-11-23 07:39:24',NULL,'18181818181','18311286007','1448264364841','2015-11-23 07:39:24','paid',NULL,37,3000,'offline',1,0,0),(88,'2015-11-23 07:40:17',NULL,'010-89567491','18311111111','14482644173842','2015-11-23 07:40:17','paid',NULL,38,5000,'offline',1,0,0),(89,'2015-11-23 07:42:11',NULL,'183110909090','18311111111','14482645313843','2015-11-23 07:42:11','paid',NULL,39,2500,'offline',1,0,0),(90,'2015-11-24 06:13:56',NULL,'1222222222','18311286007','1448345636844','2015-11-24 06:13:56','paid',NULL,40,3000,'offline',1,0,0),(91,'2015-11-25 01:44:34','北京氧气健身工作室','123652365','18311286007','1448415874834','2015-11-25 01:44:34','done',NULL,41,3500,'offline',0,0,0),(92,'2015-11-25 01:45:45','北京氧气健身工作室','13381177599','18311286007','1448415945846','2015-11-25 01:45:45','paid',NULL,42,3000,'offline',1,0,0),(93,'2015-11-25 03:17:45','北京氧气健身工作室','13333332323','18311286007','1448421465847','2015-11-25 03:17:45','done',NULL,43,1000,'offline',1,0,0),(94,'2015-11-26 01:21:52','西山华府游泳健身会所','18612261069','royn','144850091271',NULL,'unpaid',NULL,1,500,'',0,0,0),(95,'2015-11-26 07:36:51','北京氧气健身工作室','18910197363','18311286007','1448523411850','2015-11-26 07:36:51','paid',NULL,44,4000,'offline',1,0,0),(96,'2015-11-26 08:48:53','Lee\'s Gym','18311281234','13811746955','14485277334951','2015-11-26 08:48:53','paid',NULL,45,3500,'offline',1,0,0),(97,'2015-11-26 08:55:05','Lee\'s Gym','1918191991','18311282828','14485281055253','2015-11-26 08:55:05','done',NULL,46,200,'offline',1,0,0),(98,'2015-11-27 02:58:45','北京氧气健身工作室','18910107363','18311286007','1448593125830','2015-11-27 02:58:45','done',NULL,47,100,'offline',1,0,0),(99,'2015-11-29 02:36:52','Lee\'s Gym','18910107363','13811746955','14487646124930','2015-11-29 02:36:52','done',NULL,48,200,'offline',1,0,0),(100,'2015-11-29 02:39:32','Lee\'s Gym','18910101','18311282828','14487647725255','2015-11-29 02:39:32','paid',NULL,49,500,'offline',1,0,0),(101,'2015-11-29 03:34:13','Lee\'s Gym','18910107363','13811746955','14487680534930','2015-11-29 03:34:13','paid',NULL,50,3000,'offline',0,0,0),(102,'2015-11-29 12:00:19','Lee\'s Gym','1391010737','13811746955','14487984194957','2015-11-29 12:00:19','paid',NULL,51,3500,'offline',1,0,0),(103,'2015-11-30 00:34:53','西山华府游泳健身会所','18612290728','royn','1448843693581',NULL,'unpaid',NULL,1,500,'',1,0,0),(104,'2015-12-01 03:13:14','北京氧气健身工作室','1338117755','1861229072','14489395944959','2015-12-01 03:13:14','paid',NULL,52,2000,'offline',1,0,0),(105,'2015-12-01 05:15:15','北京氧气健身工作室','13811193933','1861229072','14489469154960','2015-12-01 05:15:15','paid',NULL,53,3000,'offline',1,0,0),(106,'2015-12-01 05:17:57','北京氧气健身工作室','1355555555','13811746955','14489470774961','2015-12-01 05:17:57','paid',NULL,54,3000,'offline',1,0,0),(107,'2015-12-01 06:15:29','耀动','18612261069','18210231292','1448950529637','2015-12-01 06:15:29','paid',NULL,55,1,'offline',1,0,0),(108,'2015-12-01 06:26:12','耀动','18612261069','13681586987','1448951172627','2015-12-01 06:26:12','paid',NULL,56,1,'offline',1,0,0),(109,'2015-12-01 12:28:43','北京氧气健身工作室','12121123424','18311286007','14489729234964','2015-12-01 12:28:43','done',NULL,57,500,'offline',1,0,0),(110,'2015-12-02 04:52:35','北京氧气健身工作室','13112222334','18311286007','1449031955865','2015-12-02 04:52:35','paid',NULL,58,3000,'offline',1,0,0),(111,'2015-12-05 01:52:06','耀动','13466662196','18210231292','14492803266367','2015-12-05 01:52:06','paid',NULL,59,300,'offline',1,0,0),(112,'2015-12-05 01:54:38','耀动','1','18210231292','14492804786368','2015-12-05 01:54:38','paid',NULL,60,15000,'offline',1,0,0),(113,'2015-12-05 02:08:08','耀动','1','18210231292','14492812886368','2015-12-05 02:08:08','paid',NULL,61,15000,'offline',0,0,0),(114,'2015-12-05 04:11:39','耀动','13301371116','18600984682','14492886997071','2015-12-05 04:11:39','paid',NULL,62,17400,'offline',1,0,0),(115,'2015-12-05 04:18:42','耀动','18611648355','18600984682','14492891227072','2015-12-05 04:18:42','paid',NULL,63,5100,'offline',1,0,0),(116,'2015-12-14 08:26:15','北京氧气健身工作室','123456','1861229072','14500815757576','2015-12-14 08:26:15','paid',NULL,64,800,'offline',1,1,0),(117,'2015-12-14 12:29:35','HOT-fit','18005758345','13505758345','14500961757778','2015-12-14 12:29:35','paid',NULL,65,30000,'offline',1,0,0),(118,'2015-12-15 07:05:39','北京氧气健身工作室','1333313131313','18311286007','1450163139879','2015-12-15 07:05:39','paid',NULL,66,1000,'offline',1,0,0),(119,'2015-12-16 06:08:43','北京氧气健身工作室','1221224343','1861229072','1450246123880','2015-12-16 06:08:43','paid',NULL,67,3000,'offline',1,0,0),(120,'2015-12-18 05:44:38','北京氧气健身工作室','12212134341','1861229072','1450417478881','2015-12-18 05:44:38','paid',NULL,68,3000,'offline',1,0,0),(121,'2015-12-18 05:53:08','北京氧气健身工作室','15498546','18311286007','1450417988882','2015-12-18 05:53:08','paid',NULL,69,10,'offline',1,0,0),(122,'2015-12-19 05:34:18','北京氧气健身工作室','123','18311286007','1450503258889','2015-12-19 05:34:18','paid',NULL,70,0,'offline',1,0,0),(123,'2015-12-19 18:48:24','北京氧气健身工作室','1231238765','15810020288','1450550904890','2015-12-19 18:48:24','paid',NULL,71,100,'offline',1,0,0),(124,'2015-12-19 19:03:16','北京氧气健身工作室','123176345','18311286007','1450551796891','2015-12-19 19:03:16','done',NULL,72,200,'offline',1,3,0),(125,'2015-12-20 08:23:59','阳光游泳健身','15712896993','18331155935','14505998399293','2015-12-20 08:23:59','paid',NULL,73,12000,'offline',1,3,0),(126,'2015-12-20 10:00:58','北京氧气健身工作室','124556790','13811746955','14506056584994','2015-12-20 10:00:58','paid',NULL,74,0,'offline',1,1,0),(127,'2015-12-20 10:16:27','Bayamx主题健身工作室','13611059727','13601053511','14506065878383','2015-12-20 10:16:27','paid',NULL,75,0,'offline',1,1,0),(128,'2015-12-20 10:17:08','Bayamx主题健身工作室','1','18514569443','14506066288468','2015-12-20 10:17:08','paid',NULL,76,0,'offline',1,1,0),(129,'2015-12-20 10:17:29','Bayamx主题健身工作室','1','18511840588','14506066498568','2015-12-20 10:17:29','paid',NULL,77,0,'offline',1,1,0),(130,'2015-12-20 10:17:53','Bayamx主题健身工作室','1','18611126091','14506066738668','2015-12-20 10:17:53','paid',NULL,78,0,'offline',1,1,0),(131,'2015-12-20 10:18:17','Bayamx主题健身工作室','1','18329477103','14506066978768','2015-12-20 10:18:17','paid',NULL,79,0,'offline',1,1,0),(134,'2015-12-21 07:28:00','北京氧气健身工作室','12343532222','1861229072','1450682880896','2015-12-21 07:28:00','done',NULL,82,4000,'offline',1,6,0),(137,'2015-12-28 07:40:07','Bayamx主题健身工作室','13261788393','18674047199','145128840797100','2015-12-28 07:40:07','paid',NULL,85,10800,'offline',1,7,0),(138,'2015-12-29 07:16:41','Bayamx主题健身工作室','18611398286','18514569443','145137340184101','2015-12-29 07:16:41','paid',NULL,86,7200,'offline',1,2,0),(139,'2015-12-29 07:28:09','Bayamx主题健身工作室','15001231320','18514569443','145137408984102','2015-12-29 07:28:09','paid',NULL,87,2400,'offline',1,-1,0),(140,'2015-12-29 07:34:27','Bayamx主题健身工作室','15652332730','18514569443','145137446784103','2015-12-29 07:34:27','paid',NULL,88,6000,'offline',1,6,0),(141,'2015-12-29 07:43:40','Bayamx主题健身工作室','15201287626','18514569443','145137502084104','2015-12-29 07:43:40','paid',NULL,89,2400,'offline',1,-1,0),(142,'2015-12-29 07:47:26','Bayamx主题健身工作室','13810301822','18514569443','145137524684105','2015-12-29 07:47:26','paid',NULL,90,5000,'offline',1,4,0),(143,'2015-12-29 07:54:05','Bayamx主题健身工作室','13810920342','18514569443','145137564584106','2015-12-29 07:54:05','done',NULL,91,3000,'offline',1,0,0),(144,'2015-12-29 08:05:13','Bayamx主题健身工作室','13800000000','18514569443','145137631384107','2015-12-29 08:05:13','paid',NULL,92,4000,'offline',1,-1,0),(145,'2015-12-29 08:07:53','北京氧气健身工作室','18930281931','13811746955','145137647349108','2015-12-29 08:07:53','done',NULL,93,200,'offline',1,1,0),(146,'2015-12-29 08:08:44','北京氧气健身工作室','12893748592','13811746955','145137652449109','2015-12-29 08:08:44','paid',NULL,94,100,'offline',1,1,0),(147,'2015-12-29 08:19:24','Bayamx主题健身工作室','13502853280','18514569443','145137716484110','2015-12-29 08:19:24','done',NULL,95,6000,'offline',1,3,0),(148,'2015-12-29 08:27:22','Bayamx主题健身工作室','13911587666','18514569443','145137764284111','2015-12-29 08:27:22','paid',NULL,96,2400,'offline',1,-1,0),(149,'2015-12-29 08:32:09','Bayamx主题健身工作室','13269556108','18514569443','145137792984112','2015-12-29 08:32:09','paid',NULL,97,4500,'offline',1,4,0),(150,'2015-12-29 08:33:37','Bayamx主题健身工作室','18611630221','18514569443','145137801784113','2015-12-29 08:33:37','paid',NULL,98,4800,'offline',1,0,0),(151,'2015-12-29 08:41:49','Bayamx主题健身工作室','18210338561','18514569443','145137850984114','2015-12-29 08:41:49','paid',NULL,99,15200,'offline',1,7,0),(152,'2015-12-29 08:52:47','Bayamx主题健身工作室','18210338561','18514569443','145137916784114','2015-12-29 08:52:47','paid',NULL,100,4800,'offline',0,3,0),(153,'2015-12-29 08:54:49','Bayamx主题健身工作室','13311389366','18514569443','145137928984115','2015-12-29 08:54:49','paid',NULL,101,12000,'offline',1,2,0),(154,'2015-12-29 08:59:17','Bayamx主题健身工作室','18515587296','18514569443','145137955784116','2015-12-29 08:59:17','paid',NULL,102,4000,'offline',1,-1,0),(155,'2015-12-29 09:07:12','Bayamx主题健身工作室','13811868276','18514569443','145138003284117','2015-12-29 09:07:12','paid',NULL,103,14000,'offline',1,11,0),(156,'2015-12-29 09:08:54','Bayamx主题健身工作室','18911263975','18514569443','145138013484118','2015-12-29 09:08:54','paid',NULL,104,8400,'offline',1,3,0),(157,'2015-12-29 09:14:40','Bayamx主题健身工作室','13681106576','18514569443','145138048084119','2015-12-29 09:14:40','paid',NULL,105,8000,'offline',1,2,0),(158,'2015-12-29 09:20:47','Bayamx主题健身工作室','18210201096','18514569443','145138084784120','2015-12-29 09:20:47','paid',NULL,106,14000,'offline',1,8,0),(159,'2015-12-29 09:28:03','Bayamx主题健身工作室','13795381237','18514569443','145138128384121','2015-12-29 09:28:03','paid',NULL,107,8100,'offline',1,3,0),(160,'2015-12-29 09:32:33','Bayamx主题健身工作室','13911235013','18514569443','145138155384122','2015-12-29 09:32:33','paid',NULL,108,12000,'offline',1,1,0),(161,'2015-12-29 09:37:55','Bayamx主题健身工作室','13501099802','18514569443','145138187584123','2015-12-29 09:37:55','paid',NULL,109,12000,'offline',1,3,0),(162,'2015-12-29 09:42:24','Bayamx主题健身工作室','13XXXXXXXXX','18514569443','145138214484124','2015-12-29 09:42:24','paid',NULL,110,6000,'offline',1,1,0),(163,'2015-12-29 09:45:06','Bayamx主题健身工作室','13644532768','18514569443','145138230684125','2015-12-29 09:45:06','paid',NULL,111,4500,'offline',1,-2,0),(164,'2015-12-29 09:49:02','Bayamx主题健身工作室','13681190716','18514569443','145138254284126','2015-12-29 09:49:02','paid',NULL,112,14400,'offline',1,1,0),(165,'2015-12-29 09:52:27','Bayamx主题健身工作室','13911729352','18514569443','145138274784127','2015-12-29 09:52:27','paid',NULL,113,6000,'offline',1,4,0),(166,'2015-12-30 02:37:26','Bayamx主题健身工作室','13810324303','18611126091','145144304686128','2015-12-30 02:37:26','paid',NULL,114,6000,'offline',1,1,0),(167,'2015-12-30 02:44:37','Bayamx主题健身工作室','15652919856','18611126091','145144347786129','2015-12-30 02:44:37','done',NULL,115,3200,'offline',1,-1,0),(168,'2015-12-30 02:50:02','Bayamx主题健身工作室','13810250359','18611126091','145144380286130','2015-12-30 02:50:02','paid',NULL,116,4800,'offline',1,1,0),(169,'2015-12-30 02:55:07','Bayamx主题健身工作室','15321799278','18611126091','145144410786131','2015-12-30 02:55:07','paid',NULL,117,7200,'offline',1,3,0),(170,'2015-12-30 02:58:27','Bayamx主题健身工作室','18600986977','18611126091','145144430786132','2015-12-30 02:58:27','paid',NULL,118,3000,'offline',1,1,0),(171,'2015-12-30 03:04:23','Bayamx主题健身工作室','13601050876','18611126091','145144466386133','2015-12-30 03:04:23','paid',NULL,119,2400,'offline',1,0,0),(172,'2015-12-30 03:07:02','Bayamx主题健身工作室','13910287235','18611126091','145144482286134','2015-12-30 03:07:02','paid',NULL,120,200,'offline',1,0,0),(173,'2015-12-30 03:12:23','Bayamx主题健身工作室','13701211378','18611126091','145144514386135','2015-12-30 03:12:23','done',NULL,121,8000,'offline',1,3,0),(174,'2015-12-30 03:22:05','Bayamx主题健身工作室','13701211378','18611126091','145144572586135','2015-12-30 03:22:05','paid',NULL,122,4800,'offline',0,4,0),(175,'2015-12-30 03:24:38','Bayamx主题健身工作室','15810251744','18611126091','145144587886136','2015-12-30 03:24:38','paid',NULL,123,6000,'offline',1,3,0),(176,'2015-12-30 03:36:05','Bayamx主题健身工作室','18001272090','18611126091','145144656586137','2015-12-30 03:36:05','paid',NULL,124,6000,'offline',1,3,0),(177,'2015-12-30 03:41:54','Bayamx主题健身工作室','13810919128','18611126091','145144691486138','2015-12-30 03:41:54','paid',NULL,125,7200,'offline',1,4,0),(178,'2015-12-30 03:48:52','Bayamx主题健身工作室','18311067005','18611126091','145144733286139','2015-12-30 03:48:52','paid',NULL,126,7200,'offline',1,6,0),(179,'2015-12-30 03:57:04','Bayamx主题健身工作室','18500050969','18611126091','145144782486140','2015-12-30 03:57:04','paid',NULL,127,7200,'offline',1,4,0),(180,'2015-12-30 04:02:46','Bayamx主题健身工作室','13911727727','18611126091','145144816686141','2015-12-30 04:02:46','paid',NULL,128,5400,'offline',1,1,0),(181,'2015-12-30 04:06:23','Bayamx主题健身工作室','13488727347','18611126091','145144838386142','2015-12-30 04:06:23','paid',NULL,129,4050,'offline',1,0,0),(182,'2015-12-30 04:09:44','Bayamx主题健身工作室','18686902888','18611126091','145144858486143','2015-12-30 04:09:44','done',NULL,130,10080,'offline',1,4,0),(183,'2015-12-30 04:23:47','Bayamx主题健身工作室','18686902888','18611126091','145144942786143','2015-12-30 04:23:47','paid',NULL,131,10000,'offline',0,5,0),(184,'2015-12-30 04:26:34','Bayamx主题健身工作室','13311336917','18611126091','145144959486144','2015-12-30 04:26:34','paid',NULL,132,7200,'offline',1,2,0),(185,'2015-12-30 04:35:24','Bayamx主题健身工作室','13810337121','18611126091','145145012486145','2015-12-30 04:35:24','done',NULL,133,7200,'offline',1,0,0),(186,'2015-12-30 04:42:01','Bayamx主题健身工作室','18970693710','18611126091','145145052186146','2015-12-30 04:42:01','paid',NULL,134,9600,'offline',1,3,0),(187,'2015-12-30 04:46:21','Bayamx主题健身工作室','15652694148','18611126091','145145078186147','2015-12-30 04:46:21','paid',NULL,135,16000,'offline',1,9,0),(188,'2015-12-30 05:10:36','Bayamx主题健身工作室','18810312458','18611126091','145145223686148','2015-12-30 05:10:36','done',NULL,136,6000,'offline',1,3,0),(189,'2015-12-30 05:15:56','Bayamx主题健身工作室','18510869779','18611126091','145145255686149','2015-12-30 05:15:56','paid',NULL,137,4000,'offline',1,-1,0),(190,'2015-12-30 05:19:05','Bayamx主题健身工作室','15210600267','18611126091','145145274586150','2015-12-30 05:19:05','done',NULL,138,8100,'offline',1,6,0),(191,'2015-12-30 05:27:33','Bayamx主题健身工作室','13810278256','18674047199','14514532539799','2015-12-30 05:27:33','paid',NULL,139,10000,'offline',1,12,0),(192,'2015-12-30 05:30:18','Bayamx主题健身工作室','15837151669','18674047199','145145341897151','2015-12-30 05:30:18','paid',NULL,140,3200,'offline',1,3,0),(193,'2015-12-30 05:33:24','Bayamx主题健身工作室','13693610978','18674047199','145145360497152','2015-12-30 05:33:24','paid',NULL,141,6000,'offline',1,7,0),(194,'2015-12-30 05:35:33','Bayamx主题健身工作室','13910156220','18674047199','145145373397153','2015-12-30 05:35:33','paid',NULL,142,12000,'offline',1,12,0),(195,'2015-12-30 05:39:30','Bayamx主题健身工作室','13910156220','18674047199','145145397097153','2015-12-30 05:39:30','inprogress',NULL,143,8000,'offline',0,1,0),(196,'2015-12-30 05:55:17','Bayamx主题健身工作室','15810500127','13701263248','145145491783154','2015-12-30 05:55:17','paid',NULL,144,6000,'offline',1,6,0),(197,'2015-12-30 05:59:44','Bayamx主题健身工作室','18611185168','18329477103','145145518483155','2015-12-30 05:59:44','paid',NULL,145,2000,'offline',1,2,0),(198,'2015-12-30 06:00:56','Bayamx主题健身工作室','13683183648','13701263248','145145525683156','2015-12-30 06:00:56','paid',NULL,146,4000,'offline',1,4,0),(199,'2015-12-30 06:03:07','Bayamx主题健身工作室','18611073596','15101047247','145145538783157','2015-12-30 06:03:07','paid',NULL,147,3000,'offline',1,2,0),(200,'2015-12-30 06:05:50','Bayamx主题健身工作室','15011487287','18329477103','145145555083158','2015-12-30 06:05:50','paid',NULL,148,3000,'offline',1,3,0),(201,'2015-12-30 06:08:32','Bayamx主题健身工作室','13426472941','18329477103','145145571283159','2015-12-30 06:08:32','paid',NULL,149,3000,'offline',1,3,0),(202,'2015-12-30 06:09:41','Bayamx主题健身工作室','15810952076','13701263248','145145578183160','2015-12-30 06:09:41','paid',NULL,150,3000,'offline',1,3,0),(203,'2015-12-30 06:12:06','Bayamx主题健身工作室','15001122309','18611126091','145145592683161','2015-12-30 06:12:06','paid',NULL,151,10000,'offline',1,12,0),(204,'2015-12-30 06:15:01','Bayamx主题健身工作室','13581844216','18674047199','145145610183162','2015-12-30 06:15:01','paid',NULL,152,12000,'offline',1,11,0),(205,'2015-12-30 06:16:36','Bayamx主题健身工作室','13581844216','13601053511','145145619683162','2015-12-30 06:16:36','done',NULL,153,3000,'offline',0,0,0),(206,'2015-12-30 06:23:28','Bayamx主题健身工作室','13513435520','18674047199','145145660883163','2015-12-30 06:23:28','paid',NULL,154,3000,'offline',1,2,0),(207,'2015-12-30 06:28:20','Bayamx主题健身工作室','13581896472','18674047199','145145690083164','2015-12-30 06:28:20','paid',NULL,155,8320,'offline',1,4,0),(208,'2015-12-30 06:35:31','Bayamx主题健身工作室','13693156516','18674047199','145145733183165','2015-12-30 06:35:31','paid',NULL,156,4600,'offline',1,3,0),(209,'2015-12-30 06:38:55','Bayamx主题健身工作室','13901368839','13701263248','145145753583166','2015-12-30 06:38:55','paid',NULL,157,3000,'offline',1,3,0),(210,'2015-12-30 06:42:13','Bayamx主题健身工作室','15701571459','13601053511','145145773383167','2015-12-30 06:42:13','done',NULL,158,8100,'offline',1,4,0),(211,'2015-12-30 06:52:09','Bayamx主题健身工作室','15701571459','18611126091','145145832983167','2015-12-30 06:52:09','paid',NULL,159,6000,'offline',0,6,0),(212,'2015-12-30 06:54:41','Bayamx主题健身工作室','15227780599','13601053511','145145848183168','2015-12-30 06:54:41','paid',NULL,160,4000,'offline',1,1,0),(213,'2015-12-30 06:58:12','Bayamx主题健身工作室','13810371464','18329477103','145145869287169','2015-12-30 06:58:12','paid',NULL,161,20000,'offline',1,2,0),(214,'2015-12-30 07:05:43','Bayamx主题健身工作室','13511079560','18329477103','145145914387170','2015-12-30 07:05:43','done',NULL,162,3000,'offline',1,2,0),(215,'2015-12-30 07:13:15','Bayamx主题健身工作室','13511079560','18329477103','145145959583170','2015-12-30 07:13:15','paid',NULL,163,3000,'offline',1,2,0),(216,'2015-12-30 07:18:18','Bayamx主题健身工作室','15801314360','18329477103','145145989887171','2015-12-30 07:18:18','done',NULL,164,3600,'offline',1,2,0),(217,'2015-12-30 07:24:27','Bayamx主题健身工作室','18810408940','18329477103','145146026787172','2015-12-30 07:24:27','paid',NULL,165,21000,'offline',1,12,0),(218,'2015-12-30 07:41:18','Bayamx主题健身工作室','18601005396','18329477103','145146127887173','2015-12-30 07:41:18','paid',NULL,166,10800,'offline',1,9,0),(219,'2015-12-30 07:44:45','Bayamx主题健身工作室','18810593259','18329477103','145146148587174','2015-12-30 07:44:45','paid',NULL,167,8100,'offline',1,9,0),(220,'2015-12-30 07:55:57','Bayamx主题健身工作室','13810214726','18329477103','145146215787175','2015-12-30 07:55:57','paid',NULL,168,6300,'offline',1,5,0),(221,'2015-12-30 07:58:28','Bayamx主题健身工作室','13810214726','18329477103','145146230887175','2015-12-30 07:58:28','done',NULL,169,10500,'offline',0,-3,0),(222,'2015-12-30 08:12:22','Bayamx主题健身工作室','18611517997','18329477103','145146314287176','2015-12-30 08:12:22','paid',NULL,170,7200,'offline',1,4,0),(223,'2015-12-30 08:20:38','Bayamx主题健身工作室','18701160107','18329477103','145146363887177','2015-12-30 08:20:38','paid',NULL,171,10800,'offline',1,8,0),(224,'2015-12-30 08:26:51','Bayamx主题健身工作室','18701160107','18329477103','145146401187177','2015-12-30 08:26:51','paid',NULL,172,260,'offline',0,10,0),(225,'2015-12-30 08:32:36','Bayamx主题健身工作室','15210860757','18329477103','145146435687178','2015-12-30 08:32:36','paid',NULL,173,12000,'offline',1,9,0),(226,'2015-12-30 08:42:21','Bayamx主题健身工作室','15210860757','18329477103','145146494187178','2015-12-30 08:42:21','paid',NULL,174,10500,'offline',0,10,0),(227,'2015-12-31 02:35:06','Bayamx主题健身工作室','13901236091','13701263248','145152930688179','2015-12-31 02:35:06','done',NULL,175,4000,'offline',1,7,0),(228,'2015-12-31 02:58:23','Bayamx主题健身工作室','13811652439','13701263248','145153070388180','2015-12-31 02:58:23','paid',NULL,176,4000,'offline',1,4,0),(229,'2015-12-31 02:59:08','Bayamx主题健身工作室','13811652439','13701263248','145153074888180','2015-12-31 02:59:08','done',NULL,177,6000,'offline',0,3,0),(230,'2015-12-31 03:07:48','Bayamx主题健身工作室','13701056320','13701263248','145153126888181','2015-12-31 03:07:48','paid',NULL,178,14000,'offline',1,15,0),(231,'2015-12-31 03:17:00','Bayamx主题健身工作室','18501125214','13701263248','145153182088182','2015-12-31 03:17:00','done',NULL,179,3000,'offline',1,0,0),(232,'2015-12-31 03:21:00','Bayamx主题健身工作室','18501125214','13701263248','145153206088182','2015-12-31 03:21:00','done',NULL,180,2400,'offline',0,-1,0),(233,'2015-12-31 03:24:37','Bayamx主题健身工作室','15910907433','13701263248','145153227788183','2015-12-31 03:24:37','paid',NULL,181,10000,'offline',1,7,0),(234,'2015-12-31 03:28:22','Bayamx主题健身工作室','15810269038','13701263248','145153250288184','2015-12-31 03:28:22','paid',NULL,182,4800,'offline',1,3,0),(235,'2015-12-31 03:34:21','Bayamx主题健身工作室','15810269038','13701263248','145153286188184','2015-12-31 03:34:21','done',NULL,183,2400,'offline',0,0,0),(236,'2015-12-31 03:39:00','Bayamx主题健身工作室','18610276646','13701263248','145153314088185','2015-12-31 03:39:00','paid',NULL,184,10000,'offline',1,8,0),(237,'2015-12-31 03:41:19','Bayamx主题健身工作室','13501103027','13701263248','145153327988186','2015-12-31 03:41:19','paid',NULL,185,7200,'offline',1,-1,0),(238,'2015-12-31 03:43:42','Bayamx主题健身工作室','13910051944','13701263248','145153342288187','2015-12-31 03:43:42','paid',NULL,186,10000,'offline',1,3,0),(239,'2015-12-31 03:47:51','Bayamx主题健身工作室','13401174236','13701263248','145153367188188','2015-12-31 03:47:51','paid',NULL,187,7200,'offline',1,5,0),(240,'2015-12-31 03:51:46','Bayamx主题健身工作室','18600021710','13701263248','145153390688189','2015-12-31 03:51:46','paid',NULL,188,3000,'offline',1,1,0),(241,'2015-12-31 04:04:39','Bayamx主题健身工作室','13801335409','13701263248','145153467988191','2015-12-31 04:04:39','paid',NULL,189,3000,'offline',1,0,0),(242,'2015-12-31 04:12:30','Bayamx主题健身工作室','18514689881','13701263248','145153515088192','2015-12-31 04:12:30','paid',NULL,190,12000,'offline',1,10,0),(243,'2015-12-31 04:21:48','Bayamx主题健身工作室','18514689881','13701263248','145153570888192','2015-12-31 04:21:48','done',NULL,191,7200,'offline',0,4,0),(244,'2015-12-31 04:31:44','Bayamx主题健身工作室','13426108197','13701263248','145153630488193','2015-12-31 04:31:44','paid',NULL,192,7200,'offline',1,6,0),(245,'2015-12-31 04:42:28','Bayamx主题健身工作室','13901212421','13701263248','145153694888194','2015-12-31 04:42:28','paid',NULL,193,16800,'offline',1,10,0),(246,'2015-12-31 04:49:24','Bayamx主题健身工作室','13810075901','13701263248','145153736488195','2015-12-31 04:49:24','paid',NULL,194,12000,'offline',1,10,0),(247,'2015-12-31 04:58:50','Bayamx主题健身工作室','18910688368','13701263248','145153793088196','2015-12-31 04:58:50','paid',NULL,195,6240,'offline',1,0,0),(248,'2015-12-31 05:07:33','Bayamx主题健身工作室','18610532887','13701263248','145153845388197','2015-12-31 05:07:33','paid',NULL,196,8100,'offline',1,0,0),(249,'2015-12-31 05:21:07','Bayamx主题健身工作室','18910946715','18514569443','145153926788198','2015-12-31 05:21:07','paid',NULL,197,21000,'offline',1,9,0),(250,'2015-12-31 05:25:00','Bayamx主题健身工作室','15011016835','13701263248','145153950088199','2015-12-31 05:25:00','paid',NULL,198,2000,'offline',1,-1,0),(251,'2015-12-31 05:26:38','Bayamx主题健身工作室','15001222998','13701263248','145153959888200','2015-12-31 05:26:38','paid',NULL,199,3600,'offline',1,-2,0),(252,'2015-12-31 05:30:05','Bayamx主题健身工作室','15001300669','15101047247','145153980588201','2015-12-31 05:30:05','paid',NULL,200,2400,'offline',1,6,0),(253,'2015-12-31 05:33:37','Bayamx主题健身工作室','15110216199','18674047199','145154001783202','2015-12-31 05:33:37','paid',NULL,201,10000,'offline',1,10,0),(254,'2015-12-31 05:39:37','Bayamx主题健身工作室','13552423914','18674047199','145154037783203','2015-12-31 05:39:37','paid',NULL,202,10800,'offline',1,3,0),(255,'2015-12-31 05:45:08','Bayamx主题健身工作室','18500031835','13601053511','145154070883204','2015-12-31 05:45:08','paid',NULL,203,6000,'offline',1,2,0),(256,'2015-12-31 05:50:45','Bayamx主题健身工作室','13901395616','13601053511','145154104583205','2015-12-31 05:50:45','paid',NULL,204,4800,'offline',1,3,0),(257,'2015-12-31 05:55:30','Bayamx主题健身工作室','18811193273','13601053511','145154133083206','2015-12-31 05:55:30','paid',NULL,205,200,'offline',1,1,0),(258,'2015-12-31 05:56:56','Bayamx主题健身工作室','13910004774','13601053511','145154141683207','2015-12-31 05:56:56','paid',NULL,206,5000,'offline',1,1,0),(259,'2015-12-31 06:02:12','Bayamx主题健身工作室','15910958180','13601053511','145154173283208','2015-12-31 06:02:12','paid',NULL,207,2600,'offline',1,1,0),(260,'2015-12-31 06:06:14','Bayamx主题健身工作室','13810525668','15101047247','1451541974190209','2015-12-31 06:06:14','paid',NULL,208,14000,'offline',1,7,0),(261,'2015-12-31 06:12:28','Bayamx主题健身工作室','15110216200','15101047247','1451542348190210','2015-12-31 06:12:28','paid',NULL,209,10000,'offline',1,10,0),(262,'2015-12-31 06:15:44','Bayamx主题健身工作室','15878222177','15101047247','1451542544190211','2015-12-31 06:15:44','paid',NULL,210,3000,'offline',1,3,0),(263,'2015-12-31 06:19:16','Bayamx主题健身工作室','13811069006','15101047247','1451542756190212','2015-12-31 06:19:16','paid',NULL,211,9600,'offline',1,5,0),(264,'2015-12-31 06:25:04','Bayamx主题健身工作室','13601051006','13701263248','1451543104190213','2015-12-31 06:25:04','paid',NULL,212,6000,'offline',1,6,0),(265,'2015-12-31 06:27:45','北京氧气健身工作室','18678945676','13811746955','145154326549214','2015-12-31 06:27:45','paid',NULL,213,1,'offline',1,1,0),(266,'2015-12-31 06:29:34','北京氧气健身工作室','56776588899','13811746955','145154337449215','2015-12-31 06:29:34','paid',NULL,214,1,'offline',1,1,0),(267,'2015-12-31 06:31:17','北京氧气健身工作室','10101010101','13811746955','145154347749216','2015-12-31 06:31:17','inprogress',NULL,215,1,'offline',1,1,0),(268,'2015-12-31 06:34:53','北京氧气健身工作室','09090909099','13811746955','145154369349217','2015-12-31 06:34:53','paid',NULL,216,1,'offline',1,1,0),(269,'2015-12-31 06:35:28','北京氧气健身工作室','08080808080','13811746955','145154372849218','2015-12-31 06:35:28','inprogress',NULL,217,1,'offline',1,1,0),(270,'2015-12-31 06:39:58','Bayamx主题健身工作室','18600430416','18514569443','145154399884219','2015-12-31 06:39:58','paid',NULL,218,6000,'offline',1,4,0),(271,'2015-12-31 06:41:16','Bayamx主题健身工作室','15011475256','15101047247','1451544076190220','2015-12-31 06:41:16','paid',NULL,219,6000,'offline',1,4,0),(272,'2015-12-31 06:48:25','Bayamx主题健身工作室','18210292752','15101047247','1451544505190221','2015-12-31 06:48:25','paid',NULL,220,4800,'offline',1,1,0),(273,'2015-12-31 06:51:21','Bayamx主题健身工作室','13581882043','15101047247','1451544681190222','2015-12-31 06:51:21','paid',NULL,221,3000,'offline',1,3,0),(274,'2015-12-31 06:56:54','Bayamx主题健身工作室','13520113232','15101047247','145154501483223','2015-12-31 06:56:54','done',NULL,222,10000,'offline',1,1,0),(275,'2015-12-31 07:07:06','Bayamx主题健身工作室','18911315281','15101047247','145154562683224','2015-12-31 07:07:06','paid',NULL,223,10000,'offline',1,10,0),(276,'2015-12-31 07:19:00','Bayamx主题健身工作室','18510393132','15101047247','145154634083225','2015-12-31 07:19:00','paid',NULL,224,28000,'offline',1,24,0),(277,'2015-12-31 07:26:50','Bayamx主题健身工作室','13911211917','15101047247','145154681083226','2015-12-31 07:26:50','paid',NULL,225,9600,'offline',1,5,0),(278,'2015-12-31 07:34:03','Bayamx主题健身工作室','13811420152','18329477103','145154724387227','2015-12-31 07:34:03','paid',NULL,226,5000,'offline',1,2,0),(279,'2015-12-31 07:36:45','Bayamx主题健身工作室','13401174236','18329477103','145154740587188','2015-12-31 07:36:45','paid',NULL,227,6480,'offline',1,2,0),(280,'2015-12-31 07:43:44','Bayamx主题健身工作室','13466690627','18329477103','145154782483228','2015-12-31 07:43:44','paid',NULL,228,6000,'offline',1,6,0),(281,'2015-12-31 07:45:56','Bayamx主题健身工作室','13301204229','13601053511','145154795683229','2015-12-31 07:45:56','paid',NULL,229,1000,'offline',1,0,0),(282,'2015-12-31 07:48:01','Bayamx主题健身工作室','18522039805','13601053511','145154808183230','2015-12-31 07:48:01','paid',NULL,230,8100,'offline',1,2,0),(283,'2015-12-31 07:52:25','Bayamx主题健身工作室','18618261875','18329477103','145154834583231','2015-12-31 07:52:25','paid',NULL,231,2000,'offline',1,2,0),(284,'2015-12-31 08:33:13','Bayamx主题健身工作室','13901055565','18329477103','145155079383232','2015-12-31 08:33:13','done',NULL,232,2000,'offline',1,1,0),(285,'2015-12-31 08:36:41','Bayamx主题健身工作室','13901055565','18329477103','145155100187232','2015-12-31 08:36:41','paid',NULL,233,4000,'offline',1,3,0),(286,'2016-01-04 06:21:08','Bayamx主题健身工作室','18601112232','18611126091','145188846886235','2016-01-04 06:21:08','paid',NULL,234,14000,'offline',1,12,0),(287,'2016-01-04 06:22:28','北京氧气健身工作室','11123234405','13811746955','145188854849236','2016-01-04 06:22:28','done',NULL,235,100,'offline',1,1,0),(288,'2015-09-04 08:08:54','Bayamx主题健身工作室','13901387601','18201212718','1451894934190238','2015-09-04 08:08:54','paid',NULL,236,3000,'offline',1,3,0),(290,'2015-12-04 14:09:38','Bayamx主题健身工作室','18710338561','18514569443','145200297884241','2015-12-04 14:09:38','paid',NULL,238,4800,'offline',1,4,0),(291,'2016-01-06 12:35:42','Bayamx主题健身工作室','13810920342','18514569443','145208374284106','2016-01-06 12:35:42','paid',NULL,239,1500,'offline',0,2,0),(292,'2016-01-07 12:12:56','Bayamx主题健身工作室','13311336917','18611126091','145216877686144','2016-01-07 12:12:56','paid',NULL,240,10000,'offline',0,12,0),(293,'2016-01-08 04:22:58','Bayamx主题健身工作室','13810972034','13701263248','145222697888242','2016-01-08 04:22:58','done',NULL,241,150,'offline',1,2,0),(294,'2016-01-08 06:43:41','Bayamx主题健身工作室','18611901328','18611126091','145223542186243','2016-01-08 06:43:41','paid',NULL,242,14000,'offline',1,12,0),(295,'2016-01-08 06:44:34','Bayamx主题健身工作室','13911004135','18674047199','145223547497244','2016-01-08 06:44:34','paid',NULL,243,14000,'offline',1,12,0),(296,'2016-01-09 06:37:47','Bayamx主题健身工作室','15901551673','18611126091','145232146786245','2016-01-09 06:37:47','paid',NULL,244,9000,'offline',1,9,0),(297,'2016-01-09 11:11:15','Bayamx主题健身工作室','13436521621','18514569443','145233787584246','2016-01-09 11:11:15','paid',NULL,245,10800,'offline',1,8,0),(298,'2016-01-09 16:37:58','北京氧气健身工作室','13878965764','18311286007','14523574788247','2016-01-09 16:37:58','paid',NULL,246,1,'offline',1,12,0),(299,'2016-01-09 16:40:51','北京氧气健身工作室','12332147655','18311286007','14523576518248','2016-01-09 16:40:51','inprogress',NULL,247,1,'offline',1,1,0),(300,'2016-01-10 01:04:58','北京氧气健身工作室','1891010xxxx','13811746955','145238789849249','2016-01-10 01:04:58','inprogress',NULL,248,260,'offline',1,1,0),(301,'2016-01-12 06:35:19','北京氧气健身工作室','13939000000','15810020288','14525805198250','2016-01-12 06:35:19','paid',NULL,249,15000,'offline',1,9,0),(302,'2016-01-12 10:24:20','Bayamx主题健身工作室','13811168294','18674047199','145259426097251','2016-01-12 10:24:20','paid',NULL,250,5400,'offline',1,3,0),(303,'2016-01-13 03:30:05','北京氧气健身工作室','11111111111','18311286007','14526558058252','2016-01-13 03:30:05','done',NULL,251,100,'offline',1,0,25),(304,'2016-01-13 06:18:58','北京氧气健身工作室','15810020988','13811746955','14526659388253','2016-01-13 06:18:58','paid',NULL,252,6000,'offline',1,8,0),(305,'2016-01-13 11:01:47','Bayamx主题健身工作室','15210600267','18611126091','145268290786150','2016-01-13 11:01:47','paid',NULL,253,8100,'offline',0,12,0),(306,'2016-01-15 03:27:33','Bayamx主题健身工作室','13436399179','13701263248','145282845387256','2016-01-15 03:27:33','paid',NULL,254,8400,'offline',1,12,0),(307,'2016-01-16 16:27:19','北京氧气健身工作室','09898089871','1861229072','145296163975257','2016-01-16 16:27:19','done',NULL,255,150,'offline',1,0,50),(308,'2016-01-17 12:21:03','Bayamx主题健身工作室','18518611019','13701263248','145303326388258','2016-01-17 12:21:03','paid',NULL,256,6000,'offline',1,4,0),(309,'2016-01-18 02:15:49','Bayamx主题健身工作室','18911089619','18514569443','145308334984259','2016-01-18 02:15:49','paid',NULL,257,10800,'offline',1,10,0),(312,'2016-01-21 16:29:51','北京氧气健身工作室','13929100000','18311286007','14533937918260','2016-01-21 16:29:51','paid',NULL,260,3000,'offline',1,3,0),(313,'2016-01-21 16:46:10','北京氧气健身工作室','10285628492','18311286007','14533947708261','2016-01-21 16:46:10','paid',NULL,261,5000,'offline',1,5,0),(314,'2016-01-22 07:55:29','北京氧气健身工作室','15810020266','18311286007','1453449329263264','2016-01-22 07:55:29','paid',NULL,262,9000,'offline',1,8,0),(315,'2016-01-22 08:45:31','北京氧气健身工作室','12345678923','15810020288','1453452331263265','2016-01-22 08:45:31','paid',NULL,263,15000,'offline',1,12,0),(316,'2016-01-28 03:55:30','Bayamx主题健身工作室','13910656277','18514569443','145395333084266','2016-01-28 03:55:30','inprogress',NULL,264,200,'offline',1,1,0),(317,'2016-02-02 07:44:41','北京氧气健身工作室','12947584920','18311286007','14543990818268','2016-02-02 07:44:41','paid',NULL,265,100,'offline',1,1,0),(318,'2016-02-14 11:50:39','Bayamx主题健身工作室','13811924113','18611126091','145545063986270','2016-02-14 11:50:39','paid',NULL,266,9600,'offline',1,7,0),(319,'2016-02-15 12:54:41','Bayamx主题健身工作室','13520113232','15101047247','1455540881190223','2016-02-15 12:54:41','paid',NULL,267,10000,'offline',0,12,0),(320,'2016-02-15 13:15:17','北京氧气健身工作室','15201441199','18311286007','14555421178271','2016-02-15 13:15:17','paid',NULL,268,3000,'offline',1,2,0),(321,'2016-02-15 13:22:53','北京氧气健身工作室','13111111111','18311286007','14555425738272','2016-02-15 13:22:53','paid',NULL,269,30,'offline',1,1,0),(322,'2016-02-15 13:26:18','北京氧气健身工作室','13421316153','18311286007','14555427788273','2016-02-15 13:26:18','paid',NULL,270,300,'offline',1,1,0),(323,'2016-02-15 13:27:33','北京氧气健身工作室','45688266111','18311286007','14555428538274','2016-02-15 13:27:33','inprogress',NULL,271,600,'offline',1,1,0),(324,'2016-02-16 15:16:49','Bayamx主题健身工作室','13381068559','18611126091','145563580984275','2016-02-16 15:16:49','paid',NULL,272,14000,'offline',1,12,0),(325,'2016-02-16 15:18:03','Bayamx主题健身工作室','13810511272','18611126091','145563588386276','2016-02-16 15:18:03','paid',NULL,273,10800,'offline',1,7,0),(326,'2016-02-16 15:18:58','Bayamx主题健身工作室','13811924113','18611126091','145563593886270','2016-02-16 15:18:58','paid',NULL,274,9600,'offline',0,7,0),(327,'2016-02-20 08:31:26','Bayamx主题健身工作室','18810807598','18611126091','145595708686277','2016-02-20 08:31:26','paid',NULL,275,5400,'offline',1,3,0),(328,'2016-02-20 09:07:08','Bayamx主题健身工作室','13122265887','18329477103','145595922887278','2016-02-20 09:07:08','paid',NULL,276,5400,'offline',1,4,0),(329,'2016-02-23 14:15:50','Bayamx主题健身工作室','15201216225','13701263248','145623695088279','2016-02-23 14:15:50','paid',NULL,277,14000,'offline',1,12,0),(330,'2016-02-24 06:23:17','Bayamx主题健身工作室','13426209686','18329477103','145629499787280','2016-02-24 06:23:17','paid',NULL,278,6000,'offline',1,4,0),(332,'2016-02-24 11:28:03','氧健身','13601053511','18201212718','1456313283281233','2016-02-24 11:28:03','paid',NULL,280,3000,'offline',1,3,0),(333,'2016-02-24 12:14:09','氧健身','18600558837','18201212718','1456316049281282','2016-02-24 12:14:09','paid',NULL,281,2000,'offline',1,2,0),(335,'2016-02-25 06:58:59','Bayamx主题健身工作室','88312286007','18514569443','145638353984283','2016-02-25 06:58:59','paid',NULL,283,0,'offline',1,0,0);
/*!40000 ALTER TABLE `order_order` ENABLE KEYS */;
UNLOCK TABLES;

--
-- Table structure for table `order_product`
--

DROP TABLE IF EXISTS `order_product`;
/*!40101 SET @saved_cs_client     = @@character_set_client */;
/*!40101 SET character_set_client = utf8 */;
CREATE TABLE `order_product` (
  `id` int(11) NOT NULL AUTO_INCREMENT,
  `coach_id` varchar(64) DEFAULT NULL,
  `pic` varchar(256) NOT NULL,
  `introduction` longtext NOT NULL,
  `amount` int(11) NOT NULL,
  `price` int(11) NOT NULL,
  `promotion` int(11) NOT NULL,
  `product_type` int(11) NOT NULL COMMENT '1表示隐藏',
  PRIMARY KEY (`id`),
  KEY `order_product_coach_id_127ed22bb9b06814_fk_usr_user_name` (`coach_id`),
  CONSTRAINT `order_product_coach_id_127ed22bb9b06814_fk_usr_user_name` FOREIGN KEY (`coach_id`) REFERENCES `usr_user` (`name`)
) ENGINE=InnoDB AUTO_INCREMENT=284 DEFAULT CHARSET=utf8;
/*!40101 SET character_set_client = @saved_cs_client */;

--
-- Dumping data for table `order_product`
--

LOCK TABLES `order_product` WRITE;
/*!40000 ALTER TABLE `order_product` DISABLE KEYS */;
INSERT INTO `order_product` VALUES (1,'18311286007','','3节体验课',3,500,200,0),(2,'royn','','10节优惠装',10,2000,1800,0),(3,'18311286007','','极速燃脂',10,2500,2000,0),(4,'18311286007','','介绍',10,1000,800,1),(5,'18311286007','','介绍',10,1000,800,1),(6,'18311286007','','介绍',10,1000,800,1),(7,'18311286007','','介绍',10,1000,800,1),(8,'18311286007','','介绍',10,1000,800,1),(9,'18311286007','','介绍',10,1000,800,1),(10,'18311286007','','没啥',10,1000,1000,1),(11,'18311286007','','多哈吧',3,1000,1000,1),(12,'18311286007','','',2,22,22,1),(13,'18311286007','','snbc',10,2000,2000,1),(14,'18311286007','','BJHong',10,100,100,1),(15,'18311286007','','cbb ',10,1000,1000,1),(16,'18311286007','','agdj ',10,10,10,1),(17,'18311286007','','哈哈哈去',2,1234,1234,1),(18,'18311286007','','svfq',5,2000,2000,1),(19,'18311286007','','动感尊巴',1,250,88,0),(20,'18311286007','','一对一私教课',20,8000,8000,1),(21,'18311286007','','',10,1,1,1),(22,'18311286007','','',1,1,1,1),(23,'18311286007','','',1,10,10,1),(24,'18311286007','','',1,1,1,1),(25,'18311286007','','',1,1,1,1),(26,'18311286007','','',1,1,1,1),(27,'18311286007','','',2,200,200,1),(28,'18311286007','','',1,1000,1000,1),(29,'18311286007','','',1,123,123,1),(30,'18311286007','','',10,3000,3000,1),(31,'18311286007','','',1,100,100,1),(32,'18311286007','','体验课',1,108,108,0),(33,'18311286007','','',1,100,100,1),(34,'18311286007','','',1,200,0,1),(35,'18311286007','','',10,2500,0,1),(36,'18910107363','','',1,300,0,1),(37,'18311286007','','',10,3000,0,1),(38,'18311111111','','',20,5000,0,1),(39,'18311111111','','',10,2500,0,1),(40,'18311286007','','',10,3000,0,1),(41,'18311286007','','',10,3500,3500,1),(42,'18311286007','','',10,3000,3000,1),(43,'18311286007','','',2,1000,0,1),(44,'18311286007','','',10,4000,0,1),(45,'13811746955','','',10,3500,0,1),(46,'18311282828','','',1,200,0,1),(47,'18311286007','','',1,100,0,1),(48,'13811746955','','',1,200,0,1),(49,'18311282828','','',2,500,0,1),(50,'13811746955','','',10,3000,0,1),(51,'13811746955','','',10,3500,0,1),(52,'1861229072','','',10,2000,2000,1),(53,'1861229072','','',10,3000,0,1),(54,'13811746955','','',10,3000,3000,1),(55,'18210231292','','',1,1,0,1),(56,'13681586987','','',1,1,0,1),(57,'18311286007','','',2,500,0,1),(58,'18311286007','','',10,3000,0,1),(59,'18210231292','','',40,12000,0,1),(60,'18210231292','','',50,15000,0,1),(61,'18210231292','','',50,15000,15000,1),(62,'18600984682','','',58,17400,0,1),(63,'18600984682','','',17,5100,0,1),(64,'1861229072','','',8,800,0,1),(65,'13505758345','','',100,30000,0,1),(66,'18311286007','','',10,1000,1000,1),(67,'1861229072','','',10,3000,0,1),(68,'1861229072','','',10,3000,0,1),(69,'18311286007','','',3000,10,10,1),(70,'18311286007','','',1,0,0,1),(71,'15810020288','','',1,100,0,1),(72,'18311286007','','dummy',1,200,-1,1),(73,'18331155935','','dummy',40,12000,-1,1),(74,'13811746955','','dummy',6,0,-1,1),(75,'13601053511','','dummy',0,0,-1,1),(76,'18514569443','','dummy',0,0,-1,1),(77,'18511840588','','dummy',0,0,-1,1),(78,'18611126091','','dummy',0,0,-1,1),(79,'18329477103','','dummy',0,0,-1,1),(80,'13611059727','','dummy',1,0,-1,1),(81,'18311286007','','dummy',2,0,-1,1),(82,'1861229072','','dummy',10,4000,-1,1),(83,'18674047199','','dummy',30,200,-1,1),(84,'18674047199','','dummy',50,200,-1,1),(85,'18674047199','','dummy',30,10800,-1,1),(86,'18514569443','','dummy',30,7200,-1,1),(87,'18514569443','','dummy',12,2400,-1,1),(88,'18514569443','','dummy',30,6000,-1,1),(89,'18514569443','','dummy',12,2400,-1,1),(90,'18514569443','','dummy',25,5000,-1,1),(91,'18514569443','','dummy',20,3000,-1,1),(92,'18514569443','','dummy',20,4000,-1,1),(93,'13811746955','','dummy',1,200,-1,1),(94,'13811746955','','dummy',1,100,-1,1),(95,'18514569443','','dummy',30,6000,-1,1),(96,'18514569443','','dummy',12,2400,-1,1),(97,'18514569443','','dummy',15,4500,-1,1),(98,'18514569443','','dummy',24,4800,-1,1),(99,'18514569443','','dummy',50,15200,-1,1),(100,'18514569443','','dummy',15,4800,-1,1),(101,'18514569443','','dummy',40,12000,-1,1),(102,'18514569443','','dummy',20,4000,-1,1),(103,'18514569443','','dummy',50,14000,-1,1),(104,'18514569443','','dummy',30,8400,-1,1),(105,'18514569443','','dummy',40,8000,-1,1),(106,'18514569443','','dummy',50,14000,-1,1),(107,'18514569443','','dummy',30,8100,-1,1),(108,'18514569443','','dummy',50,12000,-1,1),(109,'18514569443','','dummy',50,12000,-1,1),(110,'18514569443','','dummy',15,6000,-1,1),(111,'18514569443','','dummy',15,4500,-1,1),(112,'18514569443','','dummy',60,14400,-1,1),(113,'18514569443','','dummy',15,6000,-1,1),(114,'18611126091','','dummy',30,6000,-1,1),(115,'18611126091','','dummy',16,3200,-1,1),(116,'18611126091','','dummy',24,4800,-1,1),(117,'18611126091','','dummy',36,7200,-1,1),(118,'18611126091','','dummy',15,3000,-1,1),(119,'18611126091','','dummy',12,2400,-1,1),(120,'18611126091','','dummy',20,200,-1,1),(121,'18611126091','','dummy',40,8000,-1,1),(122,'18611126091','','dummy',20,4800,-1,1),(123,'18611126091','','dummy',30,6000,-1,1),(124,'18611126091','','dummy',30,6000,-1,1),(125,'18611126091','','dummy',36,7200,-1,1),(126,'18611126091','','dummy',36,7200,-1,1),(127,'18611126091','','dummy',30,7200,-1,1),(128,'18611126091','','dummy',20,5400,-1,1),(129,'18611126091','','dummy',15,4050,-1,1),(130,'18611126091','','dummy',36,10080,-1,1),(131,'18611126091','','dummy',50,10000,-1,1),(132,'18611126091','','dummy',24,7200,-1,1),(133,'18611126091','','dummy',20,7200,-1,1),(134,'18611126091','','dummy',30,9600,-1,1),(135,'18611126091','','dummy',50,16000,-1,1),(136,'18611126091','','dummy',20,6000,-1,1),(137,'18611126091','','dummy',10,4000,-1,1),(138,'18611126091','','dummy',30,8100,-1,1),(139,'18674047199','','dummy',50,10000,-1,1),(140,'18674047199','','dummy',16,3200,-1,1),(141,'18674047199','','dummy',30,6000,-1,1),(142,'18674047199','','dummy',60,12000,-1,1),(143,'18674047199','','dummy',40,8000,-1,1),(144,'13701263248','','dummy',30,6000,-1,1),(145,'18329477103','','dummy',10,2000,-1,1),(146,'13701263248','','dummy',20,4000,-1,1),(147,'15101047247','','dummy',15,3000,-1,1),(148,'18329477103','','dummy',15,3000,-1,1),(149,'18329477103','','dummy',15,3000,-1,1),(150,'13701263248','','dummy',15,3000,-1,1),(151,'18611126091','','dummy',50,10000,-1,1),(152,'18674047199','','dummy',60,12000,-1,1),(153,'13601053511','','dummy',15,3000,-1,1),(154,'18674047199','','dummy',15,3000,-1,1),(155,'18674047199','','dummy',26,8320,-1,1),(156,'18674047199','','dummy',20,4600,-1,1),(157,'13701263248','','dummy',15,3000,-1,1),(158,'13601053511','','dummy',30,8100,-1,1),(159,'18611126091','','dummy',30,6000,-1,1),(160,'13601053511','','dummy',20,4000,-1,1),(161,'18329477103','','dummy',100,20000,-1,1),(162,'18329477103','','dummy',15,3000,-1,1),(163,'18329477103','','dummy',15,3000,-1,1),(164,'18329477103','','dummy',15,3600,-1,1),(165,'18329477103','','dummy',100,21000,-1,1),(166,'18329477103','','dummy',36,10800,-1,1),(167,'18329477103','','dummy',30,8100,-1,1),(168,'18329477103','','dummy',30,6300,-1,1),(169,'18329477103','','dummy',50,10500,-1,1),(170,'18329477103','','dummy',30,7200,-1,1),(171,'18329477103','','dummy',30,10800,-1,1),(172,'18329477103','','dummy',20,260,-1,1),(173,'18329477103','','dummy',50,12000,-1,1),(174,'18329477103','','dummy',50,10500,-1,1),(175,'13701263248','','dummy',20,4000,-1,1),(176,'13701263248','','dummy',20,4000,-1,1),(177,'13701263248','','dummy',30,6000,-1,1),(178,'13701263248','','dummy',50,14000,-1,1),(179,'13701263248','','dummy',15,3000,-1,1),(180,'13701263248','','dummy',12,2400,-1,1),(181,'13701263248','','dummy',50,10000,-1,1),(182,'13701263248','','dummy',25,4800,-1,1),(183,'13701263248','','dummy',12,2400,-1,1),(184,'13701263248','','dummy',50,10000,-1,1),(185,'13701263248','','dummy',30,7200,-1,1),(186,'13701263248','','dummy',50,10000,-1,1),(187,'13701263248','','dummy',30,7200,-1,1),(188,'13701263248','','dummy',20,3000,-1,1),(189,'13701263248','','dummy',10,3000,-1,1),(190,'13701263248','','dummy',50,12000,-1,1),(191,'13701263248','','dummy',30,7200,-1,1),(192,'13701263248','','dummy',30,7200,-1,1),(193,'13701263248','','dummy',60,16800,-1,1),(194,'13701263248','','dummy',50,12000,-1,1),(195,'13701263248','','dummy',26,6240,-1,1),(196,'13701263248','','dummy',30,8100,-1,1),(197,'18514569443','','dummy',100,21000,-1,1),(198,'13701263248','','dummy',10,2000,-1,1),(199,'13701263248','','dummy',12,3600,-1,1),(200,'15101047247','','dummy',12,2400,-1,1),(201,'18674047199','','dummy',50,10000,-1,1),(202,'18674047199','','dummy',30,10800,-1,1),(203,'13601053511','','dummy',30,6000,-1,1),(204,'13601053511','','dummy',20,4800,-1,1),(205,'13601053511','','dummy',24,200,-1,1),(206,'13601053511','','dummy',25,5000,-1,1),(207,'13601053511','','dummy',13,2600,-1,1),(208,'15101047247','','dummy',70,14000,-1,1),(209,'15101047247','','dummy',50,10000,-1,1),(210,'15101047247','','dummy',15,3000,-1,1),(211,'15101047247','','dummy',30,9600,-1,1),(212,'13701263248','','dummy',30,6000,-1,1),(213,'13811746955','','dummy',1,1,-1,1),(214,'13811746955','','dummy',1,1,-1,1),(215,'13811746955','','dummy',1,1,-1,1),(216,'13811746955','','dummy',1,1,-1,1),(217,'13811746955','','dummy',1,1,-1,1),(218,'18514569443','','dummy',15,6000,-1,1),(219,'15101047247','','dummy',30,6000,-1,1),(220,'15101047247','','dummy',20,4800,-1,1),(221,'15101047247','','dummy',15,3000,-1,1),(222,'15101047247','','dummy',50,10000,-1,1),(223,'15101047247','','dummy',50,10000,-1,1),(224,'15101047247','','dummy',100,28000,-1,1),(225,'15101047247','','dummy',40,9600,-1,1),(226,'18329477103','','dummy',20,5000,-1,1),(227,'18329477103','','dummy',18,6480,-1,1),(228,'18329477103','','dummy',30,6000,-1,1),(229,'13601053511','','dummy',5,1000,-1,1),(230,'13601053511','','dummy',30,8100,-1,1),(231,'18329477103','','dummy',10,2000,-1,1),(232,'18329477103','','dummy',10,2000,-1,1),(233,'18329477103','','dummy',20,4000,-1,1),(234,'18611126091','','dummy',50,14000,-1,1),(235,'13811746955','','dummy',1,100,-1,1),(236,'18201212718','','dummy',15,3000,-1,1),(237,'13701263248','','dummy',50,14000,-1,1),(238,'18514569443','','dummy',15,4800,-1,1),(239,'18514569443','','dummy',10,1500,-1,1),(240,'18611126091','','dummy',50,10000,-1,1),(241,'13701263248','','dummy',1,150,-1,1),(242,'18611126091','','dummy',50,14000,-1,1),(243,'18674047199','','dummy',50,14000,-1,1),(244,'18611126091','','dummy',30,9000,-1,1),(245,'18514569443','','dummy',30,10800,-1,1),(246,'18311286007','','dummy',1,1,-1,1),(247,'18311286007','','dummy',1,1,-1,1),(248,'13811746955','','dummy',1,260,-1,1),(249,'15810020288','','dummy',50,15000,-1,1),(250,'18674047199','','dummy',15,5400,-1,1),(251,'18311286007','','dummy',1,100,-1,1),(252,'13811746955','','dummy',20,6000,-1,1),(253,'18611126091','','dummy',30,8100,-1,1),(254,'13701263248','','dummy',30,8400,-1,1),(255,'1861229072','','dummy',1,150,-1,1),(256,'13701263248','','dummy',15,6000,-1,1),(257,'18514569443','','dummy',30,10800,-1,1),(258,'13701263248','','dummy',20,4800,-1,1),(259,'13701263248','','dummy',20,4800,-1,1),(260,'18311286007','','dummy',10,3000,-1,1),(261,'18311286007','','dummy',20,5000,-1,1),(262,'18311286007','','dummy',30,9000,-1,1),(263,'15810020288','','dummy',50,15000,-1,1),(264,'18514569443','','dummy',1,200,-1,1),(265,'18311286007','','dummy',1,100,-1,1),(266,'18611126091','','dummy',30,9600,-1,1),(267,'15101047247','','dummy',50,10000,-1,1),(268,'18311286007','','dummy',10,3000,-1,1),(269,'18311286007','','dummy',1,30,-1,1),(270,'18311286007','','dummy',1,300,-1,1),(271,'18311286007','','dummy',2,600,-1,1),(272,'18611126091','','dummy',50,14000,-1,1),(273,'18611126091','','dummy',30,10800,-1,1),(274,'18611126091','','dummy',30,9600,-1,1),(275,'18611126091','','dummy',15,5400,-1,1),(276,'18329477103','','dummy',15,5400,-1,1),(277,'13701263248','','dummy',50,14000,-1,1),(278,'18329477103','','dummy',15,6000,-1,1),(279,'18201212718','','dummy',15,3000,-1,1),(280,'18201212718','','dummy',15,3000,-1,1),(281,'18201212718','','dummy',10,2000,-1,1),(282,'13701263248','','dummy',50,14000,-1,1),(283,'18514569443','','dummy',5,0,-1,1);
/*!40000 ALTER TABLE `order_product` ENABLE KEYS */;
UNLOCK TABLES;

--
-- Table structure for table `recommend_recommend`
--

DROP TABLE IF EXISTS `recommend_recommend`;
/*!40101 SET @saved_cs_client     = @@character_set_client */;
/*!40101 SET character_set_client = utf8 */;
CREATE TABLE `recommend_recommend` (
  `id` int(11) NOT NULL AUTO_INCREMENT,
  `created` datetime NOT NULL,
  `recommend_type` varchar(16) NOT NULL,
  `article_id` int(11) DEFAULT NULL,
  `person_id` int(11) DEFAULT NULL,
  `gyms_id` int(11) DEFAULT NULL,
  `course_id` int(11) DEFAULT NULL,
  `recommend_title` varchar(64) NOT NULL,
  `recommend_pic` varchar(512) NOT NULL,
  `recommend_subtitle` varchar(512) NOT NULL,
  `recommend_loc` varchar(64) NOT NULL,
  `recommend_price` varchar(64) NOT NULL,
  `corner` varchar(12) NOT NULL,
  PRIMARY KEY (`id`),
  KEY `recommend_recommen_article_id_3e3f0da8a8f25bd3_fk_weibo_weibo_id` (`article_id`),
  KEY `recommend_recommend_person_id_58ad65600d5fd1ff_fk_usr_user_id` (`person_id`),
  KEY `recommend_recommend_gyms_id_258bd63f38337408_fk_business_gym_id` (`gyms_id`),
  KEY `recommend_recom_course_id_719e7c0af2e62d1f_fk_business_course_id` (`course_id`),
  CONSTRAINT `recommend_recommend_gyms_id_258bd63f38337408_fk_business_gym_id` FOREIGN KEY (`gyms_id`) REFERENCES `business_gym` (`id`),
  CONSTRAINT `recommend_recommend_person_id_58ad65600d5fd1ff_fk_usr_user_id` FOREIGN KEY (`person_id`) REFERENCES `usr_user` (`id`),
  CONSTRAINT `recommend_recommen_article_id_3e3f0da8a8f25bd3_fk_weibo_weibo_id` FOREIGN KEY (`article_id`) REFERENCES `weibo_weibo` (`id`),
  CONSTRAINT `recommend_recom_course_id_719e7c0af2e62d1f_fk_business_course_id` FOREIGN KEY (`course_id`) REFERENCES `business_course` (`id`)
) ENGINE=InnoDB AUTO_INCREMENT=4 DEFAULT CHARSET=utf8;
/*!40101 SET character_set_client = @saved_cs_client */;

--
-- Dumping data for table `recommend_recommend`
--

LOCK TABLES `recommend_recommend` WRITE;
/*!40000 ALTER TABLE `recommend_recommend` DISABLE KEYS */;
INSERT INTO `recommend_recommend` VALUES (1,'2015-09-09 12:40:34','gym',NULL,NULL,1,NULL,'便宜带泳池的健身房','https://dn-o2fit.qbox.me/LD_610x240_AboutUs.jpg','开业大促销','海淀区 马连洼北路 西山华府','1500','recommend'),(2,'2015-09-09 12:42:45','user',NULL,3,NULL,NULL,'明星教练: 徐东波','https://dn-o2fit.qbox.me/BOTR_610x240_Module1.jpg','TRX 壶铃 Crossfit','海淀区 马连洼北路 西山华府','','hot'),(3,'2015-09-09 15:53:07','user',NULL,1,NULL,NULL,'明星教练Royn','https://dn-o2fit.qbox.me/BOTR_610x240_Module1.jpg','带你一点点了解Crossfit','西二旗 润桥健身','200','');
/*!40000 ALTER TABLE `recommend_recommend` ENABLE KEYS */;
UNLOCK TABLES;

--
-- Table structure for table `sms_sms`
--

DROP TABLE IF EXISTS `sms_sms`;
/*!40101 SET @saved_cs_client     = @@character_set_client */;
/*!40101 SET character_set_client = utf8 */;
CREATE TABLE `sms_sms` (
  `id` int(11) NOT NULL AUTO_INCREMENT,
  `number` bigint(20) NOT NULL,
  `vcode` int(11) DEFAULT NULL,
  PRIMARY KEY (`id`),
  UNIQUE KEY `number` (`number`)
) ENGINE=InnoDB AUTO_INCREMENT=41 DEFAULT CHARSET=utf8;
/*!40101 SET character_set_client = @saved_cs_client */;

--
-- Dumping data for table `sms_sms`
--

LOCK TABLES `sms_sms` WRITE;
/*!40000 ALTER TABLE `sms_sms` DISABLE KEYS */;
INSERT INTO `sms_sms` VALUES (8,18311286007,785560),(10,18612261069,909711),(11,18910107363,824409),(12,18911022201,751379),(13,13811746955,589290),(14,18510628227,769519),(15,18518339004,199068),(16,18612290728,972630),(17,13681586987,741789),(18,18210231292,446888),(19,18910978597,539818),(20,18511452610,766435),(21,13505758345,570161),(22,15712896993,466686),(23,13611059727,262270),(24,18514569443,437873),(25,18511840588,932926),(26,18611126091,823052),(27,18331155935,420788),(28,18210338561,948336),(29,13601053511,434214),(30,18329477103,221902),(31,15101047247,420191),(32,18810838436,400212),(33,18674047199,228858),(34,18601395898,612479),(35,13701263248,956341),(36,18810660982,733357),(37,18782488646,960110),(38,18823420851,244063),(39,15101047217,564425),(40,15201441199,444054);
/*!40000 ALTER TABLE `sms_sms` ENABLE KEYS */;
UNLOCK TABLES;

--
-- Table structure for table `traincategory_workoutaction`
--

DROP TABLE IF EXISTS `traincategory_workoutaction`;
/*!40101 SET @saved_cs_client     = @@character_set_client */;
/*!40101 SET character_set_client = utf8 */;
CREATE TABLE `traincategory_workoutaction` (
  `id` int(11) NOT NULL AUTO_INCREMENT,
  `name` varchar(32) NOT NULL,
  `workouttype` varchar(32) NOT NULL,
  `by` varchar(64) NOT NULL,
  `categeory_id` int(11) NOT NULL,
  `muscle` varchar(64) NOT NULL,
  `units` varchar(32) NOT NULL,
  PRIMARY KEY (`id`),
  KEY `traincategory_workoutaction_ccc03325` (`categeory_id`),
  CONSTRAINT `f7bdc0f7d068af9da5763adf56067dc5` FOREIGN KEY (`categeory_id`) REFERENCES `traincategory_workoutcategeory` (`id`)
) ENGINE=InnoDB AUTO_INCREMENT=79 DEFAULT CHARSET=utf8;
/*!40101 SET character_set_client = @saved_cs_client */;

--
-- Dumping data for table `traincategory_workoutaction`
--

LOCK TABLES `traincategory_workoutaction` WRITE;
/*!40000 ALTER TABLE `traincategory_workoutaction` DISABLE KEYS */;
INSERT INTO `traincategory_workoutaction` VALUES (1,'卧推','力量','',1,'胸大肌','kg|次'),(2,'双杠臂屈伸','力量','',1,'下胸','kg|次'),(3,'上斜哑铃卧推','力量','',1,'上胸','kg|次'),(4,'下斜哑铃卧推','力量','',1,'下胸','km|分钟'),(6,'开合跳','','8',4,'开合跳','开合跳|开合跳'),(7,'氢气球','','8',3,'氢气球','氢气球|氢气球'),(8,'蝴蝶机飞鸟','力量','',1,'胸沟','kg|次'),(9,'蝴蝶机飞鸟','力量','',1,'胸沟','kg|次'),(10,'蝴蝶机飞鸟','力量','',1,'胸沟','kg|次'),(11,'拉力器十字夹胸','力量','',1,'下部胸大肌，中部胸肌','kg|次'),(12,'平板哑铃飞鸟','力量','',1,'胸大肌','kg|次'),(13,'宽体引体向上','力量','',1,'背阔肌上侧/外侧','次'),(14,'坐姿下拉','力量','',1,'背阔肌上侧/外侧，背部厚度','kg|次'),(15,'杠铃划船','力量','',1,'背阔肌','kg|次'),(16,'杠铃屈腿硬拉','力量','',1,'竖脊肌，臀部','kg|次'),(17,'哑铃硬拉','力量','',1,'竖脊肌，臀部','kg|次'),(18,'坐姿划船','力量','',1,'背部，肩部','kg|次'),(19,'单臂哑铃划船','力量','',1,'背阔肌','kg|次'),(20,'负重耸肩','力量','',1,'斜方肌','kg|次'),(21,'站姿直臂下拉','力量','',1,'下背阔肌','kg|次'),(22,'背屈伸','力量','',1,'竖脊肌','kg|次'),(23,'仰卧两头起','力量','',1,'下背后腰，臀部','次'),(24,'杠铃深蹲','力量','',4,'下背后腰，臀部','kg|次'),(25,'杠铃深蹲','力量','',1,'股四头肌，臀肌','kg|次'),(26,'杠铃深蹲','力量','',4,'股四头肌，臀肌','kg|次'),(27,'史密斯深蹲','力量','',4,'股四头肌','kg|次'),(28,'斜卧负重腿举','力量','',4,'股四头肌','kg|次'),(29,'坐姿水平蹬腿','力量','',4,'股四头肌','kg|次'),(30,'坐姿腿屈伸','力量','',4,'股四头肌','kg|次'),(31,'箭步蹲','力量','',4,'股四头肌','kg|次'),(32,'仰卧腿弯举','力量','',4,'股二头肌','kg|次'),(33,'坐姿腿弯举','力量','',4,'股二头肌','kg|次'),(34,'站姿腿弯举','力量','',4,'股二头肌','kg|次'),(35,'直腿硬拉','力量','',4,'股二头肌','kg|次'),(36,'站姿提踵','力量','',4,'小腿三头肌','kg|次'),(37,'仰卧屈杠臂屈伸','力量','',3,'肱三头肌（外侧头）','kg|次'),(38,'绳索下拉','力量','',3,'肱三头肌','kg|次'),(39,'站姿哑铃锤式弯举','力量','',3,'肱二头肌','kg|次'),(40,'坐姿哑铃臂弯举','力量','',3,'肱二头肌','kg|次'),(41,'曲柄托臂弯举','力量','',3,'肱二头肌（短头，内侧头）','kg|次'),(42,'杠铃弯举','力量','',3,'肱二头肌（短头，内侧头）','kg|次'),(43,'拉力器弯举','力量','',3,'肱二头肌（短头，内侧头）','kg|次'),(44,'哑铃交替弯举','力量','',3,'肱二头肌','kg|次'),(45,'上斜哑铃弯举','力量','',3,'肱二头肌（短头，内侧头）','kg|次'),(46,'上斜哑铃弯举','力量','',3,'肱二头肌（外头，外侧头）','kg|次'),(47,'训练凳臂屈伸','力量','',3,'肱二头肌（内侧头）','kg|次'),(48,'仰卧起坐','核心力量','',2,'上腹','次'),(49,'卷腹','核心力量','',2,'上腹','次'),(50,'仰卧抬腿','核心力量','',2,'腹直肌下部','次'),(51,'悬垂抬腿','核心力量','',2,'腹直肌下部','次'),(52,'双杠抬腿','核心力量','',2,'腹直肌下部','次'),(53,'仰卧提臀抬腿','核心力量','',2,'腹直肌','次'),(54,'垂直提臀抬腿','核心力量','',2,'腹直肌','次'),(55,'仰卧屈膝两头起','核心力量','',2,'腹直肌','次'),(56,'支撑提臀抬腿','核心力量','',2,'腹直肌','次'),(57,'仰卧支腿两头起（V-UP)','核心力量','',2,'腹直肌','次'),(58,'侧身卷腹','核心力量','',2,'腹外斜肌','次'),(59,'扭转卷腹','核心力量','',2,'腹外斜肌','次'),(60,'仰卧卷腹转体','核心力量','',2,'腹内外斜肌，腹横肌','次'),(61,'坐球屈体','核心力量','',2,'腹直肌','次'),(62,'抱球俄罗斯转体','核心力量','',2,'腹外斜肌','次'),(63,'俯身转体','核心力量','',2,'腹外斜肌，腹横肌','次'),(64,'跑步','有氧','',5,'心肺练习','分|KM'),(66,'受不鸟你','','18311286007',1,'受不鸟你','受不鸟你|受不鸟你'),(67,'哈哈哈','','18311286007',5,'哈哈哈','哈哈哈|哈哈哈'),(68,'减肥的','','18311286007',3,'减肥的','减肥的|减肥的'),(69,'刚回家','','18311286007',5,'刚回家','刚回家|刚回家'),(70,'啊','','18311286007',5,'','我|'),(71,'测试动作','','18311286007',1,'哈哈哈','次|个'),(72,'开合跳','','18311286007',5,'心肺','50|'),(73,'Burpee','','18311286007',5,'','1|'),(74,'波比跳','','18311286007',5,'','15|'),(75,'徒手深蹲','','18311286007',4,'','次|'),(76,'开合跳','','18311286007',5,'','次|'),(77,'波比跳','','18311286007',5,'','次|'),(78,'平板支撑','','18311286007',2,'','秒|');
/*!40000 ALTER TABLE `traincategory_workoutaction` ENABLE KEYS */;
UNLOCK TABLES;

--
-- Table structure for table `traincategory_workoutcategeory`
--

DROP TABLE IF EXISTS `traincategory_workoutcategeory`;
/*!40101 SET @saved_cs_client     = @@character_set_client */;
/*!40101 SET character_set_client = utf8 */;
CREATE TABLE `traincategory_workoutcategeory` (
  `id` int(11) NOT NULL AUTO_INCREMENT,
  `name` varchar(32) NOT NULL,
  `icon` varchar(256) NOT NULL,
  PRIMARY KEY (`id`)
) ENGINE=InnoDB AUTO_INCREMENT=6 DEFAULT CHARSET=utf8;
/*!40101 SET character_set_client = @saved_cs_client */;

--
-- Dumping data for table `traincategory_workoutcategeory`
--

LOCK TABLES `traincategory_workoutcategeory` WRITE;
/*!40000 ALTER TABLE `traincategory_workoutcategeory` DISABLE KEYS */;
INSERT INTO `traincategory_workoutcategeory` VALUES (1,'胸背','thigh'),(2,'腰腹','yaofu'),(3,'手臂','shoubi'),(4,'臀腿','tuntui'),(5,'其他','youyang');
/*!40000 ALTER TABLE `traincategory_workoutcategeory` ENABLE KEYS */;
UNLOCK TABLES;

--
-- Table structure for table `usr_feedback`
--

DROP TABLE IF EXISTS `usr_feedback`;
/*!40101 SET @saved_cs_client     = @@character_set_client */;
/*!40101 SET character_set_client = utf8 */;
CREATE TABLE `usr_feedback` (
  `id` int(11) NOT NULL AUTO_INCREMENT,
  `name` varchar(64) NOT NULL,
  `feedback` varchar(1024) NOT NULL,
  `created` datetime NOT NULL,
  PRIMARY KEY (`id`),
  KEY `usr_feedback_b068931c` (`name`)
) ENGINE=InnoDB DEFAULT CHARSET=latin1;
/*!40101 SET character_set_client = @saved_cs_client */;

--
-- Dumping data for table `usr_feedback`
--

LOCK TABLES `usr_feedback` WRITE;
/*!40000 ALTER TABLE `usr_feedback` DISABLE KEYS */;
/*!40000 ALTER TABLE `usr_feedback` ENABLE KEYS */;
UNLOCK TABLES;

--
-- Table structure for table `usr_timeline`
--

DROP TABLE IF EXISTS `usr_timeline`;
/*!40101 SET @saved_cs_client     = @@character_set_client */;
/*!40101 SET character_set_client = utf8 */;
CREATE TABLE `usr_timeline` (
  `id` int(11) NOT NULL AUTO_INCREMENT,
  `name_id` varchar(64) NOT NULL,
  PRIMARY KEY (`id`),
  UNIQUE KEY `name_id` (`name_id`),
  CONSTRAINT `usr_timeline_name_id_2aa3e95a889da96f_fk_usr_user_name` FOREIGN KEY (`name_id`) REFERENCES `usr_user` (`name`)
) ENGINE=InnoDB AUTO_INCREMENT=46 DEFAULT CHARSET=utf8;
/*!40101 SET character_set_client = @saved_cs_client */;

--
-- Dumping data for table `usr_timeline`
--

LOCK TABLES `usr_timeline` WRITE;
/*!40000 ALTER TABLE `usr_timeline` DISABLE KEYS */;
INSERT INTO `usr_timeline` VALUES (11,'12343211234'),(25,'13505758345'),(35,'13601053511'),(26,'13611059727'),(18,'13681586987'),(31,'13701263248'),(13,'13811746955'),(34,'15101047247'),(44,'15201441199'),(40,'15810020088'),(41,'15810020288'),(38,'159'),(39,'15910650552'),(45,'18201212718'),(19,'18210231292'),(8,'18311111111'),(14,'18311282828'),(5,'18311286007'),(30,'18329477103'),(32,'18331155935'),(15,'18510628227'),(22,'18511452610'),(28,'18511840588'),(27,'18514569443'),(16,'18518339004'),(21,'18600984682'),(37,'18601395898'),(29,'18611126091'),(4,'18612261069'),(24,'1861229072'),(17,'18612290728'),(23,'1861229087'),(33,'18674047199'),(10,'18750291111'),(43,'18782488646'),(42,'18810660982'),(36,'18810838436'),(9,'18910101010'),(7,'18910107363'),(20,'18910978597'),(12,'18911022201'),(2,'alex'),(6,'hahdfd'),(1,'royn'),(3,'xudongbo');
/*!40000 ALTER TABLE `usr_timeline` ENABLE KEYS */;
UNLOCK TABLES;

--
-- Table structure for table `usr_timeline_feed`
--

DROP TABLE IF EXISTS `usr_timeline_feed`;
/*!40101 SET @saved_cs_client     = @@character_set_client */;
/*!40101 SET character_set_client = utf8 */;
CREATE TABLE `usr_timeline_feed` (
  `id` int(11) NOT NULL AUTO_INCREMENT,
  `timeline_id` int(11) NOT NULL,
  `weibo_id` int(11) NOT NULL,
  PRIMARY KEY (`id`),
  UNIQUE KEY `timeline_id` (`timeline_id`,`weibo_id`),
  KEY `usr_timeline_feed_weibo_id_95b6e5b9e3d26b_fk_weibo_weibo_id` (`weibo_id`),
  CONSTRAINT `usr_timeline_feed_timeline_id_48a79b117394169_fk_usr_timeline_id` FOREIGN KEY (`timeline_id`) REFERENCES `usr_timeline` (`id`),
  CONSTRAINT `usr_timeline_feed_weibo_id_95b6e5b9e3d26b_fk_weibo_weibo_id` FOREIGN KEY (`weibo_id`) REFERENCES `weibo_weibo` (`id`)
) ENGINE=InnoDB AUTO_INCREMENT=80 DEFAULT CHARSET=utf8;
/*!40101 SET character_set_client = @saved_cs_client */;

--
-- Dumping data for table `usr_timeline_feed`
--

LOCK TABLES `usr_timeline_feed` WRITE;
/*!40000 ALTER TABLE `usr_timeline_feed` DISABLE KEYS */;
INSERT INTO `usr_timeline_feed` VALUES (2,1,1),(4,1,2),(5,1,3),(7,1,4),(9,1,5),(11,1,6),(13,1,7),(15,1,8),(1,2,1),(3,2,2),(6,2,3),(8,2,4),(10,2,5),(12,2,6),(14,2,7),(16,2,8),(17,4,9),(18,4,10),(19,4,11),(20,4,12),(21,4,13),(22,4,14),(23,4,15),(24,4,16),(25,4,17),(26,4,18),(27,4,19),(28,4,20),(29,4,21),(30,4,22),(31,4,23),(32,4,24),(40,4,32),(42,4,34),(46,4,38),(60,4,52),(33,5,25),(34,5,26),(35,5,27),(36,5,28),(37,5,29),(38,5,30),(39,5,31),(41,5,33),(43,5,35),(47,5,39),(48,5,40),(49,5,41),(50,5,42),(51,5,43),(52,5,44),(53,5,45),(54,5,46),(55,5,47),(56,5,48),(57,5,49),(58,5,50),(59,5,51),(44,7,36),(45,7,37),(62,13,54),(61,17,53),(63,20,55),(64,20,56),(65,20,57),(66,20,58),(67,25,59),(68,26,60),(69,26,61),(71,27,63),(72,27,64),(73,27,65),(74,27,66),(75,27,67),(76,27,68),(77,27,69),(78,27,70),(79,27,71),(70,29,62);
/*!40000 ALTER TABLE `usr_timeline_feed` ENABLE KEYS */;
UNLOCK TABLES;

--
-- Table structure for table `usr_timeline_followedby`
--

DROP TABLE IF EXISTS `usr_timeline_followedby`;
/*!40101 SET @saved_cs_client     = @@character_set_client */;
/*!40101 SET character_set_client = utf8 */;
CREATE TABLE `usr_timeline_followedby` (
  `id` int(11) NOT NULL AUTO_INCREMENT,
  `from_timeline_id` int(11) NOT NULL,
  `to_timeline_id` int(11) NOT NULL,
  PRIMARY KEY (`id`),
  UNIQUE KEY `from_timeline_id` (`from_timeline_id`,`to_timeline_id`),
  KEY `usr_timeline__to_timeline_id_5ac8ce23084dbe0b_fk_usr_timeline_id` (`to_timeline_id`),
  CONSTRAINT `usr_timeline__to_timeline_id_5ac8ce23084dbe0b_fk_usr_timeline_id` FOREIGN KEY (`to_timeline_id`) REFERENCES `usr_timeline` (`id`),
  CONSTRAINT `usr_timelin_from_timeline_id_5e93d7e27be6ab5e_fk_usr_timeline_id` FOREIGN KEY (`from_timeline_id`) REFERENCES `usr_timeline` (`id`)
) ENGINE=InnoDB AUTO_INCREMENT=47 DEFAULT CHARSET=utf8;
/*!40101 SET character_set_client = @saved_cs_client */;

--
-- Dumping data for table `usr_timeline_followedby`
--

LOCK TABLES `usr_timeline_followedby` WRITE;
/*!40000 ALTER TABLE `usr_timeline_followedby` DISABLE KEYS */;
INSERT INTO `usr_timeline_followedby` VALUES (1,1,1),(3,1,2),(2,2,2),(4,3,3),(5,4,4),(6,5,5),(7,6,6),(8,7,7),(9,8,8),(10,9,9),(11,10,10),(12,11,11),(13,12,12),(14,13,13),(15,14,14),(16,15,15),(17,16,16),(18,17,17),(19,18,18),(20,19,19),(21,20,20),(22,21,21),(23,22,22),(24,23,23),(25,24,24),(26,25,25),(27,26,26),(28,27,27),(29,28,28),(30,29,29),(31,30,30),(32,31,31),(33,32,32),(34,33,33),(35,34,34),(36,35,35),(37,36,36),(38,37,37),(39,38,38),(40,39,39),(41,40,40),(42,41,41),(43,42,42),(44,43,43),(45,44,44),(46,45,45);
/*!40000 ALTER TABLE `usr_timeline_followedby` ENABLE KEYS */;
UNLOCK TABLES;

--
-- Table structure for table `usr_timeline_refresh`
--

DROP TABLE IF EXISTS `usr_timeline_refresh`;
/*!40101 SET @saved_cs_client     = @@character_set_client */;
/*!40101 SET character_set_client = utf8 */;
CREATE TABLE `usr_timeline_refresh` (
  `id` int(11) NOT NULL AUTO_INCREMENT,
  `timeline_id` int(11) NOT NULL,
  `weibo_id` int(11) NOT NULL,
  PRIMARY KEY (`id`),
  UNIQUE KEY `timeline_id` (`timeline_id`,`weibo_id`),
  KEY `usr_timeline_refresh_weibo_id_52b6874552e9095b_fk_weibo_weibo_id` (`weibo_id`),
  CONSTRAINT `usr_timeline_refresh_weibo_id_52b6874552e9095b_fk_weibo_weibo_id` FOREIGN KEY (`weibo_id`) REFERENCES `weibo_weibo` (`id`),
  CONSTRAINT `usr_timeline_ref_timeline_id_47e144be2975acd1_fk_usr_timeline_id` FOREIGN KEY (`timeline_id`) REFERENCES `usr_timeline` (`id`)
) ENGINE=InnoDB AUTO_INCREMENT=64 DEFAULT CHARSET=utf8;
/*!40101 SET character_set_client = @saved_cs_client */;

--
-- Dumping data for table `usr_timeline_refresh`
--

LOCK TABLES `usr_timeline_refresh` WRITE;
/*!40000 ALTER TABLE `usr_timeline_refresh` DISABLE KEYS */;
INSERT INTO `usr_timeline_refresh` VALUES (1,4,9),(2,4,10),(3,4,11),(4,4,12),(5,4,13),(6,4,14),(7,4,15),(8,4,16),(9,4,17),(10,4,18),(11,4,19),(12,4,20),(13,4,21),(14,4,22),(15,4,23),(16,4,24),(24,4,32),(26,4,34),(30,4,38),(44,4,52),(17,5,25),(18,5,26),(19,5,27),(20,5,28),(21,5,29),(22,5,30),(23,5,31),(25,5,33),(27,5,35),(31,5,39),(32,5,40),(33,5,41),(34,5,42),(35,5,43),(36,5,44),(37,5,45),(38,5,46),(39,5,47),(40,5,48),(41,5,49),(42,5,50),(43,5,51),(28,7,36),(29,7,37),(46,13,54),(45,17,53),(47,20,55),(48,20,56),(49,20,57),(50,20,58),(51,25,59),(52,26,60),(53,26,61),(55,27,63),(56,27,64),(57,27,65),(58,27,66),(59,27,67),(60,27,68),(61,27,69),(62,27,70),(63,27,71),(54,29,62);
/*!40000 ALTER TABLE `usr_timeline_refresh` ENABLE KEYS */;
UNLOCK TABLES;

--
-- Table structure for table `usr_user`
--

DROP TABLE IF EXISTS `usr_user`;
/*!40101 SET @saved_cs_client     = @@character_set_client */;
/*!40101 SET character_set_client = utf8 */;
CREATE TABLE `usr_user` (
  `id` int(11) NOT NULL AUTO_INCREMENT,
  `name` varchar(64) NOT NULL,
  `displayname` varchar(128) NOT NULL,
  `iscoach` tinyint(1) NOT NULL,
  `created` datetime NOT NULL,
  `avatar` varchar(256) NOT NULL,
  `upnum` int(11) NOT NULL,
  `recommand_p` int(11) DEFAULT NULL,
  `tags` varchar(64) DEFAULT '',
  `introduction` varchar(1024) DEFAULT '',
  `order_count` int(11) NOT NULL DEFAULT '0',
  `course_count` int(11) NOT NULL DEFAULT '0',
  `rate` bigint(20) NOT NULL DEFAULT '0',
  `sex` tinyint(1) NOT NULL,
  `signature` varchar(64) NOT NULL,
  `openid` varchar(32) DEFAULT NULL,
  `role` varchar(32) DEFAULT 'customer',
  `corps` varchar(512) DEFAULT '[]',
  `duration` int(11) DEFAULT NULL,
  `age` int(11) DEFAULT NULL,
  `can_book` tinyint(1) NOT NULL DEFAULT '1',
  `birthday` date DEFAULT NULL,
  PRIMARY KEY (`id`),
  UNIQUE KEY `name` (`name`)
) ENGINE=InnoDB AUTO_INCREMENT=284 DEFAULT CHARSET=utf8;
/*!40101 SET character_set_client = @saved_cs_client */;

--
-- Dumping data for table `usr_user`
--

LOCK TABLES `usr_user` WRITE;
/*!40000 ALTER TABLE `usr_user` DISABLE KEYS */;
INSERT INTO `usr_user` VALUES (1,'royn','教练',1,'2015-09-27 04:56:24','https://dn-o2fit.qbox.me/9b247ea15b9d11e596477831c1cd33b6.jpg',0,NULL,'啊哈哈 哈哈哈','hahahahahah',0,4,170,0,'',NULL,'customer','[]',NULL,NULL,1,NULL),(2,'alex','用户',0,'2015-09-04 10:41:58','https://dn-o2fit.qbox.me/f7fbe62e2bcd11e5900a7831c1cd33b6?imageView2/1/w/200/h/200',0,0,'','',0,0,0,0,'',NULL,'customer','[]',NULL,NULL,1,NULL),(3,'xudongbo','徐东波',1,'2015-09-08 16:10:52','http://www.touxiang.cn/uploads/20131114/14-065802_226.jpg',1,NULL,'','',0,0,0,0,'',NULL,'customer','[]',NULL,NULL,1,NULL),(7,'18612261069','张无忌',0,'2015-10-28 08:53:27','https://dn-o2fit.qbox.me/4adfdc175e0511e595027831c1cd33b6.jpg',0,NULL,'','',0,0,0,1,'hello word',NULL,'customer','[]',NULL,NULL,1,NULL),(8,'18311286007','Jason Yu',1,'2015-10-28 12:06:19','https://dn-o2fit.qbox.me/69664ac4cf1a11e5b79200163e00701b.jpg',0,NULL,'啊哈哈 哈哈哈','年方二八',4,98,95,1,'腹肌，人鱼线，马甲线统统要',NULL,'admin','[5, 12, 13]',NULL,NULL,1,NULL),(9,'hahdfd','张三',0,'2015-10-26 06:57:59','https://dn-o2fit.qbox.me/default_avatar.png',0,NULL,'','',0,0,0,1,'',NULL,'customer','[]',NULL,NULL,1,NULL),(10,'12345567','李四',0,'2015-10-26 08:09:21','https://dn-o2fit.qbox.me/default_avatar.png',0,NULL,'','',0,0,0,1,'',NULL,'customer','[]',NULL,NULL,1,NULL),(11,'123456789','赵武',0,'2015-10-26 08:58:10','https://dn-o2fit.qbox.me/default_avatar.png',0,NULL,'','',0,0,0,1,'',NULL,'customer','[]',NULL,NULL,1,NULL),(12,'16381','李六',0,'2015-10-26 09:14:05','https://dn-o2fit.qbox.me/default_avatar.png',0,NULL,'','',0,0,0,1,'',NULL,'customer','[]',NULL,NULL,1,NULL),(13,'1354','郭先生',0,'2015-10-26 09:32:10','https://dn-o2fit.qbox.me/default_avatar.png',0,NULL,'','',0,0,0,1,'',NULL,'customer','[]',NULL,NULL,1,NULL),(14,'124','陈思',0,'2015-10-26 09:34:09','https://dn-o2fit.qbox.me/default_avatar.png',0,NULL,'','',0,0,0,1,'',NULL,'customer','[]',NULL,NULL,1,NULL),(15,'1344','高战',0,'2015-10-26 09:37:31','https://dn-o2fit.qbox.me/default_avatar.png',0,NULL,'','',0,0,0,1,'',NULL,'customer','[]',NULL,NULL,1,NULL),(16,'123455','刘先生',0,'2015-10-26 09:41:15','https://dn-o2fit.qbox.me/default_avatar.png',0,NULL,'','',0,0,0,1,'',NULL,'customer','[]',NULL,NULL,1,NULL),(17,'1234587','莫先生',0,'2015-10-26 09:48:06','https://dn-o2fit.qbox.me/default_avatar.png',0,NULL,'','',0,0,0,1,'',NULL,'customer','[]',NULL,NULL,1,NULL),(18,'987987','徐婷婷',0,'2015-10-26 09:53:09','https://dn-o2fit.qbox.me/default_avatar.png',0,NULL,'','',0,0,0,1,'',NULL,'customer','[]',NULL,NULL,1,NULL),(19,'1234568','郝好',0,'2015-10-26 14:46:19','https://dn-o2fit.qbox.me/default_avatar.png',0,NULL,'','',0,0,0,1,'',NULL,'customer','[]',NULL,NULL,1,NULL),(21,'123321','洪一',0,'2015-10-29 11:21:54','https://dn-o2fit.qbox.me/default_avatar.png',0,NULL,'','',0,0,0,1,'',NULL,'customer','[]',NULL,NULL,1,NULL),(22,'999888777','Jack Song',0,'2015-10-29 11:23:43','https://dn-o2fit.qbox.me/default_avatar.png',0,NULL,'','',0,0,0,1,'',NULL,'customer','[]',NULL,NULL,1,NULL),(23,'111222333','Summer Xia',0,'2015-10-29 11:27:42','https://dn-o2fit.qbox.me/default_avatar.png',0,NULL,'','',0,0,0,1,'',NULL,'customer','[]',NULL,NULL,1,NULL),(26,'456654987','Tony Hu',0,'2015-10-29 11:37:00','https://dn-o2fit.qbox.me/default_avatar.png',0,NULL,'','',0,0,0,1,'',NULL,'customer','[]',NULL,NULL,1,NULL),(27,'543987654','David Li',0,'2015-10-29 13:32:24','https://dn-o2fit.qbox.me/default_avatar.png',0,NULL,'','',0,0,0,1,'',NULL,'customer','[]',NULL,NULL,1,NULL),(28,'5439876545','Christina Chen',0,'2015-10-29 13:37:14','https://dn-o2fit.qbox.me/default_avatar.png',0,NULL,'','',0,0,0,1,'',NULL,'customer','[]',NULL,NULL,1,NULL),(29,'5123945','Tracy Wang',0,'2015-10-29 14:03:44','https://dn-o2fit.qbox.me/default_avatar.png',0,NULL,'','',0,0,0,1,'',NULL,'customer','[]',NULL,NULL,1,NULL),(30,'18910107363','于先生',0,'2015-11-06 06:59:43','https://dn-o2fit.qbox.me/417b7d76846111e5b2a500163e00701b.jpg',0,NULL,'','',0,0,0,1,'要么又胖又丑，要么只剩下丑',NULL,'customer','[]',NULL,NULL,1,NULL),(31,'1234567899','王思宜',0,'2015-11-06 06:59:43','https://dn-o2fit.qbox.me/default_avatar.png',0,NULL,'','',0,0,0,1,'',NULL,'customer','[]',NULL,NULL,1,NULL),(32,'125321588','陈帅',0,'2015-11-11 09:06:12','http://7xiwfp.com1.z0.glb.clouddn.com/default_avatar.png',0,NULL,'','',0,0,0,1,'',NULL,'customer','[]',NULL,NULL,1,NULL),(33,'975461328','段誉',0,'2015-11-12 13:19:54','http://7xiwfp.com1.z0.glb.clouddn.com/default_avatar.png',0,NULL,'','',0,0,0,1,'',NULL,'customer','[]',NULL,NULL,1,NULL),(34,'123652365','胡菲',0,'2015-11-16 15:38:33','http://7xiwfp.com1.z0.glb.clouddn.com/default_avatar.png',0,NULL,'','',0,0,0,1,'',NULL,'customer','[]',NULL,NULL,1,NULL),(35,'123454321','蒋铄',0,'2015-11-17 02:54:10','http://7xiwfp.com1.z0.glb.clouddn.com/default_avatar.png',0,NULL,'','',0,0,0,1,'',NULL,'customer','[]',NULL,NULL,1,NULL),(36,'40012341234','Starbucks',0,'2015-11-17 02:54:10','http://7xiwfp.com1.z0.glb.clouddn.com/default_avatar.png',0,NULL,'','',0,0,0,1,'',NULL,'customer','[]',NULL,NULL,1,NULL),(37,'8001234','Marcus Cook',0,'2015-11-17 02:54:10','http://7xiwfp.com1.z0.glb.clouddn.com/default_avatar.png',0,NULL,'','',0,0,0,1,'',NULL,'customer','[]',NULL,NULL,1,NULL),(38,'18311111111','陈龙',1,'2015-11-22 07:35:06','http://7xiwfp.com1.z0.glb.clouddn.com/default_avatar.png',0,NULL,'','',0,0,0,1,'',NULL,'customer','[]',NULL,NULL,1,NULL),(39,'18910101010','李逵',1,'2015-11-22 07:35:06','http://7xiwfp.com1.z0.glb.clouddn.com/default_avatar.png',0,NULL,'','',0,0,0,1,'',NULL,'customer','[]',NULL,NULL,1,NULL),(40,'18750291111','汪教练',1,'2015-11-22 07:35:06','http://7xiwfp.com1.z0.glb.clouddn.com/default_avatar.png',0,NULL,'','',0,0,0,1,'',NULL,'customer','[]',NULL,NULL,1,NULL),(41,'18181818181','汪洋',0,'2015-11-22 07:35:06','http://7xiwfp.com1.z0.glb.clouddn.com/default_avatar.png',0,NULL,'','',0,0,0,1,'',NULL,'customer','[]',NULL,NULL,1,NULL),(42,'010-89567491','张星',0,'2015-11-22 07:35:06','http://7xiwfp.com1.z0.glb.clouddn.com/default_avatar.png',0,NULL,'','',0,0,0,1,'',NULL,'customer','[]',NULL,NULL,1,NULL),(43,'183110909090','黄章源',0,'2015-11-22 07:35:06','http://7xiwfp.com1.z0.glb.clouddn.com/default_avatar.png',0,NULL,'','',0,0,0,1,'',NULL,'customer','[]',NULL,NULL,1,NULL),(44,'1222222222','张张',0,'2015-11-23 17:36:39','http://7xiwfp.com1.z0.glb.clouddn.com/default_avatar.png',0,NULL,'','',0,0,0,1,'',NULL,'customer','[]',NULL,NULL,1,NULL),(45,'12343211234','汪海',1,'2015-11-24 16:36:08','http://7xiwfp.com1.z0.glb.clouddn.com/default_avatar.png',0,NULL,'','',0,0,0,1,'',NULL,'customer','[]',NULL,NULL,1,NULL),(46,'13381177599','阿宝',0,'2015-11-24 16:36:08','http://7xiwfp.com1.z0.glb.clouddn.com/default_avatar.png',0,NULL,'','',0,0,0,1,'',NULL,'customer','[]',NULL,NULL,1,NULL),(47,'13333332323','张依',0,'2015-11-24 16:36:08','http://7xiwfp.com1.z0.glb.clouddn.com/default_avatar.png',0,NULL,'','',0,0,0,1,'',NULL,'customer','[]',NULL,NULL,1,NULL),(48,'18911022201','胡勇',1,'2015-11-24 16:36:08','http://7xiwfp.com1.z0.glb.clouddn.com/default_avatar.png',0,NULL,'','',0,0,0,1,'',NULL,'customer','[]',NULL,NULL,1,NULL),(49,'13811746955','Joey Lee',1,'2015-11-25 12:14:24','https://dn-o2fit.qbox.me/0ef8c47297e311e58f0f00163e00701b.jpg',0,NULL,'','',1,13,0,1,'漂泊',NULL,'customer','[]',NULL,NULL,1,NULL),(50,'18910197363','虞柳河',0,'2015-11-25 12:14:24','http://7xiwfp.com1.z0.glb.clouddn.com/default_avatar.png',0,NULL,'','',0,0,0,1,'',NULL,'customer','[]',NULL,NULL,1,NULL),(51,'18311281234','张翠山',0,'2015-11-25 12:14:24','http://7xiwfp.com1.z0.glb.clouddn.com/default_avatar.png',0,NULL,'','',0,0,0,1,'',NULL,'customer','[]',NULL,NULL,1,NULL),(52,'18311282828','刘明',1,'2015-11-25 12:14:24','http://7xiwfp.com1.z0.glb.clouddn.com/default_avatar.png',0,NULL,'','',1,1,0,1,'',NULL,'admin','[7]',NULL,NULL,1,NULL),(53,'1918191991','宋先生',0,'2015-11-25 12:14:24','http://7xiwfp.com1.z0.glb.clouddn.com/default_avatar.png',0,NULL,'','',0,0,0,1,'',NULL,'customer','[]',NULL,NULL,1,NULL),(54,'18510628227','yiran',0,'2015-11-26 15:59:10','http://7xiwfp.com1.z0.glb.clouddn.com/default_avatar.png',0,NULL,'','',0,0,0,0,'健身努力健身','','customer','[]',NULL,NULL,1,NULL),(55,'18910101','赵致敬',0,'2015-11-26 15:59:10','http://7xiwfp.com1.z0.glb.clouddn.com/default_avatar.png',0,NULL,'','',0,0,0,1,'','','customer','[]',NULL,NULL,1,NULL),(56,'18518339004','18518339004',0,'2015-11-29 03:49:58','http://7xiwfp.com1.z0.glb.clouddn.com/default_avatar.png',0,NULL,'','',0,0,0,1,'','','customer','[]',NULL,NULL,1,NULL),(57,'1391010737','李天一',0,'2015-11-29 03:49:58','http://7xiwfp.com1.z0.glb.clouddn.com/default_avatar.png',0,NULL,'','',0,0,0,1,'','','customer','[]',NULL,NULL,1,NULL),(58,'18612290728','18612290728',0,'2015-11-29 03:49:58','http://7xiwfp.com1.z0.glb.clouddn.com/default_avatar.png',0,NULL,'','',0,0,0,1,'','','customer','[]',NULL,NULL,1,NULL),(59,'1338117755','许昌',0,'2015-11-29 03:49:58','http://7xiwfp.com1.z0.glb.clouddn.com/default_avatar.png',0,NULL,'','',0,0,0,1,'','','customer','[]',NULL,NULL,1,NULL),(60,'13811193933','张三',0,'2015-11-29 03:49:58','http://7xiwfp.com1.z0.glb.clouddn.com/default_avatar.png',0,NULL,'','',0,0,0,1,'','','customer','[]',NULL,NULL,1,NULL),(61,'1355555555','李思',0,'2015-11-29 03:49:58','http://7xiwfp.com1.z0.glb.clouddn.com/default_avatar.png',0,NULL,'','',0,0,0,1,'','','customer','[]',NULL,NULL,1,NULL),(62,'13681586987','13681586987',1,'2015-11-29 03:49:58','https://dn-o2fit.qbox.me/f29a13d697eb11e58f0f00163e00701b.jpg',0,NULL,'','',0,0,0,1,'','','admin','[8]',NULL,NULL,1,NULL),(63,'18210231292','曲和平',1,'2015-11-29 03:49:58','http://7xiwfp.com1.z0.glb.clouddn.com/default_avatar.png',0,NULL,'','',0,0,0,1,'','','customer','[]',NULL,NULL,1,NULL),(64,'12121123424','李莫愁',0,'2015-12-01 06:27:09','http://7xiwfp.com1.z0.glb.clouddn.com/default_avatar.png',0,NULL,'','',0,0,0,1,'','','customer','[]',NULL,NULL,1,NULL),(65,'13112222334','张二',0,'2015-12-01 18:01:34','http://7xiwfp.com1.z0.glb.clouddn.com/default_avatar.png',0,NULL,'','',0,0,0,1,'','','customer','[]',NULL,NULL,1,NULL),(66,'18910978597','18910978597',0,'2015-12-02 11:12:55','http://7xiwfp.com1.z0.glb.clouddn.com/default_avatar.png',0,NULL,'','',0,0,0,1,'','','customer','[]',NULL,NULL,1,NULL),(67,'13466662196','王炜',0,'2015-12-02 11:12:55','http://7xiwfp.com1.z0.glb.clouddn.com/default_avatar.png',0,NULL,'','',0,0,0,1,'','','customer','[]',NULL,NULL,1,NULL),(68,'1','氧气测试',0,'2015-12-02 11:12:55','http://7xiwfp.com1.z0.glb.clouddn.com/default_avatar.png',0,NULL,'','',0,0,0,1,'','','customer','[]',NULL,NULL,1,NULL),(69,'','',0,'2015-12-02 11:12:55','http://7xiwfp.com1.z0.glb.clouddn.com/default_avatar.png',0,NULL,'','',0,0,0,1,'','','customer','[]',NULL,NULL,1,NULL),(70,'18600984682','徐沛义',1,'2015-12-02 11:12:55','http://7xiwfp.com1.z0.glb.clouddn.com/default_avatar.png',0,NULL,'','',0,0,0,1,'','','customer','[]',NULL,NULL,1,NULL),(71,'13301371116','明媚',0,'2015-12-02 11:12:55','http://7xiwfp.com1.z0.glb.clouddn.com/default_avatar.png',0,NULL,'','',0,0,0,1,'','','customer','[]',NULL,NULL,1,NULL),(72,'18611648355','李文君',0,'2015-12-02 11:12:55','http://7xiwfp.com1.z0.glb.clouddn.com/default_avatar.png',0,NULL,'','',0,0,0,1,'','','customer','[]',NULL,NULL,1,NULL),(73,'18511452610','18511452610',0,'2015-12-02 11:12:55','http://7xiwfp.com1.z0.glb.clouddn.com/default_avatar.png',0,NULL,'','',0,0,0,1,'','','customer','[]',NULL,NULL,1,NULL),(74,'1861229087','吴先生',1,'2015-12-02 11:12:55','http://7xiwfp.com1.z0.glb.clouddn.com/default_avatar.png',0,NULL,'','',0,0,0,1,'','','customer','[]',NULL,NULL,1,NULL),(75,'1861229072','kin',1,'2015-12-02 11:12:55','https://dn-o2fit.qbox.me/IMG_0761.JPG',0,NULL,'','',1,9,0,1,'','','customer','[]',NULL,NULL,1,NULL),(76,'123456','小鲜肉',0,'2015-12-02 11:12:55','http://7xiwfp.com1.z0.glb.clouddn.com/default_avatar.png',0,NULL,'','',0,0,0,1,'','','customer','[]',NULL,NULL,1,NULL),(77,'13505758345','马飞',1,'2015-12-02 11:12:55','http://7xiwfp.com1.z0.glb.clouddn.com/default_avatar.png',0,NULL,'','',0,0,0,1,'','','admin','[9]',NULL,NULL,1,NULL),(78,'18005758345','石贤花',0,'2015-12-02 11:12:55','http://7xiwfp.com1.z0.glb.clouddn.com/default_avatar.png',0,NULL,'','',0,0,0,1,'','','customer','[]',NULL,NULL,1,NULL),(79,'1333313131313','美孟孟',0,'2015-12-02 11:12:55','http://7xiwfp.com1.z0.glb.clouddn.com/default_avatar.png',0,NULL,'','',0,0,0,1,'','','customer','[]',NULL,NULL,1,NULL),(80,'1221224343','张23',0,'2015-12-02 11:12:55','http://7xiwfp.com1.z0.glb.clouddn.com/default_avatar.png',0,NULL,'','',0,0,0,1,'','','customer','[]',NULL,NULL,1,NULL),(81,'12212134341','李四四',0,'2015-12-02 11:12:55','http://7xiwfp.com1.z0.glb.clouddn.com/default_avatar.png',0,NULL,'','',0,0,0,1,'','','customer','[]',NULL,NULL,1,NULL),(82,'15498546','有一',0,'2015-12-02 11:12:55','http://7xiwfp.com1.z0.glb.clouddn.com/default_avatar.png',0,NULL,'','',0,0,0,1,'','','customer','[]',NULL,NULL,1,NULL),(83,'13611059727','段珂鹏',1,'2015-12-02 11:12:55','https://dn-o2fit.qbox.me/35ff61d6a55611e5b7a200163e00701b.jpg',0,NULL,'','Bay Max创始人。北京市明星教练！',0,340,0,1,'永不放弃','','customer','[10]',NULL,NULL,0,NULL),(84,'18514569443','ViVi',1,'2015-12-02 11:12:55','https://dn-o2fit.qbox.me/1efcc296a55411e5b7a200163e00701b.jpg',0,NULL,'','',0,488,0,0,'如果你累了，就要学会休息，而不是放弃。','','customer','[]',NULL,NULL,1,NULL),(85,'18511840588','BOBBY',1,'2015-12-02 11:12:55','https://dn-o2fit.qbox.me/5932fcd2a55911e5b7a200163e00701b.jpg',0,NULL,'','',0,0,0,1,'跟随强森先生的脚步，永不停歇','','customer','[]',NULL,NULL,1,NULL),(86,'18611126091','焦道行',1,'2015-12-02 11:12:55','https://dn-o2fit.qbox.me/39b1c686a55911e5b7a200163e00701b.jpg',0,NULL,'','',0,502,0,1,'我的健康 我做主','','customer','[]',NULL,NULL,1,NULL),(87,'18329477103','姚玲',1,'2015-12-02 11:12:55','https://dn-o2fit.qbox.me/姚玲.JPG',0,NULL,'','',0,352,0,0,'','','customer','[]',NULL,NULL,1,NULL),(88,'13701263248','奥利弗',1,'2015-12-02 11:12:55','https://dn-o2fit.qbox.me/奥利弗2.jpg',0,NULL,'','',0,431,0,1,'','','admin','[17]',NULL,NULL,1,NULL),(89,'123','测试1',0,'2015-12-19 03:12:39','http://7xiwfp.com1.z0.glb.clouddn.com/default_avatar.png',0,NULL,'','',0,0,0,1,'','','customer','[]',NULL,NULL,1,NULL),(90,'1231238765','有效期测试',0,'2015-12-19 18:47:12','http://7xiwfp.com1.z0.glb.clouddn.com/default_avatar.png',0,NULL,'','',0,0,0,1,'','','customer','[]',NULL,NULL,1,NULL),(91,'123176345','duration',0,'2015-12-19 18:47:12','http://7xiwfp.com1.z0.glb.clouddn.com/default_avatar.png',0,NULL,'','',0,0,0,1,'','','customer','[]',NULL,NULL,1,NULL),(92,'18331155935',' 黄豹',1,'2015-12-19 18:47:12','http://7xiwfp.com1.z0.glb.clouddn.com/default_avatar.png',0,NULL,'','',0,0,0,1,'','','admin','[14]',NULL,NULL,1,NULL),(93,'15712896993','苗苗',0,'2015-12-19 18:47:12','http://7xiwfp.com1.z0.glb.clouddn.com/default_avatar.png',0,NULL,'','',0,0,0,1,'','','customer','[]',NULL,NULL,1,NULL),(94,'124556790','测试订单',0,'2015-12-19 18:47:12','http://7xiwfp.com1.z0.glb.clouddn.com/default_avatar.png',0,NULL,'','',0,0,0,1,'','','customer','[]',NULL,NULL,1,NULL),(95,'13811707737','测试',0,'2015-12-20 12:26:41','http://7xiwfp.com1.z0.glb.clouddn.com/default_avatar.png',0,NULL,'','',0,0,0,1,'','','customer','[]',NULL,NULL,1,NULL),(96,'12343532222','阿含',0,'2015-12-20 12:26:41','http://7xiwfp.com1.z0.glb.clouddn.com/default_avatar.png',0,NULL,'','',0,0,0,1,'','','customer','[]',NULL,NULL,1,NULL),(97,'18674047199','纪勇',1,'2015-12-22 03:09:57','https://dn-o2fit.qbox.me/纪勇2.jpg',0,NULL,'','',0,148,0,1,'','','customer','[]',NULL,NULL,1,NULL),(98,'13683610978','龚义',0,'2015-12-22 03:09:57','http://7xiwfp.com1.z0.glb.clouddn.com/default_avatar.png',0,NULL,'','',0,0,0,1,'','','customer','[]',NULL,NULL,1,NULL),(99,'13810278256','钱维鹏',0,'2015-12-22 03:09:57','http://7xiwfp.com1.z0.glb.clouddn.com/default_avatar.png',0,NULL,'','',0,0,0,1,'','','customer','[]',NULL,NULL,1,NULL),(100,'13261788393','朱莹',0,'2015-12-27 16:47:19','http://7xiwfp.com1.z0.glb.clouddn.com/default_avatar.png',0,NULL,'','',0,0,0,0,'','','customer','[]',NULL,NULL,1,NULL),(101,'18611398286','谭小葵',0,'2015-12-29 07:07:39','http://7xiwfp.com1.z0.glb.clouddn.com/default_avatar.png',0,NULL,'','',0,0,0,0,'','','customer','[]',NULL,NULL,1,NULL),(102,'15001231320','Betty',0,'2015-12-29 07:07:39','http://7xiwfp.com1.z0.glb.clouddn.com/default_avatar.png',0,NULL,'','',0,0,0,0,'','','customer','[]',NULL,NULL,1,NULL),(103,'15652332730','马洋',0,'2015-12-29 07:07:39','http://7xiwfp.com1.z0.glb.clouddn.com/default_avatar.png',0,NULL,'','',0,0,0,0,'','','customer','[]',NULL,NULL,1,NULL),(104,'15201287626','张旭',0,'2015-12-29 07:07:39','http://7xiwfp.com1.z0.glb.clouddn.com/default_avatar.png',0,NULL,'','',0,0,0,1,'','','customer','[]',NULL,NULL,1,NULL),(105,'13810301822','BeiBei',0,'2015-12-29 07:07:39','http://7xiwfp.com1.z0.glb.clouddn.com/default_avatar.png',0,NULL,'','',0,0,0,0,'','','customer','[]',NULL,NULL,1,NULL),(106,'13810920342','吴薇',0,'2015-12-29 07:07:39','http://7xiwfp.com1.z0.glb.clouddn.com/default_avatar.png',0,NULL,'','',0,0,0,0,'','','customer','[]',NULL,NULL,1,NULL),(107,'13800000000','陈浠林',0,'2015-12-29 07:07:39','http://7xiwfp.com1.z0.glb.clouddn.com/default_avatar.png',0,NULL,'','',0,0,0,0,'','','customer','[]',NULL,NULL,1,NULL),(108,'18930281931','来年',0,'2015-12-29 08:06:12','http://7xiwfp.com1.z0.glb.clouddn.com/default_avatar.png',0,NULL,'','',0,0,0,0,'','','customer','[]',NULL,NULL,1,NULL),(109,'12893748592','三十',0,'2015-12-29 08:06:12','http://7xiwfp.com1.z0.glb.clouddn.com/default_avatar.png',0,NULL,'','',0,0,0,0,'','','customer','[]',NULL,NULL,1,NULL),(110,'13502853280','陈海林',0,'2015-12-29 08:06:12','http://7xiwfp.com1.z0.glb.clouddn.com/default_avatar.png',0,NULL,'','',0,0,0,0,'','','customer','[]',NULL,NULL,1,NULL),(111,'13911587666','于金玉',0,'2015-12-29 08:06:12','http://7xiwfp.com1.z0.glb.clouddn.com/default_avatar.png',0,NULL,'','',0,0,0,0,'','','customer','[]',NULL,NULL,1,NULL),(112,'13269556108','周雨皓',0,'2015-12-29 08:06:12','http://7xiwfp.com1.z0.glb.clouddn.com/default_avatar.png',0,NULL,'','',0,0,0,1,'','','customer','[]',NULL,NULL,1,NULL),(113,'18611630221','刘茹芮',0,'2015-12-29 08:06:12','http://7xiwfp.com1.z0.glb.clouddn.com/default_avatar.png',0,NULL,'','',0,0,0,0,'','','customer','[]',NULL,NULL,1,NULL),(114,'18210338561','千马静祥',0,'2015-12-29 08:06:12','https://dn-o2fit.qbox.me/df46983eb15111e5881000163e00701b.jpg',0,NULL,'','',0,0,0,0,'','','customer','[]',NULL,NULL,1,NULL),(115,'13311389366','杨帆',0,'2015-12-29 08:06:12','http://7xiwfp.com1.z0.glb.clouddn.com/default_avatar.png',0,NULL,'','',0,0,0,0,'','','customer','[]',NULL,NULL,1,NULL),(116,'18515587296','雪纯',0,'2015-12-29 08:06:12','http://7xiwfp.com1.z0.glb.clouddn.com/default_avatar.png',0,NULL,'','',0,0,0,0,'','','customer','[]',NULL,NULL,1,NULL),(117,'13811868276','许雅丹',0,'2015-12-29 08:06:12','http://7xiwfp.com1.z0.glb.clouddn.com/default_avatar.png',0,NULL,'','',0,0,0,0,'','','customer','[]',NULL,NULL,1,NULL),(118,'18911263975','蔡笑尘',0,'2015-12-29 08:06:12','http://7xiwfp.com1.z0.glb.clouddn.com/default_avatar.png',0,NULL,'','',0,0,0,0,'','','customer','[]',NULL,NULL,1,NULL),(119,'13681106576','王娜',0,'2015-12-29 08:06:12','http://7xiwfp.com1.z0.glb.clouddn.com/default_avatar.png',0,NULL,'','',0,0,0,0,'','','customer','[]',NULL,NULL,1,NULL),(120,'18210201096','李秀婷',0,'2015-12-29 08:06:12','http://7xiwfp.com1.z0.glb.clouddn.com/default_avatar.png',0,NULL,'','',0,0,0,0,'','','customer','[]',NULL,NULL,1,NULL),(121,'13795381237','接道群',0,'2015-12-29 08:06:12','http://7xiwfp.com1.z0.glb.clouddn.com/default_avatar.png',0,NULL,'','',0,0,0,1,'','','customer','[]',NULL,NULL,1,NULL),(122,'13911235013','张超',0,'2015-12-29 08:06:12','http://7xiwfp.com1.z0.glb.clouddn.com/default_avatar.png',0,NULL,'','',0,0,0,1,'','','customer','[]',NULL,NULL,1,NULL),(123,'13501099802','王楚楚',0,'2015-12-29 08:06:12','http://7xiwfp.com1.z0.glb.clouddn.com/default_avatar.png',0,NULL,'','',0,0,0,0,'','','customer','[]',NULL,NULL,1,NULL),(124,'13XXXXXXXXX','马茁丁',0,'2015-12-29 08:06:12','http://7xiwfp.com1.z0.glb.clouddn.com/default_avatar.png',0,NULL,'','',0,0,0,1,'','','customer','[]',NULL,NULL,1,NULL),(125,'13644532768','朴红旭',0,'2015-12-29 08:06:12','http://7xiwfp.com1.z0.glb.clouddn.com/default_avatar.png',0,NULL,'','',0,0,0,1,'','','customer','[]',NULL,NULL,1,NULL),(126,'13681190716','高明',0,'2015-12-29 08:06:12','http://7xiwfp.com1.z0.glb.clouddn.com/default_avatar.png',0,NULL,'','',0,0,0,0,'','','customer','[]',NULL,NULL,1,NULL),(127,'13911729352','佟心心',0,'2015-12-29 08:06:12','http://7xiwfp.com1.z0.glb.clouddn.com/default_avatar.png',0,NULL,'','',0,0,0,0,'','','customer','[]',NULL,NULL,1,NULL),(128,'13810324303','张宇航',0,'2015-12-29 11:34:00','http://7xiwfp.com1.z0.glb.clouddn.com/default_avatar.png',0,NULL,'','',0,0,0,1,'','','customer','[]',NULL,NULL,1,NULL),(129,'15652919856','雍子薇',0,'2015-12-29 11:34:00','http://7xiwfp.com1.z0.glb.clouddn.com/default_avatar.png',0,NULL,'','',0,0,0,0,'','','customer','[]',NULL,NULL,1,NULL),(130,'13810250359','贾佳',0,'2015-12-29 11:34:00','http://7xiwfp.com1.z0.glb.clouddn.com/default_avatar.png',0,NULL,'','',0,0,0,0,'','','customer','[]',NULL,NULL,1,NULL),(131,'15321799278','刘欣',0,'2015-12-29 11:34:00','http://7xiwfp.com1.z0.glb.clouddn.com/default_avatar.png',0,NULL,'','',0,0,0,0,'','','customer','[]',NULL,NULL,1,NULL),(132,'18600986977','Jason',0,'2015-12-29 11:34:00','http://7xiwfp.com1.z0.glb.clouddn.com/default_avatar.png',0,NULL,'','',0,0,0,1,'','','customer','[]',NULL,NULL,1,NULL),(133,'13601050876','王佳',0,'2015-12-29 11:34:00','http://7xiwfp.com1.z0.glb.clouddn.com/default_avatar.png',0,NULL,'','',0,0,0,0,'','','customer','[]',NULL,NULL,1,NULL),(134,'13910287235','韩飞',0,'2015-12-29 11:34:00','http://7xiwfp.com1.z0.glb.clouddn.com/default_avatar.png',0,NULL,'','',0,0,0,1,'','','customer','[]',NULL,NULL,1,NULL),(135,'13701211378','王沛然',0,'2015-12-29 11:34:00','http://7xiwfp.com1.z0.glb.clouddn.com/default_avatar.png',0,NULL,'','',0,0,0,1,'','','customer','[]',NULL,NULL,1,NULL),(136,'15810251744','周喧博',0,'2015-12-29 11:34:00','http://7xiwfp.com1.z0.glb.clouddn.com/default_avatar.png',0,NULL,'','',0,0,0,1,'','','customer','[]',NULL,NULL,1,NULL),(137,'18001272090','胡玥',0,'2015-12-29 11:34:00','http://7xiwfp.com1.z0.glb.clouddn.com/default_avatar.png',0,NULL,'','',0,0,0,0,'','','customer','[]',NULL,NULL,1,NULL),(138,'13810919128','高艺',0,'2015-12-29 11:34:00','http://7xiwfp.com1.z0.glb.clouddn.com/default_avatar.png',0,NULL,'','',0,0,0,0,'','','customer','[]',NULL,NULL,1,NULL),(139,'18311067005','杨彪',0,'2015-12-29 11:34:00','http://7xiwfp.com1.z0.glb.clouddn.com/default_avatar.png',0,NULL,'','',0,0,0,1,'','','customer','[]',NULL,NULL,1,NULL),(140,'18500050969','郭妍妍',0,'2015-12-29 11:34:00','http://7xiwfp.com1.z0.glb.clouddn.com/default_avatar.png',0,NULL,'','',0,0,0,0,'','','customer','[]',NULL,NULL,1,NULL),(141,'13911727727','余多多',0,'2015-12-29 11:34:00','http://7xiwfp.com1.z0.glb.clouddn.com/default_avatar.png',0,NULL,'','',0,0,0,0,'','','customer','[]',NULL,NULL,1,NULL),(142,'13488727347','许淑媛',0,'2015-12-29 11:34:00','http://7xiwfp.com1.z0.glb.clouddn.com/default_avatar.png',0,NULL,'','',0,0,0,0,'','','customer','[]',NULL,NULL,1,NULL),(143,'18686902888','杨略',0,'2015-12-29 11:34:00','http://7xiwfp.com1.z0.glb.clouddn.com/default_avatar.png',0,NULL,'','',0,0,0,1,'','','customer','[]',NULL,NULL,1,NULL),(144,'13311336917','包嘉会',0,'2015-12-29 11:34:00','http://7xiwfp.com1.z0.glb.clouddn.com/default_avatar.png',0,NULL,'','',0,0,0,1,'','','customer','[]',NULL,NULL,1,NULL),(145,'13810337121','夏倩',0,'2015-12-29 11:34:00','http://7xiwfp.com1.z0.glb.clouddn.com/default_avatar.png',0,NULL,'','',0,0,0,0,'','','customer','[]',NULL,NULL,1,NULL),(146,'18970693710','易怡',0,'2015-12-29 11:34:00','http://7xiwfp.com1.z0.glb.clouddn.com/default_avatar.png',0,NULL,'','',0,0,0,0,'','','customer','[]',NULL,NULL,1,NULL),(147,'15652694148','汪明水',0,'2015-12-29 11:34:00','http://7xiwfp.com1.z0.glb.clouddn.com/default_avatar.png',0,NULL,'','',0,0,0,0,'','','customer','[]',NULL,NULL,1,NULL),(148,'18810312458','张策',0,'2015-12-29 11:34:00','http://7xiwfp.com1.z0.glb.clouddn.com/default_avatar.png',0,NULL,'','',0,0,0,1,'','','customer','[]',NULL,NULL,1,NULL),(149,'18510869779','张闻',0,'2015-12-29 11:34:00','http://7xiwfp.com1.z0.glb.clouddn.com/default_avatar.png',0,NULL,'','',0,0,0,0,'','','customer','[]',NULL,NULL,1,NULL),(150,'15210600267','朱丹华',0,'2015-12-29 11:34:00','http://7xiwfp.com1.z0.glb.clouddn.com/default_avatar.png',0,NULL,'','',0,0,0,0,'','','customer','[]',NULL,25,1,NULL),(151,'15837151669','王琰',0,'2015-12-29 11:34:00','http://7xiwfp.com1.z0.glb.clouddn.com/default_avatar.png',0,NULL,'','',0,0,0,0,'','','customer','[]',NULL,NULL,1,NULL),(152,'13693610978','龚轶',0,'2015-12-29 11:34:00','http://7xiwfp.com1.z0.glb.clouddn.com/default_avatar.png',0,NULL,'','',0,0,0,0,'','','customer','[]',NULL,NULL,1,NULL),(153,'13910156220','胡绍楠',0,'2015-12-29 11:34:00','http://7xiwfp.com1.z0.glb.clouddn.com/default_avatar.png',0,NULL,'','',0,0,0,1,'','','customer','[]',NULL,NULL,1,NULL),(154,'15810500127','朱玉亭',0,'2015-12-29 11:34:00','http://7xiwfp.com1.z0.glb.clouddn.com/default_avatar.png',0,NULL,'','',0,0,0,0,'','','customer','[]',NULL,NULL,1,NULL),(155,'18611185168','李金津',0,'2015-12-29 11:34:00','http://7xiwfp.com1.z0.glb.clouddn.com/default_avatar.png',0,NULL,'','',0,0,0,0,'','','customer','[]',NULL,NULL,1,NULL),(156,'13683183648','王超音',0,'2015-12-29 11:34:00','http://7xiwfp.com1.z0.glb.clouddn.com/default_avatar.png',0,NULL,'','',0,0,0,0,'','','customer','[]',NULL,NULL,1,NULL),(157,'18611073596','崔盈盈',0,'2015-12-29 11:34:00','http://7xiwfp.com1.z0.glb.clouddn.com/default_avatar.png',0,NULL,'','',0,0,0,0,'','','customer','[]',NULL,NULL,1,NULL),(158,'15011487287','薛莹',0,'2015-12-29 11:34:00','http://7xiwfp.com1.z0.glb.clouddn.com/default_avatar.png',0,NULL,'','',0,0,0,0,'','','customer','[]',NULL,NULL,1,NULL),(159,'13426472941','康静',0,'2015-12-29 11:34:00','http://7xiwfp.com1.z0.glb.clouddn.com/default_avatar.png',0,NULL,'','',0,0,0,0,'','','customer','[]',NULL,NULL,1,NULL),(160,'15810952076','李潇潇',0,'2015-12-29 11:34:00','http://7xiwfp.com1.z0.glb.clouddn.com/default_avatar.png',0,NULL,'','',0,0,0,0,'','','customer','[]',NULL,NULL,1,NULL),(161,'15001122309','周宇超',0,'2015-12-29 11:34:00','http://7xiwfp.com1.z0.glb.clouddn.com/default_avatar.png',0,NULL,'','',0,0,0,1,'','','customer','[]',NULL,NULL,1,NULL),(162,'13581844216','李响',0,'2015-12-29 11:34:00','http://7xiwfp.com1.z0.glb.clouddn.com/default_avatar.png',0,NULL,'','',0,0,0,1,'','','customer','[]',NULL,NULL,1,NULL),(163,'13513435520','张艺铖',0,'2015-12-29 11:34:00','http://7xiwfp.com1.z0.glb.clouddn.com/default_avatar.png',0,NULL,'','',0,0,0,1,'','','customer','[]',NULL,NULL,1,NULL),(164,'13581896472','李杨阳',0,'2015-12-29 11:34:00','http://7xiwfp.com1.z0.glb.clouddn.com/default_avatar.png',0,NULL,'','',0,0,0,1,'','','customer','[]',NULL,NULL,1,NULL),(165,'13693156516','吴霁思',0,'2015-12-29 11:34:00','http://7xiwfp.com1.z0.glb.clouddn.com/default_avatar.png',0,NULL,'','',0,0,0,1,'','','customer','[]',NULL,NULL,1,NULL),(166,'13901368839','牟杰',0,'2015-12-29 11:34:00','http://7xiwfp.com1.z0.glb.clouddn.com/default_avatar.png',0,NULL,'','',0,0,0,1,'','','customer','[]',NULL,NULL,1,NULL),(167,'15701571459','白云浩',0,'2015-12-29 11:34:00','http://7xiwfp.com1.z0.glb.clouddn.com/default_avatar.png',0,NULL,'','',0,0,0,1,'','','customer','[]',NULL,NULL,1,NULL),(168,'15227780599','刘鑫',0,'2015-12-29 11:34:00','http://7xiwfp.com1.z0.glb.clouddn.com/default_avatar.png',0,NULL,'','',0,0,0,0,'','','customer','[]',NULL,NULL,1,NULL),(169,'13810371464','王赫',0,'2015-12-29 11:34:00','http://7xiwfp.com1.z0.glb.clouddn.com/default_avatar.png',0,NULL,'','',0,0,0,0,'','','customer','[]',NULL,NULL,1,NULL),(170,'13511079560','孟琳，谢超',0,'2015-12-29 11:34:00','http://7xiwfp.com1.z0.glb.clouddn.com/default_avatar.png',0,NULL,'','',0,0,0,0,'','','customer','[]',NULL,NULL,1,NULL),(171,'15801314360','许业康',0,'2015-12-29 11:34:00','http://7xiwfp.com1.z0.glb.clouddn.com/default_avatar.png',0,NULL,'','',0,0,0,1,'','','customer','[]',NULL,NULL,1,NULL),(172,'18810408940','屈金烨',0,'2015-12-29 11:34:00','http://7xiwfp.com1.z0.glb.clouddn.com/default_avatar.png',0,NULL,'','',0,0,0,1,'','','customer','[]',NULL,NULL,1,NULL),(173,'18601005396','王研芳',0,'2015-12-29 11:34:00','http://7xiwfp.com1.z0.glb.clouddn.com/default_avatar.png',0,NULL,'','',0,0,0,0,'','','customer','[]',NULL,NULL,1,NULL),(174,'18810593259','吴俊',0,'2015-12-29 11:34:00','http://7xiwfp.com1.z0.glb.clouddn.com/default_avatar.png',0,NULL,'','',0,0,0,1,'','','customer','[]',NULL,NULL,1,NULL),(175,'13810214726','关静怡',0,'2015-12-29 11:34:00','http://7xiwfp.com1.z0.glb.clouddn.com/default_avatar.png',0,NULL,'','',0,0,0,0,'','','customer','[]',NULL,NULL,1,NULL),(176,'18611517997','黄晨晨',0,'2015-12-29 11:34:00','http://7xiwfp.com1.z0.glb.clouddn.com/default_avatar.png',0,NULL,'','',0,0,0,0,'','','customer','[]',NULL,NULL,1,NULL),(177,'18701160107','许梦琦',0,'2015-12-29 11:34:00','http://7xiwfp.com1.z0.glb.clouddn.com/default_avatar.png',0,NULL,'','',0,0,0,0,'','','customer','[]',NULL,NULL,1,NULL),(178,'15210860757','斯琴',0,'2015-12-29 11:34:00','http://7xiwfp.com1.z0.glb.clouddn.com/default_avatar.png',0,NULL,'','',0,0,0,0,'','','customer','[]',NULL,NULL,1,NULL),(179,'13901236091','汤宁',0,'2015-12-29 11:34:00','http://7xiwfp.com1.z0.glb.clouddn.com/default_avatar.png',0,NULL,'','',0,0,0,0,'','','customer','[]',NULL,NULL,1,NULL),(180,'13811652439','杨超',0,'2015-12-29 11:34:00','http://7xiwfp.com1.z0.glb.clouddn.com/default_avatar.png',0,NULL,'','',0,0,0,1,'','','customer','[]',NULL,NULL,1,NULL),(181,'13701056320','董喆',0,'2015-12-29 11:34:00','http://7xiwfp.com1.z0.glb.clouddn.com/default_avatar.png',0,NULL,'','',0,0,0,0,'','','customer','[]',NULL,NULL,1,NULL),(182,'18501125214','金媛',0,'2015-12-29 11:34:00','http://7xiwfp.com1.z0.glb.clouddn.com/default_avatar.png',0,NULL,'','',0,0,0,0,'','','customer','[]',NULL,NULL,1,NULL),(183,'15910907433','白雪',0,'2015-12-29 11:34:00','http://7xiwfp.com1.z0.glb.clouddn.com/default_avatar.png',0,NULL,'','',0,0,0,0,'','','customer','[]',NULL,NULL,1,NULL),(184,'15810269038','韩一',0,'2015-12-29 11:34:00','http://7xiwfp.com1.z0.glb.clouddn.com/default_avatar.png',0,NULL,'','',0,0,0,1,'','','customer','[]',NULL,NULL,1,NULL),(185,'18610276646','王雪',0,'2015-12-29 11:34:00','http://7xiwfp.com1.z0.glb.clouddn.com/default_avatar.png',0,NULL,'','',0,0,0,0,'','','customer','[]',NULL,NULL,1,NULL),(186,'13501103027','温守东',0,'2015-12-29 11:34:00','http://7xiwfp.com1.z0.glb.clouddn.com/default_avatar.png',0,NULL,'','',0,0,0,1,'','','customer','[]',NULL,NULL,1,NULL),(187,'13910051944','王晗',0,'2015-12-29 11:34:00','http://7xiwfp.com1.z0.glb.clouddn.com/default_avatar.png',0,NULL,'','',0,0,0,0,'','','customer','[]',NULL,NULL,1,NULL),(188,'13401174236','王雨 王亨',0,'2015-12-29 11:34:00','http://7xiwfp.com1.z0.glb.clouddn.com/default_avatar.png',0,NULL,'','',0,0,0,1,'','','customer','[]',NULL,26,1,NULL),(189,'18600021710','周亮',0,'2015-12-29 11:34:00','http://7xiwfp.com1.z0.glb.clouddn.com/default_avatar.png',0,NULL,'','',0,0,0,0,'','','customer','[]',NULL,NULL,1,NULL),(190,'15101047247','春贺',1,'2015-12-29 11:34:00','https://dn-o2fit.qbox.me/0BD56415-7CFF-4604-93FB-E4CDF34D0211.png',0,NULL,'','',1,168,0,1,'','','customer','[]',NULL,NULL,1,NULL),(191,'13801335409','剧晓',0,'2015-12-29 11:34:00','http://7xiwfp.com1.z0.glb.clouddn.com/default_avatar.png',0,NULL,'','',0,0,0,0,'','','customer','[]',NULL,NULL,1,NULL),(192,'18514689881','廉景媛',0,'2015-12-31 04:09:15','http://7xiwfp.com1.z0.glb.clouddn.com/default_avatar.png',0,NULL,'','',0,0,0,1,'','','customer','[]',NULL,NULL,1,NULL),(193,'13426108197','张峰',0,'2015-12-31 04:09:15','http://7xiwfp.com1.z0.glb.clouddn.com/default_avatar.png',0,NULL,'','',0,0,0,0,'','','customer','[]',NULL,NULL,1,NULL),(194,'13901212421','吴文蔚',0,'2015-12-31 04:09:15','http://7xiwfp.com1.z0.glb.clouddn.com/default_avatar.png',0,NULL,'','',0,0,0,0,'','','customer','[]',NULL,NULL,1,NULL),(195,'13810075901','张晓歌',0,'2015-12-31 04:09:15','http://7xiwfp.com1.z0.glb.clouddn.com/default_avatar.png',0,NULL,'','',0,0,0,1,'','','customer','[]',NULL,NULL,1,NULL),(196,'18910688368','曹颖',0,'2015-12-31 04:09:15','http://7xiwfp.com1.z0.glb.clouddn.com/default_avatar.png',0,NULL,'','',0,0,0,0,'','','customer','[]',NULL,NULL,1,NULL),(197,'18610532887','张芹',0,'2015-12-31 04:09:15','http://7xiwfp.com1.z0.glb.clouddn.com/default_avatar.png',0,NULL,'','',0,0,0,0,'','','customer','[]',NULL,NULL,1,NULL),(198,'18910946715','蔡君展',0,'2015-12-31 04:09:15','http://7xiwfp.com1.z0.glb.clouddn.com/default_avatar.png',0,NULL,'','',0,0,0,0,'','','customer','[]',NULL,NULL,1,NULL),(199,'15011016835','郭雪',0,'2015-12-31 04:09:15','http://7xiwfp.com1.z0.glb.clouddn.com/default_avatar.png',0,NULL,'','',0,0,0,0,'','','customer','[]',NULL,NULL,1,NULL),(200,'15001222998','王晨',0,'2015-12-31 04:09:15','http://7xiwfp.com1.z0.glb.clouddn.com/default_avatar.png',0,NULL,'','',0,0,0,0,'','','customer','[]',NULL,NULL,1,NULL),(201,'15001300669','娄雪',0,'2015-12-31 04:09:15','http://7xiwfp.com1.z0.glb.clouddn.com/default_avatar.png',0,NULL,'','',0,0,0,0,'','','customer','[]',NULL,NULL,1,NULL),(202,'15110216199','孙宁',0,'2015-12-31 04:09:15','http://7xiwfp.com1.z0.glb.clouddn.com/default_avatar.png',0,NULL,'','',0,0,0,0,'','','customer','[]',NULL,NULL,1,NULL),(203,'13552423914','程石婷',0,'2015-12-31 04:09:15','http://7xiwfp.com1.z0.glb.clouddn.com/default_avatar.png',0,NULL,'','',0,0,0,0,'','','customer','[]',NULL,NULL,1,NULL),(204,'18500031835','任晓光',0,'2015-12-31 04:09:15','http://7xiwfp.com1.z0.glb.clouddn.com/default_avatar.png',0,NULL,'','',0,0,0,1,'','','customer','[]',NULL,NULL,1,NULL),(205,'13901395616','高松',0,'2015-12-31 04:09:15','http://7xiwfp.com1.z0.glb.clouddn.com/default_avatar.png',0,NULL,'','',0,0,0,0,'','','customer','[]',NULL,NULL,1,NULL),(206,'18811193273','刘洋',0,'2015-12-31 04:09:15','http://7xiwfp.com1.z0.glb.clouddn.com/default_avatar.png',0,NULL,'','',0,0,0,0,'','','customer','[]',NULL,NULL,1,NULL),(207,'13910004774','赵代中',0,'2015-12-31 04:09:15','http://7xiwfp.com1.z0.glb.clouddn.com/default_avatar.png',0,NULL,'','',0,0,0,1,'','','customer','[]',NULL,NULL,1,NULL),(208,'15910958180','高石松',0,'2015-12-31 04:09:15','http://7xiwfp.com1.z0.glb.clouddn.com/default_avatar.png',0,NULL,'','',0,0,0,1,'','','customer','[]',NULL,NULL,1,NULL),(209,'13810525668','段苏珊',0,'2015-12-31 04:09:15','http://7xiwfp.com1.z0.glb.clouddn.com/default_avatar.png',0,NULL,'','',0,0,0,0,'','','customer','[]',NULL,NULL,1,NULL),(210,'15110216200','孙硕',0,'2015-12-31 04:09:15','http://7xiwfp.com1.z0.glb.clouddn.com/default_avatar.png',0,NULL,'','',0,0,0,0,'','','customer','[]',NULL,NULL,1,NULL),(211,'15878222177','刘河',0,'2015-12-31 04:09:15','http://7xiwfp.com1.z0.glb.clouddn.com/default_avatar.png',0,NULL,'','',0,0,0,1,'','','customer','[]',NULL,NULL,1,NULL),(212,'13811069006','曹宁',0,'2015-12-31 06:18:30','http://7xiwfp.com1.z0.glb.clouddn.com/default_avatar.png',0,NULL,'','',0,0,0,0,'','','customer','[]',NULL,NULL,1,NULL),(213,'13601051006','刘怡辛',0,'2015-12-31 06:18:30','http://7xiwfp.com1.z0.glb.clouddn.com/default_avatar.png',0,NULL,'','',0,0,0,0,'','','customer','[]',NULL,NULL,1,NULL),(214,'18678945676','哈哈哈',0,'2015-12-31 06:18:30','http://7xiwfp.com1.z0.glb.clouddn.com/default_avatar.png',0,NULL,'','',0,0,0,1,'','','customer','[]',NULL,NULL,1,NULL),(215,'56776588899','女女女女女',0,'2015-12-31 06:29:14','http://7xiwfp.com1.z0.glb.clouddn.com/default_avatar.png',0,NULL,'','',0,0,0,1,'','','customer','[]',NULL,NULL,1,NULL),(216,'10101010101','v 女女女',0,'2015-12-31 06:30:48','http://7xiwfp.com1.z0.glb.clouddn.com/default_avatar.png',0,NULL,'','',0,0,0,1,'','','customer','[]',NULL,NULL,1,NULL),(217,'09090909099','女女女女',0,'2015-12-31 06:34:33','http://7xiwfp.com1.z0.glb.clouddn.com/default_avatar.png',0,NULL,'','',0,0,0,0,'','','customer','[]',NULL,NULL,1,NULL),(218,'08080808080','难啊',0,'2015-12-31 06:34:33','http://7xiwfp.com1.z0.glb.clouddn.com/default_avatar.png',0,NULL,'','',0,0,0,1,'','','customer','[]',NULL,NULL,1,NULL),(219,'18600430416','江天翼',0,'2015-12-31 06:34:33','http://7xiwfp.com1.z0.glb.clouddn.com/default_avatar.png',0,NULL,'','',0,0,0,0,'','','customer','[]',NULL,NULL,1,NULL),(220,'15011475256','候雨婷',0,'2015-12-31 06:34:33','http://7xiwfp.com1.z0.glb.clouddn.com/default_avatar.png',0,NULL,'','',0,0,0,0,'','','customer','[]',NULL,NULL,1,NULL),(221,'18210292752','宫越',0,'2015-12-31 06:34:33','http://7xiwfp.com1.z0.glb.clouddn.com/default_avatar.png',0,NULL,'','',0,0,0,0,'','','customer','[]',NULL,NULL,1,NULL),(222,'13581882043','李小牧',0,'2015-12-31 06:34:33','http://7xiwfp.com1.z0.glb.clouddn.com/default_avatar.png',0,NULL,'','',0,0,0,1,'','','customer','[]',NULL,NULL,1,NULL),(223,'13520113232','申子超',0,'2015-12-31 06:34:33','http://7xiwfp.com1.z0.glb.clouddn.com/default_avatar.png',0,NULL,'','',0,0,0,1,'','','customer','[]',NULL,0,1,'1984-04-07'),(224,'18911315281','于树文',0,'2015-12-31 06:34:33','http://7xiwfp.com1.z0.glb.clouddn.com/default_avatar.png',0,NULL,'','',0,0,0,1,'','','customer','[]',NULL,NULL,1,NULL),(225,'18510393132','何沛然',0,'2015-12-31 06:34:33','http://7xiwfp.com1.z0.glb.clouddn.com/default_avatar.png',0,NULL,'','',0,0,0,1,'','','customer','[]',NULL,NULL,1,NULL),(226,'13911211917','韩驰',0,'2015-12-31 06:34:33','http://7xiwfp.com1.z0.glb.clouddn.com/default_avatar.png',0,NULL,'','',0,0,0,1,'','','customer','[]',NULL,NULL,1,NULL),(227,'13811420152','肖茜',0,'2015-12-31 06:34:33','http://7xiwfp.com1.z0.glb.clouddn.com/default_avatar.png',0,NULL,'','',0,0,0,0,'','','customer','[]',NULL,NULL,1,NULL),(228,'13466690627','颜颜',0,'2015-12-31 06:34:33','http://7xiwfp.com1.z0.glb.clouddn.com/default_avatar.png',0,NULL,'','',0,0,0,0,'','','customer','[]',NULL,NULL,1,NULL),(229,'13301204229','袁艺琳',0,'2015-12-31 06:34:33','http://7xiwfp.com1.z0.glb.clouddn.com/default_avatar.png',0,NULL,'','',0,0,0,0,'','','customer','[]',NULL,NULL,1,NULL),(230,'18522039805','高钰博',0,'2015-12-31 06:34:33','http://7xiwfp.com1.z0.glb.clouddn.com/default_avatar.png',0,NULL,'','',0,0,0,0,'','','customer','[]',NULL,NULL,1,NULL),(231,'18618261875','李金双',0,'2015-12-31 06:34:33','http://7xiwfp.com1.z0.glb.clouddn.com/default_avatar.png',0,NULL,'','',0,0,0,0,'','','customer','[]',NULL,NULL,1,NULL),(232,'13901055565','高文刚',0,'2015-12-31 06:34:33','http://7xiwfp.com1.z0.glb.clouddn.com/default_avatar.png',0,NULL,'','',0,0,0,1,'','','customer','[]',NULL,NULL,1,NULL),(233,'13601053511','潘昊阳',1,'2015-12-31 10:55:54','http://7xiwfp.com1.z0.glb.clouddn.com/default_avatar.png',0,NULL,'','',0,0,0,1,'','','admin','[10, 18]',NULL,0,0,NULL),(234,'18810838436','18810838436',0,'2015-12-31 10:55:54','http://7xiwfp.com1.z0.glb.clouddn.com/default_avatar.png',0,NULL,'','',0,0,0,1,'','','customer','[]',NULL,NULL,1,NULL),(235,'18601112232','姜舒',0,'2016-01-03 16:30:07','http://7xiwfp.com1.z0.glb.clouddn.com/default_avatar.png',0,NULL,'','',0,0,0,0,'','','customer','[]',NULL,NULL,1,NULL),(236,'11123234405','曹1',0,'2016-01-03 16:30:07','http://7xiwfp.com1.z0.glb.clouddn.com/default_avatar.png',0,NULL,'','',0,0,0,0,'','','customer','[]',NULL,NULL,1,NULL),(237,'18601395898','cz',1,'2016-01-04 06:51:56','http://7xiwfp.com1.z0.glb.clouddn.com/default_avatar.png',0,NULL,'','',0,0,0,1,'','','admin','[15, 16]',NULL,NULL,1,NULL),(238,'13901387601','天馨',0,'2016-01-04 06:51:56','http://7xiwfp.com1.z0.glb.clouddn.com/default_avatar.png',0,NULL,'','',0,0,0,0,'','','customer','[]',NULL,NULL,1,NULL),(239,'159','张傲',1,'2016-01-04 06:51:56','http://7xiwfp.com1.z0.glb.clouddn.com/default_avatar.png',0,NULL,'','',0,0,0,1,'','','customer','[]',NULL,NULL,1,NULL),(240,'15910650552','张傲',1,'2016-01-04 06:51:56','http://7xiwfp.com1.z0.glb.clouddn.com/default_avatar.png',0,NULL,'','',0,0,0,1,'','','customer','[]',NULL,NULL,1,NULL),(241,'18710338561','杨坤玉雪',0,'2016-01-04 06:51:56','http://7xiwfp.com1.z0.glb.clouddn.com/default_avatar.png',0,NULL,'','',0,0,0,0,'','','customer','[]',NULL,NULL,1,NULL),(242,'13810972034','张硕',0,'2016-01-04 06:51:56','http://7xiwfp.com1.z0.glb.clouddn.com/default_avatar.png',0,NULL,'','',0,0,0,1,'','','customer','[]',NULL,NULL,1,NULL),(243,'18611901328','顾昊曦',0,'2016-01-04 06:51:56','http://7xiwfp.com1.z0.glb.clouddn.com/default_avatar.png',0,NULL,'','',0,0,0,1,'','','customer','[]',NULL,NULL,1,NULL),(244,'13911004135','梅宇',0,'2016-01-04 06:51:56','http://7xiwfp.com1.z0.glb.clouddn.com/default_avatar.png',0,NULL,'','',0,0,0,1,'','','customer','[]',NULL,NULL,1,NULL),(245,'15901551673','杨丽娜',0,'2016-01-04 06:51:56','http://7xiwfp.com1.z0.glb.clouddn.com/default_avatar.png',0,NULL,'','',0,0,0,0,'','','customer','[]',NULL,NULL,1,NULL),(246,'13436521621','李婷婷',0,'2016-01-04 06:51:56','http://7xiwfp.com1.z0.glb.clouddn.com/default_avatar.png',0,NULL,'','',0,0,0,0,'','','customer','[]',NULL,NULL,1,NULL),(247,'13878965764','haha',0,'2016-01-09 16:32:31','http://7xiwfp.com1.z0.glb.clouddn.com/default_avatar.png',0,NULL,'','',0,0,0,0,'','','customer','[]',NULL,25,1,NULL),(248,'12332147655','12312',0,'2016-01-09 16:32:31','http://7xiwfp.com1.z0.glb.clouddn.com/default_avatar.png',0,NULL,'','',0,0,0,1,'','','customer','[]',NULL,1,1,NULL),(249,'1891010xxxx','JOJO',0,'2016-01-09 17:54:54','http://7xiwfp.com1.z0.glb.clouddn.com/default_avatar.png',0,NULL,'','',0,0,0,0,'','','customer','[]',NULL,25,1,NULL),(250,'13939000000','joeyd',0,'2016-01-11 10:15:29','http://7xiwfp.com1.z0.glb.clouddn.com/default_avatar.png',0,NULL,'','',0,0,0,0,'','','customer','[]',NULL,20,1,NULL),(251,'13811168294','曹洁',0,'2016-01-11 10:15:29','http://7xiwfp.com1.z0.glb.clouddn.com/default_avatar.png',0,NULL,'','',0,0,0,0,'','','customer','[]',NULL,0,1,NULL),(252,'11111111111','Simon',0,'2016-01-13 03:16:31','http://7xiwfp.com1.z0.glb.clouddn.com/default_avatar.png',0,NULL,'','',0,0,0,1,'','','customer','[]',NULL,20,1,NULL),(253,'15810020988','小A',0,'2016-01-13 04:38:11','http://7xiwfp.com1.z0.glb.clouddn.com/default_avatar.png',0,NULL,'','',0,0,0,1,'','','customer','[]',NULL,30,1,NULL),(254,'13646557865','阿华',0,'2016-01-13 04:38:11','http://7xiwfp.com1.z0.glb.clouddn.com/default_avatar.png',0,NULL,'','',0,0,0,1,'','','customer','[]',NULL,30,1,NULL),(255,'11110101919','天一',0,'2016-01-13 04:38:11','http://7xiwfp.com1.z0.glb.clouddn.com/default_avatar.png',0,NULL,'','',0,0,0,1,'','','customer','[]',NULL,20,1,NULL),(256,'13436399179','许晓仙',0,'2016-01-14 17:46:54','http://7xiwfp.com1.z0.glb.clouddn.com/default_avatar.png',0,NULL,'','',0,0,0,0,'','','customer','[]',NULL,27,1,NULL),(257,'09898089871','王选',0,'2016-01-16 16:22:04','http://7xiwfp.com1.z0.glb.clouddn.com/default_avatar.png',0,NULL,'','',0,0,0,1,'','','customer','[]',NULL,20,1,NULL),(258,'18518611019','刘昭轶',0,'2016-01-16 16:22:04','http://7xiwfp.com1.z0.glb.clouddn.com/default_avatar.png',0,NULL,'','',0,0,0,0,'','','customer','[]',NULL,24,1,NULL),(259,'18911089619','刘生璐',0,'2016-01-16 16:22:04','http://7xiwfp.com1.z0.glb.clouddn.com/default_avatar.png',0,NULL,'','',0,0,0,1,'','','customer','[]',NULL,43,1,NULL),(260,'13929100000','江江',0,'2016-01-21 16:27:52','http://7xiwfp.com1.z0.glb.clouddn.com/default_avatar.png',0,NULL,'','',0,0,0,0,'','','customer','[]',NULL,0,1,'1990-12-05'),(261,'10285628492','东来顺',0,'2016-01-21 16:27:52','http://7xiwfp.com1.z0.glb.clouddn.com/default_avatar.png',0,NULL,'','',0,0,0,1,'','','customer','[]',NULL,28,1,NULL),(262,'15810020088','leader',1,'2016-01-22 07:15:53','http://7xiwfp.com1.z0.glb.clouddn.com/default_avatar.png',0,NULL,'','',0,0,0,1,'','','customer','[]',NULL,NULL,1,NULL),(263,'15810020288','rick',1,'2016-01-22 07:15:53','http://7xiwfp.com1.z0.glb.clouddn.com/default_avatar.png',0,NULL,'','',0,4,0,1,'','','customer','[]',NULL,NULL,1,NULL),(264,'15810020266','陈老师',0,'2016-01-22 07:15:53','http://7xiwfp.com1.z0.glb.clouddn.com/default_avatar.png',0,NULL,'','',0,0,0,1,'','','customer','[]',NULL,0,1,'2016-01-28'),(265,'12345678923','薛老师',0,'2016-01-22 07:15:53','http://7xiwfp.com1.z0.glb.clouddn.com/default_avatar.png',0,NULL,'','',0,0,0,1,'','','customer','[]',NULL,0,1,NULL),(266,'13910656277','冰冰',0,'2016-01-27 07:35:27','http://7xiwfp.com1.z0.glb.clouddn.com/default_avatar.png',0,NULL,'','',0,0,0,0,'','','customer','[]',NULL,0,1,NULL),(267,'18810660982','18810660982',0,'2016-01-27 07:35:27','http://7xiwfp.com1.z0.glb.clouddn.com/default_avatar.png',0,NULL,'','',0,0,0,1,'','','customer','[]',NULL,NULL,1,NULL),(268,'12947584920','Cart',0,'2016-02-01 15:13:27','http://7xiwfp.com1.z0.glb.clouddn.com/default_avatar.png',0,NULL,'','',0,0,0,0,'','','customer','[]',NULL,0,1,'1990-02-02'),(269,'18782488646','O₂339欢乐颂店',0,'2016-02-03 10:50:08','https://dn-o2fit.qbox.me/fbfa15b4cb6911e5a01000163e00701b.jpg',0,NULL,'','',0,0,0,1,'O₂  氧气健身，您身边的健身专家！你值得拥有','','customer','[]',NULL,NULL,1,NULL),(270,'13811924113','风程程',0,'2016-02-13 01:59:20','http://7xiwfp.com1.z0.glb.clouddn.com/default_avatar.png',0,NULL,'','',0,0,0,0,'','','customer','[]',NULL,0,1,'2016-02-01'),(271,'15201441199','15201441199',0,'2016-02-13 01:59:20','http://7xiwfp.com1.z0.glb.clouddn.com/default_avatar.png',0,NULL,'','',0,0,0,1,'','','customer','[]',NULL,29,1,NULL),(272,'13111111111','王新发',0,'2016-02-13 01:59:20','http://7xiwfp.com1.z0.glb.clouddn.com/default_avatar.png',0,NULL,'','',0,0,0,1,'','','customer','[]',NULL,20,1,NULL),(273,'13421316153','王新发',0,'2016-02-13 01:59:20','http://7xiwfp.com1.z0.glb.clouddn.com/default_avatar.png',0,NULL,'','',0,0,0,1,'','','customer','[]',NULL,28,1,NULL),(274,'45688266111','吧',0,'2016-02-13 01:59:20','http://7xiwfp.com1.z0.glb.clouddn.com/default_avatar.png',0,NULL,'','',0,0,0,0,'','','customer','[]',NULL,55,1,NULL),(275,'13381068559','张伟',0,'2016-02-15 14:01:00','http://7xiwfp.com1.z0.glb.clouddn.com/default_avatar.png',0,NULL,'','',0,0,0,0,'','','customer','[]',NULL,0,1,NULL),(276,'13810511272','刘蒸',0,'2016-02-15 14:01:00','http://7xiwfp.com1.z0.glb.clouddn.com/default_avatar.png',0,NULL,'','',0,0,0,0,'','','customer','[]',NULL,0,1,NULL),(277,'18810807598','蒋恬婧',0,'2016-02-15 14:01:00','http://7xiwfp.com1.z0.glb.clouddn.com/default_avatar.png',0,NULL,'','',0,0,0,0,'','','customer','[]',NULL,0,1,NULL),(278,'13122265887','扬涛',0,'2016-02-15 14:01:00','http://7xiwfp.com1.z0.glb.clouddn.com/default_avatar.png',0,NULL,'','',0,0,0,0,'','','customer','[]',NULL,0,1,NULL),(279,'15201216225','王茜',0,'2016-02-15 14:01:00','http://7xiwfp.com1.z0.glb.clouddn.com/default_avatar.png',0,NULL,'','',0,0,0,0,'','','customer','[]',NULL,0,1,NULL),(280,'13426209686','蔺晶晶',0,'2016-02-15 14:01:00','http://7xiwfp.com1.z0.glb.clouddn.com/default_avatar.png',0,NULL,'','',0,0,0,0,'','','customer','[]',NULL,0,1,NULL),(281,'18201212718','姜涛',1,'2016-02-15 14:01:00','http://7xiwfp.com1.z0.glb.clouddn.com/default_avatar.png',0,NULL,'','',0,2,0,1,'','','customer','[]',NULL,NULL,1,NULL),(282,'18600558837','杨波',0,'2016-02-15 14:01:00','http://7xiwfp.com1.z0.glb.clouddn.com/default_avatar.png',0,NULL,'','',0,0,0,1,'','','customer','[]',NULL,0,1,NULL),(283,'88312286007','test',0,'2016-02-15 14:01:00','http://7xiwfp.com1.z0.glb.clouddn.com/default_avatar.png',0,NULL,'','',0,0,0,0,'','','customer','[]',NULL,0,1,'1996-02-01');
/*!40000 ALTER TABLE `usr_user` ENABLE KEYS */;
UNLOCK TABLES;

--
-- Table structure for table `usr_user_commented`
--

DROP TABLE IF EXISTS `usr_user_commented`;
/*!40101 SET @saved_cs_client     = @@character_set_client */;
/*!40101 SET character_set_client = utf8 */;
CREATE TABLE `usr_user_commented` (
  `id` int(11) NOT NULL AUTO_INCREMENT,
  `user_id` int(11) NOT NULL,
  `weibo_id` int(11) NOT NULL,
  PRIMARY KEY (`id`),
  UNIQUE KEY `user_id` (`user_id`,`weibo_id`),
  KEY `usr_user_commented_weibo_id_102b578a15e72514_fk_weibo_weibo_id` (`weibo_id`),
  CONSTRAINT `usr_user_commented_user_id_127e49120079223c_fk_usr_user_id` FOREIGN KEY (`user_id`) REFERENCES `usr_user` (`id`),
  CONSTRAINT `usr_user_commented_weibo_id_102b578a15e72514_fk_weibo_weibo_id` FOREIGN KEY (`weibo_id`) REFERENCES `weibo_weibo` (`id`)
) ENGINE=InnoDB DEFAULT CHARSET=utf8;
/*!40101 SET character_set_client = @saved_cs_client */;

--
-- Dumping data for table `usr_user_commented`
--

LOCK TABLES `usr_user_commented` WRITE;
/*!40000 ALTER TABLE `usr_user_commented` DISABLE KEYS */;
/*!40000 ALTER TABLE `usr_user_commented` ENABLE KEYS */;
UNLOCK TABLES;

--
-- Table structure for table `usr_user_fwded`
--

DROP TABLE IF EXISTS `usr_user_fwded`;
/*!40101 SET @saved_cs_client     = @@character_set_client */;
/*!40101 SET character_set_client = utf8 */;
CREATE TABLE `usr_user_fwded` (
  `id` int(11) NOT NULL AUTO_INCREMENT,
  `user_id` int(11) NOT NULL,
  `weibo_id` int(11) NOT NULL,
  PRIMARY KEY (`id`),
  UNIQUE KEY `user_id` (`user_id`,`weibo_id`),
  KEY `usr_user_fwded_weibo_id_2742f7912e5cba74_fk_weibo_weibo_id` (`weibo_id`),
  CONSTRAINT `usr_user_fwded_user_id_50ef2f0e5ab0959c_fk_usr_user_id` FOREIGN KEY (`user_id`) REFERENCES `usr_user` (`id`),
  CONSTRAINT `usr_user_fwded_weibo_id_2742f7912e5cba74_fk_weibo_weibo_id` FOREIGN KEY (`weibo_id`) REFERENCES `weibo_weibo` (`id`)
) ENGINE=InnoDB AUTO_INCREMENT=2 DEFAULT CHARSET=utf8;
/*!40101 SET character_set_client = @saved_cs_client */;

--
-- Dumping data for table `usr_user_fwded`
--

LOCK TABLES `usr_user_fwded` WRITE;
/*!40000 ALTER TABLE `usr_user_fwded` DISABLE KEYS */;
INSERT INTO `usr_user_fwded` VALUES (1,1,2);
/*!40000 ALTER TABLE `usr_user_fwded` ENABLE KEYS */;
UNLOCK TABLES;

--
-- Table structure for table `usr_user_upped`
--

DROP TABLE IF EXISTS `usr_user_upped`;
/*!40101 SET @saved_cs_client     = @@character_set_client */;
/*!40101 SET character_set_client = utf8 */;
CREATE TABLE `usr_user_upped` (
  `id` int(11) NOT NULL AUTO_INCREMENT,
  `user_id` int(11) NOT NULL,
  `weibo_id` int(11) NOT NULL,
  PRIMARY KEY (`id`),
  UNIQUE KEY `user_id` (`user_id`,`weibo_id`),
  KEY `usr_user_upped_weibo_id_484052496d2f0976_fk_weibo_weibo_id` (`weibo_id`),
  CONSTRAINT `usr_user_upped_user_id_58eadb14dd62f3b2_fk_usr_user_id` FOREIGN KEY (`user_id`) REFERENCES `usr_user` (`id`),
  CONSTRAINT `usr_user_upped_weibo_id_484052496d2f0976_fk_weibo_weibo_id` FOREIGN KEY (`weibo_id`) REFERENCES `weibo_weibo` (`id`)
) ENGINE=InnoDB AUTO_INCREMENT=3 DEFAULT CHARSET=utf8;
/*!40101 SET character_set_client = @saved_cs_client */;

--
-- Dumping data for table `usr_user_upped`
--

LOCK TABLES `usr_user_upped` WRITE;
/*!40000 ALTER TABLE `usr_user_upped` DISABLE KEYS */;
INSERT INTO `usr_user_upped` VALUES (2,1,2),(1,1,6);
/*!40000 ALTER TABLE `usr_user_upped` ENABLE KEYS */;
UNLOCK TABLES;

--
-- Table structure for table `usr_user_upped_person`
--

DROP TABLE IF EXISTS `usr_user_upped_person`;
/*!40101 SET @saved_cs_client     = @@character_set_client */;
/*!40101 SET character_set_client = utf8 */;
CREATE TABLE `usr_user_upped_person` (
  `id` int(11) NOT NULL AUTO_INCREMENT,
  `from_user_id` int(11) NOT NULL,
  `to_user_id` int(11) NOT NULL,
  PRIMARY KEY (`id`),
  UNIQUE KEY `from_user_id` (`from_user_id`,`to_user_id`),
  KEY `usr_user_upped_person_to_user_id_43337bf0ae93a36_fk_usr_user_id` (`to_user_id`),
  CONSTRAINT `usr_user_upped_person_to_user_id_43337bf0ae93a36_fk_usr_user_id` FOREIGN KEY (`to_user_id`) REFERENCES `usr_user` (`id`),
  CONSTRAINT `usr_user_upped_pers_from_user_id_5cc298db0dbcc0e7_fk_usr_user_id` FOREIGN KEY (`from_user_id`) REFERENCES `usr_user` (`id`)
) ENGINE=InnoDB AUTO_INCREMENT=3 DEFAULT CHARSET=utf8;
/*!40101 SET character_set_client = @saved_cs_client */;

--
-- Dumping data for table `usr_user_upped_person`
--

LOCK TABLES `usr_user_upped_person` WRITE;
/*!40000 ALTER TABLE `usr_user_upped_person` DISABLE KEYS */;
INSERT INTO `usr_user_upped_person` VALUES (1,1,3),(2,3,1);
/*!40000 ALTER TABLE `usr_user_upped_person` ENABLE KEYS */;
UNLOCK TABLES;

--
-- Table structure for table `usr_workingdays`
--

DROP TABLE IF EXISTS `usr_workingdays`;
/*!40101 SET @saved_cs_client     = @@character_set_client */;
/*!40101 SET character_set_client = utf8 */;
CREATE TABLE `usr_workingdays` (
  `id` int(11) NOT NULL AUTO_INCREMENT,
  `name` varchar(64) NOT NULL,
  `weekrest` varchar(32) NOT NULL,
  `excep_rest` varchar(1024) NOT NULL,
  `excep_work` varchar(1024) NOT NULL,
  `out_hours` varchar(64) NOT NULL,
  `noon_hours` varchar(32) NOT NULL,
  PRIMARY KEY (`id`),
  UNIQUE KEY `name` (`name`)
) ENGINE=InnoDB AUTO_INCREMENT=46 DEFAULT CHARSET=utf8;
/*!40101 SET character_set_client = @saved_cs_client */;

--
-- Dumping data for table `usr_workingdays`
--

LOCK TABLES `usr_workingdays` WRITE;
/*!40000 ALTER TABLE `usr_workingdays` DISABLE KEYS */;
INSERT INTO `usr_workingdays` VALUES (1,'royn','1','','','',''),(2,'alex','','','','',''),(3,'xudongbo','','','','',''),(4,'18612261069','','','','',''),(5,'18311286007','0','','','','6'),(6,'hahdfd','','','','',''),(7,'18910107363','','','','',''),(8,'18311111111','','','','',''),(9,'18910101010','','','','',''),(10,'18750291111','','','','',''),(11,'12343211234','','','','',''),(12,'18911022201','','','','',''),(13,'13811746955','0|6','2015/12/24','2015/12/12|2015/12/19','',''),(14,'18311282828','','','','',''),(15,'18510628227','','','','',''),(16,'18518339004','','','','',''),(17,'18612290728','','','','',''),(18,'13681586987','','','','',''),(19,'18210231292','','','','',''),(20,'18910978597','','','','',''),(21,'18600984682','','','','',''),(22,'18511452610','','','','',''),(23,'1861229087','','','','',''),(24,'1861229072','','','','',''),(25,'13505758345','','','','',''),(26,'13611059727','','','','',''),(27,'18514569443','','','','',''),(28,'18511840588','','','','',''),(29,'18611126091','','','','',''),(30,'18329477103','','','','',''),(31,'13701263248','','','','',''),(32,'18331155935','','','','',''),(33,'18674047199','','','','',''),(34,'15101047247','','','','',''),(35,'13601053511','','','','',''),(36,'18810838436','','','','',''),(37,'18601395898','','','','',''),(38,'159','','','','',''),(39,'15910650552','','','','',''),(40,'15810020088','','','','',''),(41,'15810020288','','','','',''),(42,'18810660982','','','','',''),(43,'18782488646','','','','',''),(44,'15201441199','','','','',''),(45,'18201212718','','','','','');
/*!40000 ALTER TABLE `usr_workingdays` ENABLE KEYS */;
UNLOCK TABLES;

--
-- Table structure for table `weibo_images`
--

DROP TABLE IF EXISTS `weibo_images`;
/*!40101 SET @saved_cs_client     = @@character_set_client */;
/*!40101 SET character_set_client = utf8 */;
CREATE TABLE `weibo_images` (
  `id` int(11) NOT NULL AUTO_INCREMENT,
  `url` varchar(256) NOT NULL,
  `by_id` int(11) NOT NULL,
  `created` datetime NOT NULL,
  PRIMARY KEY (`id`),
  KEY `weibo_images_by_id_24d38e17d08dcf5a_fk_usr_user_id` (`by_id`),
  CONSTRAINT `weibo_images_by_id_24d38e17d08dcf5a_fk_usr_user_id` FOREIGN KEY (`by_id`) REFERENCES `usr_user` (`id`)
) ENGINE=InnoDB AUTO_INCREMENT=64 DEFAULT CHARSET=utf8;
/*!40101 SET character_set_client = @saved_cs_client */;

--
-- Dumping data for table `weibo_images`
--

LOCK TABLES `weibo_images` WRITE;
/*!40000 ALTER TABLE `weibo_images` DISABLE KEYS */;
INSERT INTO `weibo_images` VALUES (1,'http://newslounge.net/wp-content/uploads/2013/12/0cbd1704f4340cc6484dbacde68bbe31.jpg',1,'2015-09-04 10:43:19'),(2,'http://stat.ameba.jp/user_images/20121204/20/grfft-sugaya/8c/a6/j/o0396052212316078702.jpg',1,'2015-09-04 10:43:19'),(4,'https://dn-o2fit.qbox.me/d306865c5c4611e58d127831c1cd33b6.jpg',1,'2015-09-16 07:44:57'),(5,'https://dn-o2fit.qbox.me/8bce44ab5c4911e59e927831c1cd33b6.jpg',1,'2015-09-16 08:04:26'),(6,'https://dn-o2fit.qbox.me/eec391de5ded11e5bc5f7831c1cd33b6.jpg',7,'2015-09-18 10:13:40'),(7,'https://dn-o2fit.qbox.me/f4d870265ded11e586a57831c1cd33b6.jpg',7,'2015-09-18 10:13:50'),(8,'https://dn-o2fit.qbox.me/050937005dee11e5a69a7831c1cd33b6.jpg',7,'2015-09-18 10:14:18'),(9,'https://dn-o2fit.qbox.me/0aa702ab5dee11e591957831c1cd33b6.jpg',7,'2015-09-18 10:14:27'),(10,'https://dn-o2fit.qbox.me/0ebdc0995dee11e5a6237831c1cd33b6.jpg',7,'2015-09-18 10:14:34'),(11,'https://dn-o2fit.qbox.me/1ac3aeae5dee11e585317831c1cd33b6.jpg',7,'2015-09-18 10:14:54'),(12,'https://dn-o2fit.qbox.me/2265b2915dee11e5a8d67831c1cd33b6.jpg',7,'2015-09-18 10:15:07'),(13,'https://dn-o2fit.qbox.me/27e482a35dee11e58fc87831c1cd33b6.jpg',7,'2015-09-18 10:15:16'),(14,'https://dn-o2fit.qbox.me/2c219f425dee11e5b79f7831c1cd33b6.jpg',7,'2015-09-18 10:15:25'),(15,'https://dn-o2fit.qbox.me/60c5d6d15dee11e5b24d7831c1cd33b6.jpg',7,'2015-09-18 10:16:51'),(16,'https://dn-o2fit.qbox.me/e784377a5df711e59a4a7831c1cd33b6.jpg',7,'2015-09-18 11:25:03'),(17,'https://dn-o2fit.qbox.me/d409ffee5df811e5abaa7831c1cd33b6.jpg',7,'2015-09-18 11:31:40'),(18,'https://dn-o2fit.qbox.me/412a62ab61df11e58f8e7831c1cd33b6.jpg',7,'2015-09-23 10:38:41'),(19,'https://dn-o2fit.qbox.me/41a8ae9961ed11e5bf317831c1cd33b6.jpg',7,'2015-09-23 12:18:55'),(20,'https://dn-o2fit.qbox.me/4f2fb26661ed11e584af7831c1cd33b6.jpg',7,'2015-09-23 12:19:17'),(21,'https://dn-o2fit.qbox.me/c044497d61f111e590d87831c1cd33b6.jpg',7,'2015-09-23 12:51:05'),(27,'https://dn-o2fit.qbox.me/8a4b9a2e7d4811e5ada700163e00701b.jpg',8,'2015-10-28 07:50:22'),(28,'https://dn-o2fit.qbox.me/94c6d5c27d4811e587ae00163e00701b.jpg',8,'2015-10-28 07:50:39'),(29,'https://dn-o2fit.qbox.me/0040c8b0821911e5ae217831c1cd33b6.jpg',7,'2015-11-03 10:52:40'),(31,'https://dn-o2fit.qbox.me/ae7caf97836d11e5b7747831c1cd33b6.jpg',7,'2015-11-05 03:31:21'),(34,'https://dn-o2fit.qbox.me/5bcb6b64846111e5809300163e00701b.jpg',30,'2015-11-06 08:35:39'),(35,'https://dn-o2fit.qbox.me/6aa995f884b011e590b200163e00701b.jpg',7,'2015-11-06 18:01:34'),(40,'https://dn-o2fit.qbox.me/b8ad4aec850f11e590b200163e00701b.jpg',8,'2015-11-07 05:23:55'),(41,'http://7xiwfp.com1.z0.glb.clouddn.com/d6e1827c851311e590b200163e00701b.jpg',8,'2015-11-07 05:53:21'),(44,'https://dn-o2fit.qbox.me/ce6f60dc95fd11e5a31400163e00701b.jpg',7,'2015-11-28 18:28:23'),(45,'https://dn-o2fit.qbox.me/14f45f9296fa11e58f0f00163e00701b.jpg',58,'2015-11-30 00:34:15'),(46,'https://dn-o2fit.qbox.me/1d14bf5297d411e58f0f00163e00701b.jpg',49,'2015-12-01 02:34:58'),(49,'https://dn-o2fit.qbox.me/1114330a9b5711e5b7a200163e00701b.jpg',66,'2015-12-05 13:49:57'),(50,'https://dn-o2fit.qbox.me/2be90cfa9b5711e5b7a200163e00701b.jpg',66,'2015-12-05 13:50:42'),(51,'https://dn-o2fit.qbox.me/69329e3ea2bc11e5b7a200163e00701b.jpg',77,'2015-12-14 23:43:01'),(52,'https://dn-o2fit.qbox.me/40bbd848a55611e5b7a200163e00701b.jpg',83,'2015-12-18 07:09:19'),(53,'https://dn-o2fit.qbox.me/464a8070a55611e5b7a200163e00701b.jpg',83,'2015-12-18 07:09:30'),(54,'https://dn-o2fit.qbox.me/59cf6626a55911e5b7a200163e00701b.jpg',86,'2015-12-18 07:31:30'),(55,'https://dn-o2fit.qbox.me/b8fc21c4a56911e5b7a200163e00701b.jpg',84,'2015-12-18 09:28:41'),(56,'https://dn-o2fit.qbox.me/c2d8f24ea56911e5b7a200163e00701b.jpg',84,'2015-12-18 09:28:58'),(57,'https://dn-o2fit.qbox.me/cd560e82a56911e5b7a200163e00701b.jpg',84,'2015-12-18 09:29:14'),(58,'https://dn-o2fit.qbox.me/d62ad9f2a56911e5b7a200163e00701b.jpg',84,'2015-12-18 09:29:31'),(59,'https://dn-o2fit.qbox.me/dff2887ca56911e5b7a200163e00701b.jpg',84,'2015-12-18 09:29:49'),(60,'https://dn-o2fit.qbox.me/023fa50ea56a11e5b7a200163e00701b.jpg',84,'2015-12-18 09:30:48'),(61,'https://dn-o2fit.qbox.me/218dbe64a56a11e5b7a200163e00701b.jpg',84,'2015-12-18 09:31:41'),(62,'https://dn-o2fit.qbox.me/46206fbaa56a11e5b7a200163e00701b.jpg',84,'2015-12-18 09:32:41'),(63,'https://dn-o2fit.qbox.me/3b83cef8a56a11e5b7a200163e00701b.jpg',84,'2015-12-18 09:32:45');
/*!40000 ALTER TABLE `weibo_images` ENABLE KEYS */;
UNLOCK TABLES;

--
-- Table structure for table `weibo_longweibo`
--

DROP TABLE IF EXISTS `weibo_longweibo`;
/*!40101 SET @saved_cs_client     = @@character_set_client */;
/*!40101 SET character_set_client = utf8 */;
CREATE TABLE `weibo_longweibo` (
  `id` int(11) NOT NULL AUTO_INCREMENT,
  `weiboid_id` int(11) NOT NULL,
  `content` longtext NOT NULL,
  `by_id` int(11) DEFAULT NULL,
  `created` datetime NOT NULL,
  PRIMARY KEY (`id`),
  KEY `weibo_longweibo_weiboid_id_45180e5244be3a52_fk_weibo_weibo_id` (`weiboid_id`),
  KEY `weibo_longweibo_by_id_174c58037071117f_fk_usr_user_id` (`by_id`),
  CONSTRAINT `weibo_longweibo_by_id_174c58037071117f_fk_usr_user_id` FOREIGN KEY (`by_id`) REFERENCES `usr_user` (`id`),
  CONSTRAINT `weibo_longweibo_weiboid_id_45180e5244be3a52_fk_weibo_weibo_id` FOREIGN KEY (`weiboid_id`) REFERENCES `weibo_weibo` (`id`)
) ENGINE=InnoDB DEFAULT CHARSET=utf8;
/*!40101 SET character_set_client = @saved_cs_client */;

--
-- Dumping data for table `weibo_longweibo`
--

LOCK TABLES `weibo_longweibo` WRITE;
/*!40000 ALTER TABLE `weibo_longweibo` DISABLE KEYS */;
/*!40000 ALTER TABLE `weibo_longweibo` ENABLE KEYS */;
UNLOCK TABLES;

--
-- Table structure for table `weibo_weibo`
--

DROP TABLE IF EXISTS `weibo_weibo`;
/*!40101 SET @saved_cs_client     = @@character_set_client */;
/*!40101 SET character_set_client = utf8 */;
CREATE TABLE `weibo_weibo` (
  `id` int(11) NOT NULL AUTO_INCREMENT,
  `title` varchar(16) NOT NULL,
  `brief` varchar(128) NOT NULL,
  `imgs` varchar(1024) NOT NULL,
  `islong` tinyint(1) NOT NULL,
  `created` datetime NOT NULL,
  `by_id` varchar(64) DEFAULT NULL,
  `iscomments` tinyint(1) NOT NULL,
  `commentto_id` int(11) DEFAULT NULL,
  `isfwd` tinyint(1) NOT NULL,
  `fwdfrom_id` int(11) DEFAULT NULL,
  `upnum` int(11) NOT NULL,
  `commentnum` int(11) NOT NULL,
  `fwdnum` int(11) NOT NULL,
  `coach_id` int(11) DEFAULT NULL,
  `recommand_p` int(11) DEFAULT NULL,
  PRIMARY KEY (`id`),
  KEY `weibo_weibo_by_id_1ae292b9c356ad11_fk_usr_user_name` (`by_id`),
  KEY `weibo_weibo_commentto_id_b9c874c184928f5_fk_weibo_weibo_id` (`commentto_id`),
  KEY `weibo_weibo_fwdfrom_id_76da9dd05234cc74_fk_weibo_weibo_id` (`fwdfrom_id`),
  KEY `weibo_weibo_coach_id_9a9752595cb34cf_fk_usr_user_id` (`coach_id`),
  CONSTRAINT `weibo_weibo_by_id_1ae292b9c356ad11_fk_usr_user_name` FOREIGN KEY (`by_id`) REFERENCES `usr_user` (`name`),
  CONSTRAINT `weibo_weibo_coach_id_9a9752595cb34cf_fk_usr_user_id` FOREIGN KEY (`coach_id`) REFERENCES `usr_user` (`id`),
  CONSTRAINT `weibo_weibo_commentto_id_b9c874c184928f5_fk_weibo_weibo_id` FOREIGN KEY (`commentto_id`) REFERENCES `weibo_weibo` (`id`),
  CONSTRAINT `weibo_weibo_fwdfrom_id_76da9dd05234cc74_fk_weibo_weibo_id` FOREIGN KEY (`fwdfrom_id`) REFERENCES `weibo_weibo` (`id`)
) ENGINE=InnoDB AUTO_INCREMENT=72 DEFAULT CHARSET=utf8;
/*!40101 SET character_set_client = @saved_cs_client */;

--
-- Dumping data for table `weibo_weibo`
--

LOCK TABLES `weibo_weibo` WRITE;
/*!40000 ALTER TABLE `weibo_weibo` DISABLE KEYS */;
INSERT INTO `weibo_weibo` VALUES (1,'测试','','[\"http://newslounge.net/wp-content/uploads/2013/12/0cbd1704f4340cc6484dbacde68bbe31.jpg\",\"http://stat.ameba.jp/user_images/20121204/20/grfft-sugaya/8c/a6/j/o0396052212316078702.jpg\"]',0,'2015-09-04 10:43:19','royn',0,NULL,0,NULL,0,0,0,NULL,NULL),(2,'hahahah','','[\"http://terracehouse-fujitv.net/wp-content/uploads/2013/12/55-1.png\"]',0,'2015-09-07 10:43:42','royn',0,NULL,0,NULL,1,0,1,NULL,NULL),(3,'','','',0,'2015-09-07 14:39:51','royn',0,NULL,0,NULL,0,0,0,1,NULL),(4,'','','',0,'2015-09-07 14:40:08','royn',0,NULL,0,NULL,0,0,0,3,NULL),(5,'','','',0,'2015-09-08 16:10:55','royn',0,NULL,0,NULL,0,0,0,3,NULL),(6,'','','',0,'2015-09-08 16:15:28','royn',0,NULL,1,2,1,0,0,NULL,NULL),(7,'新照片','','[\"http://7xiwfp.com1.z0.glb.clouddn.com/d306865c5c4611e58d127831c1cd33b6.jpg\"]',0,'2015-09-16 07:44:57','royn',0,NULL,0,NULL,0,0,0,NULL,NULL),(8,'新照片','','[\"http://7xiwfp.com1.z0.glb.clouddn.com/8bce44ab5c4911e59e927831c1cd33b6.jpg\"]',0,'2015-09-16 08:04:26','royn',0,NULL,0,NULL,0,0,0,NULL,NULL),(9,'新照片','','[\"http://7xiwfp.com1.z0.glb.clouddn.com/eec391de5ded11e5bc5f7831c1cd33b6.jpg\"]',0,'2015-09-18 10:13:40','18612261069',0,NULL,0,NULL,0,0,0,NULL,NULL),(10,'新照片','','[\"http://7xiwfp.com1.z0.glb.clouddn.com/f4d870265ded11e586a57831c1cd33b6.jpg\"]',0,'2015-09-18 10:13:50','18612261069',0,NULL,0,NULL,0,0,0,NULL,NULL),(11,'新照片','','[\"http://7xiwfp.com1.z0.glb.clouddn.com/050937005dee11e5a69a7831c1cd33b6.jpg\"]',0,'2015-09-18 10:14:18','18612261069',0,NULL,0,NULL,0,0,0,NULL,NULL),(12,'新照片','','[\"http://7xiwfp.com1.z0.glb.clouddn.com/0aa702ab5dee11e591957831c1cd33b6.jpg\"]',0,'2015-09-18 10:14:27','18612261069',0,NULL,0,NULL,0,0,0,NULL,NULL),(13,'新照片','','[\"http://7xiwfp.com1.z0.glb.clouddn.com/0ebdc0995dee11e5a6237831c1cd33b6.jpg\"]',0,'2015-09-18 10:14:34','18612261069',0,NULL,0,NULL,0,0,0,NULL,NULL),(14,'新照片','','[\"http://7xiwfp.com1.z0.glb.clouddn.com/1ac3aeae5dee11e585317831c1cd33b6.jpg\"]',0,'2015-09-18 10:14:54','18612261069',0,NULL,0,NULL,0,0,0,NULL,NULL),(15,'新照片','','[\"http://7xiwfp.com1.z0.glb.clouddn.com/2265b2915dee11e5a8d67831c1cd33b6.jpg\"]',0,'2015-09-18 10:15:07','18612261069',0,NULL,0,NULL,0,0,0,NULL,NULL),(16,'新照片','','[\"http://7xiwfp.com1.z0.glb.clouddn.com/27e482a35dee11e58fc87831c1cd33b6.jpg\"]',0,'2015-09-18 10:15:16','18612261069',0,NULL,0,NULL,0,0,0,NULL,NULL),(17,'新照片','','[\"http://7xiwfp.com1.z0.glb.clouddn.com/2c219f425dee11e5b79f7831c1cd33b6.jpg\"]',0,'2015-09-18 10:15:25','18612261069',0,NULL,0,NULL,0,0,0,NULL,NULL),(18,'新照片','','[\"http://7xiwfp.com1.z0.glb.clouddn.com/60c5d6d15dee11e5b24d7831c1cd33b6.jpg\"]',0,'2015-09-18 10:16:51','18612261069',0,NULL,0,NULL,0,0,0,NULL,NULL),(19,'新照片','','[\"http://7xiwfp.com1.z0.glb.clouddn.com/e784377a5df711e59a4a7831c1cd33b6.jpg\"]',0,'2015-09-18 11:25:03','18612261069',0,NULL,0,NULL,0,0,0,NULL,NULL),(20,'新照片','','[\"http://7xiwfp.com1.z0.glb.clouddn.com/d409ffee5df811e5abaa7831c1cd33b6.jpg\"]',0,'2015-09-18 11:31:40','18612261069',0,NULL,0,NULL,0,0,0,NULL,NULL),(21,'新照片','','[\"http://7xiwfp.com1.z0.glb.clouddn.com/412a62ab61df11e58f8e7831c1cd33b6.jpg\"]',0,'2015-09-23 10:38:41','18612261069',0,NULL,0,NULL,0,0,0,NULL,NULL),(22,'新照片','','[\"http://7xiwfp.com1.z0.glb.clouddn.com/41a8ae9961ed11e5bf317831c1cd33b6.jpg\"]',0,'2015-09-23 12:18:55','18612261069',0,NULL,0,NULL,0,0,0,NULL,NULL),(23,'新照片','','[\"http://7xiwfp.com1.z0.glb.clouddn.com/4f2fb26661ed11e584af7831c1cd33b6.jpg\"]',0,'2015-09-23 12:19:17','18612261069',0,NULL,0,NULL,0,0,0,NULL,NULL),(24,'发布了照片','','[\"http://7xiwfp.com1.z0.glb.clouddn.com/c044497d61f111e590d87831c1cd33b6.jpg\"]',0,'2015-09-23 12:51:05','18612261069',0,NULL,0,NULL,0,0,0,NULL,NULL),(25,'新照片','','[\"http://7xiwfp.com1.z0.glb.clouddn.com/70f6c2fa735d11e58f707831c1cd33b6.jpg\"]',0,'2015-10-15 16:54:48','18311286007',0,NULL,0,NULL,0,0,0,NULL,NULL),(26,'新照片','','[\"http://7xiwfp.com1.z0.glb.clouddn.com/410654e1735e11e5b4947831c1cd33b6.jpg\"]',0,'2015-10-15 17:00:36','18311286007',0,NULL,0,NULL,0,0,0,NULL,NULL),(27,'新照片','','[\"http://7xiwfp.com1.z0.glb.clouddn.com/4c615a8a735e11e580e17831c1cd33b6.jpg\"]',0,'2015-10-15 17:00:56','18311286007',0,NULL,0,NULL,0,0,0,NULL,NULL),(28,'新照片','','[\"http://7xiwfp.com1.z0.glb.clouddn.com/30e59d40742411e584237831c1cd33b6.jpg\"]',0,'2015-10-16 16:37:30','18311286007',0,NULL,0,NULL,0,0,0,NULL,NULL),(29,'新照片','','[\"http://7xiwfp.com1.z0.glb.clouddn.com/ca77c52b756a11e5a5637831c1cd33b6.jpg\"]',0,'2015-10-18 07:35:24','18311286007',0,NULL,0,NULL,0,0,0,NULL,NULL),(30,'新照片','','[\"http://7xiwfp.com1.z0.glb.clouddn.com/8a4b9a2e7d4811e5ada700163e00701b.jpg\"]',0,'2015-10-28 07:50:22','18311286007',0,NULL,0,NULL,0,0,0,NULL,NULL),(31,'新照片','','[\"http://7xiwfp.com1.z0.glb.clouddn.com/94c6d5c27d4811e587ae00163e00701b.jpg\"]',0,'2015-10-28 07:50:39','18311286007',0,NULL,0,NULL,0,0,0,NULL,NULL),(32,'新照片','','[\"http://7xiwfp.com1.z0.glb.clouddn.com/0040c8b0821911e5ae217831c1cd33b6.jpg\"]',0,'2015-11-03 10:52:40','18612261069',0,NULL,0,NULL,0,0,0,NULL,NULL),(33,'新照片','','[\"http://7xiwfp.com1.z0.glb.clouddn.com/ba5890a1823211e5b9197831c1cd33b6.jpg\"]',0,'2015-11-03 13:56:50','18311286007',0,NULL,0,NULL,0,0,0,NULL,NULL),(34,'新照片','','[\"http://7xiwfp.com1.z0.glb.clouddn.com/ae7caf97836d11e5b7747831c1cd33b6.jpg\"]',0,'2015-11-05 03:31:21','18612261069',0,NULL,0,NULL,0,0,0,NULL,NULL),(35,'新照片','','[\"http://7xiwfp.com1.z0.glb.clouddn.com/9de95cb0845511e5990300163e00701b.jpg\"]',0,'2015-11-06 07:11:36','18311286007',0,NULL,0,NULL,0,0,0,NULL,NULL),(36,'新照片','','[\"http://7xiwfp.com1.z0.glb.clouddn.com/749c0d98846011e59b1b00163e00701b.jpg\"]',0,'2015-11-06 08:29:11','18910107363',0,NULL,0,NULL,0,0,0,NULL,NULL),(37,'新照片','','[\"http://7xiwfp.com1.z0.glb.clouddn.com/5bcb6b64846111e5809300163e00701b.jpg\"]',0,'2015-11-06 08:35:39','18910107363',0,NULL,0,NULL,0,0,0,NULL,NULL),(38,'新照片','','[\"https://dn-o2fit.qbox.me/6aa995f884b011e590b200163e00701b.jpg\"]',0,'2015-11-06 18:01:34','18612261069',0,NULL,0,NULL,0,0,0,NULL,NULL),(39,'新照片','','[\"https://dn-o2fit.qbox.me/a8b167d4850c11e590b200163e00701b.jpg\"]',0,'2015-11-07 05:01:52','18311286007',0,NULL,0,NULL,0,0,0,NULL,NULL),(40,'新照片','','[\"https://dn-o2fit.qbox.me/8c82f964850d11e590b200163e00701b.jpg\"]',0,'2015-11-07 05:08:14','18311286007',0,NULL,0,NULL,0,0,0,NULL,NULL),(41,'新照片','','[\"https://dn-o2fit.qbox.me/9790dfd8850d11e590b200163e00701b.jpg\"]',0,'2015-11-07 05:10:54','18311286007',0,NULL,0,NULL,0,0,0,NULL,NULL),(42,'新照片','','[\"https://dn-o2fit.qbox.me/a3f75378850e11e590b200163e00701b.jpg\"]',0,'2015-11-07 05:16:10','18311286007',0,NULL,0,NULL,0,0,0,NULL,NULL),(43,'新照片','','[\"http://7xiwfp.com1.z0.glb.clouddn.com/b8ad4aec850f11e590b200163e00701b.jpg\"]',0,'2015-11-07 05:23:55','18311286007',0,NULL,0,NULL,0,0,0,NULL,NULL),(44,'新照片','','[\"http://7xiwfp.com1.z0.glb.clouddn.com/d6e1827c851311e590b200163e00701b.jpg\"]',0,'2015-11-07 05:53:21','18311286007',0,NULL,0,NULL,0,0,0,NULL,NULL),(45,'新照片','','[\"https://dn-o2fit.qbox.me/135a8492851411e590b200163e00701b.jpg\"]',0,'2015-11-07 05:55:03','18311286007',0,NULL,0,NULL,0,0,0,NULL,NULL),(46,'新照片','','[\"https://dn-o2fit.qbox.me/0159cf04851511e590b200163e00701b.jpg\"]',0,'2015-11-07 06:01:45','18311286007',0,NULL,0,NULL,0,0,0,NULL,NULL),(47,'新照片','','[\"https://dn-o2fit.qbox.me/477a5440851511e591d100163e00701b.jpg\"]',0,'2015-11-07 06:03:40','18311286007',0,NULL,0,NULL,0,0,0,NULL,NULL),(48,'新照片','','[\"https://dn-o2fit.qbox.me/2f8f0910851611e590b200163e00701b.jpg\"]',0,'2015-11-07 06:10:09','18311286007',0,NULL,0,NULL,0,0,0,NULL,NULL),(49,'新照片','','[\"https://dn-o2fit.qbox.me/92d031d6851911e591d100163e00701b.jpg\"]',0,'2015-11-07 06:34:26','18311286007',0,NULL,0,NULL,0,0,0,NULL,NULL),(50,'新照片','','[\"https://dn-o2fit.qbox.me/dd60e878852111e590b200163e00701b.jpg\"]',0,'2015-11-07 07:33:40','18311286007',0,NULL,0,NULL,0,0,0,NULL,NULL),(51,'新照片','','[\"https://dn-o2fit.qbox.me/50785962894c11e5ba7400163e00701b.jpg\"]',0,'2015-11-12 14:47:38','18311286007',0,NULL,0,NULL,0,0,0,NULL,NULL),(52,'新照片','','[\"https://dn-o2fit.qbox.me/ce6f60dc95fd11e5a31400163e00701b.jpg\"]',0,'2015-11-28 18:28:23','18612261069',0,NULL,0,NULL,0,0,0,NULL,NULL),(53,'新照片','','[\"https://dn-o2fit.qbox.me/14f45f9296fa11e58f0f00163e00701b.jpg\"]',0,'2015-11-30 00:34:15','18612290728',0,NULL,0,NULL,0,0,0,NULL,NULL),(54,'新照片','','[\"https://dn-o2fit.qbox.me/1d14bf5297d411e58f0f00163e00701b.jpg\"]',0,'2015-12-01 02:34:58','13811746955',0,NULL,0,NULL,0,0,0,NULL,NULL),(55,'新照片','','[\"https://dn-o2fit.qbox.me/cba7d6e69b5611e5b7a200163e00701b.jpg\"]',0,'2015-12-05 13:48:01','18910978597',0,NULL,0,NULL,0,0,0,NULL,NULL),(56,'新照片','','[\"https://dn-o2fit.qbox.me/f5b01b109b5611e5b7a200163e00701b.jpg\"]',0,'2015-12-05 13:49:10','18910978597',0,NULL,0,NULL,0,0,0,NULL,NULL),(57,'新照片','','[\"https://dn-o2fit.qbox.me/1114330a9b5711e5b7a200163e00701b.jpg\"]',0,'2015-12-05 13:49:57','18910978597',0,NULL,0,NULL,0,0,0,NULL,NULL),(58,'新照片','','[\"https://dn-o2fit.qbox.me/2be90cfa9b5711e5b7a200163e00701b.jpg\"]',0,'2015-12-05 13:50:42','18910978597',0,NULL,0,NULL,0,0,0,NULL,NULL),(59,'新照片','','[\"https://dn-o2fit.qbox.me/69329e3ea2bc11e5b7a200163e00701b.jpg\"]',0,'2015-12-14 23:43:01','13505758345',0,NULL,0,NULL,0,0,0,NULL,NULL),(60,'新照片','','[\"https://dn-o2fit.qbox.me/40bbd848a55611e5b7a200163e00701b.jpg\"]',0,'2015-12-18 07:09:19','13611059727',0,NULL,0,NULL,0,0,0,NULL,NULL),(61,'新照片','','[\"https://dn-o2fit.qbox.me/464a8070a55611e5b7a200163e00701b.jpg\"]',0,'2015-12-18 07:09:30','13611059727',0,NULL,0,NULL,0,0,0,NULL,NULL),(62,'新照片','','[\"https://dn-o2fit.qbox.me/59cf6626a55911e5b7a200163e00701b.jpg\"]',0,'2015-12-18 07:31:30','18611126091',0,NULL,0,NULL,0,0,0,NULL,NULL),(63,'新照片','','[\"https://dn-o2fit.qbox.me/b8fc21c4a56911e5b7a200163e00701b.jpg\"]',0,'2015-12-18 09:28:41','18514569443',0,NULL,0,NULL,0,0,0,NULL,NULL),(64,'新照片','','[\"https://dn-o2fit.qbox.me/c2d8f24ea56911e5b7a200163e00701b.jpg\"]',0,'2015-12-18 09:28:58','18514569443',0,NULL,0,NULL,0,0,0,NULL,NULL),(65,'新照片','','[\"https://dn-o2fit.qbox.me/cd560e82a56911e5b7a200163e00701b.jpg\"]',0,'2015-12-18 09:29:14','18514569443',0,NULL,0,NULL,0,0,0,NULL,NULL),(66,'新照片','','[\"https://dn-o2fit.qbox.me/d62ad9f2a56911e5b7a200163e00701b.jpg\"]',0,'2015-12-18 09:29:31','18514569443',0,NULL,0,NULL,0,0,0,NULL,NULL),(67,'新照片','','[\"https://dn-o2fit.qbox.me/dff2887ca56911e5b7a200163e00701b.jpg\"]',0,'2015-12-18 09:29:49','18514569443',0,NULL,0,NULL,0,0,0,NULL,NULL),(68,'新照片','','[\"https://dn-o2fit.qbox.me/023fa50ea56a11e5b7a200163e00701b.jpg\"]',0,'2015-12-18 09:30:48','18514569443',0,NULL,0,NULL,0,0,0,NULL,NULL),(69,'新照片','','[\"https://dn-o2fit.qbox.me/218dbe64a56a11e5b7a200163e00701b.jpg\"]',0,'2015-12-18 09:31:41','18514569443',0,NULL,0,NULL,0,0,0,NULL,NULL),(70,'新照片','','[\"https://dn-o2fit.qbox.me/46206fbaa56a11e5b7a200163e00701b.jpg\"]',0,'2015-12-18 09:32:41','18514569443',0,NULL,0,NULL,0,0,0,NULL,NULL),(71,'新照片','','[\"https://dn-o2fit.qbox.me/3b83cef8a56a11e5b7a200163e00701b.jpg\"]',0,'2015-12-18 09:32:45','18514569443',0,NULL,0,NULL,0,0,0,NULL,NULL);
/*!40000 ALTER TABLE `weibo_weibo` ENABLE KEYS */;
UNLOCK TABLES;
/*!40103 SET TIME_ZONE=@OLD_TIME_ZONE */;

/*!40101 SET SQL_MODE=@OLD_SQL_MODE */;
/*!40014 SET FOREIGN_KEY_CHECKS=@OLD_FOREIGN_KEY_CHECKS */;
/*!40014 SET UNIQUE_CHECKS=@OLD_UNIQUE_CHECKS */;
/*!40101 SET CHARACTER_SET_CLIENT=@OLD_CHARACTER_SET_CLIENT */;
/*!40101 SET CHARACTER_SET_RESULTS=@OLD_CHARACTER_SET_RESULTS */;
/*!40101 SET COLLATION_CONNECTION=@OLD_COLLATION_CONNECTION */;
/*!40111 SET SQL_NOTES=@OLD_SQL_NOTES */;

-- Dump completed on 2016-02-25 15:11:34
